cliente_id,cpf,nome,data_nascimento,email,telefone,cidade,estado,segmento,status_cliente,data_cadastro,updated_at
1,043.169.825-24,Arthur Borges,1984-01-29,ravi-luccamontenegro@example.net,+55 17 8386-3794,Teixeira,SE,VAREJO,ATIVO,2019-07-06T22:34:27,2019-07-06T22:34:27
2,654.192.038-98,Luiz Henrique Ferreira,1951-06-06,caio78@example.org,49 1849-5931,Ribeiro,ES,EMPRESARIAL,ATIVO,2024-07-03T02:10:27,2024-07-03T02:10:27
3,139.826.507-12,Sr. João Felipe Sampaio,1993-03-03,pereiraluigi@example.net,+55 95 2764-8350,Andrade,SE,ALTA_RENDA,ATIVO,2021-01-10T03:27:28,2021-01-10T03:27:28
4,413.952.867-28,Natália Casa Grande,1962-01-11,joao-lucas38@example.net,11 9696-5328,Borges de Sá,AL,VAREJO,ATIVO,2021-12-23T10:08:33,2021-12-23T10:08:33
5,296.403.781-78,Isis Novaes,1999-02-28,rodriguesian@example.net,0900 451 4627,Silveira,SC,VAREJO,ATIVO,2019-07-01T17:09:35,2019-07-01T17:09:35
6,281.659.703-21,Vitor Hugo Vasconcelos,1958-06-27,peixotoayla@example.com,+55 15 1543-0391,Siqueira,PR,ALTA_RENDA,ATIVO,2022-10-28T07:32:01,2022-10-28T07:32:01
7,829.534.167-73,Vitor Hugo Sá,1996-02-04,ana-liviaguerra@example.net,48 7871-3315,Pastor,PI,VAREJO,ATIVO,2019-02-26T01:59:12,2019-02-26T01:59:12
8,301.568.742-53,Sr. Théo da Costa,1956-03-22,maria-vitoria38@example.org,86 3763-1165,Jesus dos Dourados,SC,COOPERADO,ATIVO,2023-07-28T06:24:11,2023-07-28T06:24:11
9,106.528.947-20,Melissa Carvalho,1944-04-01,rcirino@example.com,+55 96 1781-0801,Cavalcante,PA,EMPRESARIAL,ATIVO,2024-04-17T02:49:38,2024-04-17T02:49:38
10,360.197.582-30,Otávio Sampaio,1973-08-11,mcassiano@example.com,+55 87 0980-5009,Montenegro de Moura,CE,VAREJO,ATIVO,2022-08-29T13:48:47,2022-08-29T13:48:47
11,129.407.358-32,Ana Cecília Pinto,1944-06-07,leaorebeca@example.com,+55 99 3534-6247,Sá de Minas,AC,ALTA_RENDA,ATIVO,2022-11-19T19:33:54,2022-11-19T19:33:54
12,918.476.205-58,Joaquim Freitas,1971-10-01,levi78@example.net,22 9808-4124,Caldeira,SC,EMPRESARIAL,ATIVO,2023-11-06T22:07:06,2023-11-06T22:07:06
13,493.521.678-64,Benjamim Borges,1978-03-18,cda-mota@example.org,35 2427-8680,Barbosa,RR,ALTA_RENDA,INATIVO,2019-11-21T00:09:50,2019-11-21T00:09:50
14,805.461.392-05,Luiz Otávio Vieira,2002-01-28,fogacaotto@example.net,+55 96 1586-9232,Jesus,AC,EMPRESARIAL,ATIVO,2019-11-01T03:25:15,2019-11-01T03:25:15
15,563.210.749-34,Guilherme Marques,1952-10-08,ana-laura33@example.org,+55 81 6541-4586,Alves do Campo,GO,COOPERADO,ATIVO,2024-10-30T11:21:18,2024-10-30T11:21:18
16,401.932.678-96,Esther da Cunha,1952-09-18,santosluiza@example.org,99 8356-1595,Silveira,MA,EMPRESARIAL,ATIVO,2023-07-03T21:02:09,2023-07-03T21:02:09
17,659.824.103-06,Maria Helena Rocha,1975-01-27,ana-juliaguerra@example.net,+55 11 4436-9957,Macedo de Rocha,DF,VAREJO,ATIVO,2021-03-12T23:03:49,2021-03-12T23:03:49
18,214.756.903-80,Luana Câmara,1975-05-08,juanalves@example.org,+55 95 7917-6936,Guerra de da Cruz,BA,VAREJO,BLOQUEADO,2022-08-04T04:26:48,2022-08-04T04:26:48
19,016.874.392-22,Rafael Carvalho,1985-03-17,hrios@example.net,31 7986-8727,da Luz de Sá,ES,COOPERADO,ATIVO,2024-05-31T09:58:16,2024-05-31T09:58:16
20,487.512.306-07,João Gabriel Farias,1997-09-18,valentina12@example.org,+55 92 6231-6658,Leão de Araújo,DF,EMPRESARIAL,ATIVO,2023-12-28T04:36:38,2023-12-28T04:36:38
21,609.382.417-96,Ísis Pereira,1997-03-29,mariahcamara@example.com,73 7065-6272,Gonçalves,RJ,EMPRESARIAL,ATIVO,2022-02-20T09:17:57,2022-02-20T09:17:57
22,016.837.942-22,Sr. Rafael Duarte,1978-12-21,gabrielly46@example.com,+55 38 7080-5310,da Cruz,DF,VAREJO,ATIVO,2024-03-15T21:58:22,2024-03-15T21:58:22
23,923.170.658-68,Sr. Danilo Vasconcelos,1997-09-03,ana-liviacaldeira@example.net,+55 17 4966-3193,Sampaio,SP,ALTA_RENDA,ATIVO,2018-09-27T08:46:19,2018-09-27T08:46:19
24,910.243.678-78,Otto Mendonça,1961-01-31,lopeseloa@example.net,82 2628-4987,Lopes de Siqueira,RJ,VAREJO,ATIVO,2025-10-18T19:35:13,2025-10-18T19:35:13
25,314.986.750-93,Lunna Cirino,1958-10-30,wcunha@example.com,38 4948-0831,Silveira,PA,VAREJO,ATIVO,2021-04-22T09:53:56,2021-04-22T09:53:56
26,378.905.241-88,Srta. Lorena Ribeiro,1973-10-23,maria-julia88@example.com,68 8557-4443,Silveira,DF,COOPERADO,ATIVO,2023-04-15T22:03:58,2023-04-15T22:03:58
27,823.157.946-09,Gael da Rocha,1962-01-13,eloahcavalcanti@example.com,+55 14 8240-0842,Caldeira de Albuquerque,RJ,EMPRESARIAL,ATIVO,2019-08-01T11:46:31,2019-08-01T11:46:31
28,795.102.384-14,Rebeca Barbosa,1959-11-30,cassianokaique@example.net,22 1318-6999,Vasconcelos,PE,EMPRESARIAL,ATIVO,2022-07-23T09:54:02,2022-07-23T09:54:02
29,746.285.093-10,Heitor da Luz,1966-06-13,castrorhavi@example.org,+55 37 2067-9740,da Paz,RR,EMPRESARIAL,ATIVO,2022-05-25T17:55:14,2022-05-25T17:55:14
30,713.254.890-50,Heloisa Ramos,1959-10-21,vitorcasa-grande@example.org,+55 32 2499-4717,Sampaio das Flores,GO,VAREJO,ATIVO,2024-07-18T03:40:44,2024-07-18T03:40:44
31,791.403.268-96,Caleb da Conceição,1974-08-15,teixeiravitor-gabriel@example.net,+55 22 2787-4296,Borges de Melo,MS,ALTA_RENDA,ATIVO,2023-02-27T17:04:17,2023-02-27T17:04:17
32,512.739.648-37,Ana Carolina Marques,1968-05-08,diasthiago@example.com,+55 49 6808-7603,Pinto do Amparo,RS,ALTA_RENDA,ATIVO,2021-05-26T14:24:11,2021-05-26T14:24:11
33,034.712.865-35,Arthur Pires,1970-08-23,liamdas-neves@example.net,+55 14 8613-1712,Silva de da Rocha,PE,COOPERADO,ATIVO,2025-01-11T06:07:47,2025-01-11T06:07:47
34,678.134.950-39,Sophia Souza,1988-07-26,davi-miguelda-mota@example.com,38 8404-4997,Machado,PI,ALTA_RENDA,ATIVO,2020-11-21T13:09:56,2020-11-21T13:09:56
35,586.321.497-09,Noah Aparecida,1973-07-10,maria-julia66@example.net,+55 65 7028-9517,Moura,PB,VAREJO,ATIVO,2021-07-02T07:26:03,2021-07-02T07:26:03
36,269.037.451-06,Anna Liz Farias,1941-08-10,odias@example.net,89 8091-3431,Brito do Campo,PB,VAREJO,ATIVO,2024-09-16T14:26:38,2024-09-16T14:26:38
37,408.276.913-78,Joaquim Moura,1951-11-20,rnunes@example.org,+55 71 2196-9379,da Conceição,PB,COOPERADO,ATIVO,2024-06-20T05:36:18,2024-06-20T05:36:18
38,740.632.195-34,Dr. Otávio Sales,1983-12-22,maria-alice43@example.com,88 1369-5944,Ribeiro,MG,ALTA_RENDA,INATIVO,2020-09-22T03:03:03,2020-09-22T03:03:03
39,907.621.583-95,Isis Rocha,1959-03-30,gaelpires@example.net,+55 22 4709-5214,Souza das Pedras,CE,EMPRESARIAL,ATIVO,2018-08-20T04:57:21,2018-08-20T04:57:21
40,854.612.397-73,Ravi Lucca Barbosa,1954-03-24,raelrocha@example.net,61 8516-0481,Freitas de Rocha,SC,COOPERADO,ATIVO,2019-09-09T15:40:35,2019-09-09T15:40:35
41,965.071.384-01,Hellena Ramos,1986-04-26,portomaria-fernanda@example.net,22 6120-0471,da Costa,PI,COOPERADO,ATIVO,2020-10-17T13:17:57,2020-10-17T13:17:57
42,756.481.320-26,Maria Luísa da Mota,1949-10-17,salesester@example.org,75 7351-5850,da Mota do Oeste,AM,ALTA_RENDA,ATIVO,2021-11-14T12:39:40,2021-11-14T12:39:40
43,713.564.098-57,Davi Lucas Viana,2005-02-21,davi-miguelteixeira@example.net,+55 85 9335-2904,Cardoso,PI,EMPRESARIAL,ATIVO,2025-10-11T19:03:54,2025-10-11T19:03:54
44,210.879.643-69,Erick da Luz,1957-08-15,cardosolaura@example.net,+55 49 1775-8917,Pimenta,AL,COOPERADO,ATIVO,2025-05-10T22:38:02,2025-05-10T22:38:02
45,847.506.312-80,Bianca Mendonça,1990-01-19,fbarbosa@example.com,+55 64 1249-9856,Marques do Galho,RN,COOPERADO,ATIVO,2025-03-24T10:45:54,2025-03-24T10:45:54
46,183.769.542-37,Maria Vitória Siqueira,1969-11-02,diasleticia@example.com,+55 98 5271-1116,Souza,SC,ALTA_RENDA,ATIVO,2019-05-30T04:24:34,2019-05-30T04:24:34
47,280.465.937-29,Maria Rios,1965-12-03,dsilveira@example.com,27 5198-3273,Ferreira,PI,VAREJO,ATIVO,2025-06-21T03:01:59,2025-06-21T03:01:59
48,436.795.021-25,Fernando da Mata,1965-07-29,camila50@example.org,+55 63 9612-0183,Leão dos Dourados,MT,VAREJO,ATIVO,2019-07-17T23:35:51,2019-07-17T23:35:51
49,451.078.623-90,Pedro Miguel Ribeiro,1951-04-11,mmendonca@example.com,66 4381-5614,Moura de Rios,MA,ALTA_RENDA,ATIVO,2021-09-17T18:17:10,2021-09-17T18:17:10
50,608.129.435-89,Sr. André Monteiro,1943-08-27,icavalcanti@example.com,0800 388 5160,Almeida dos Dourados,AP,COOPERADO,ATIVO,2020-06-10T04:10:27,2020-06-10T04:10:27
51,968.573.201-95,Luan Cavalcante,1999-03-25,xsales@example.org,73 1369-6816,Souza Alegre,ES,COOPERADO,ATIVO,2021-03-24T16:37:12,2021-03-24T16:37:12
52,218.467.950-01,Cauã Casa Grande,1963-03-25,miguel29@example.org,+55 37 2779-9799,Pires Alegre,BA,COOPERADO,ATIVO,2025-03-11T16:22:00,2025-03-11T16:22:00
53,794.628.013-04,Ravi Machado,1970-06-28,araujoemilly@example.com,+55 37 1998-6798,Machado,SE,VAREJO,ATIVO,2019-02-23T04:55:13,2019-02-23T04:55:13
54,357.410.968-75,Srta. Sofia Ramos,1979-06-19,brunoda-cruz@example.net,74 7889-2554,Jesus Alegre,RO,VAREJO,ATIVO,2024-02-10T05:39:05,2024-02-10T05:39:05
55,519.043.286-60,Sr. Diego Ferreira,1981-04-01,heloisa29@example.net,+55 41 4865-2816,Almeida da Praia,MA,EMPRESARIAL,ATIVO,2019-01-04T17:47:00,2019-01-04T17:47:00
56,573.169.048-01,Ágatha Sousa,1952-10-30,ribeirobarbara@example.net,+55 55 9622-2927,Jesus,MS,EMPRESARIAL,ATIVO,2020-05-21T12:29:25,2020-05-21T12:29:25
57,374.659.120-16,Ravy Correia,1986-08-04,lunna74@example.com,94 8623-9240,Freitas de Novaes,AM,COOPERADO,ATIVO,2024-09-07T17:19:28,2024-09-07T17:19:28
58,814.092.376-13,Ayla Câmara,1988-12-21,bferreira@example.com,+55 28 6853-6153,Dias,AM,VAREJO,INATIVO,2025-10-05T03:25:38,2025-10-05T03:25:38
59,528.073.194-32,Alana Barros,1997-09-01,da-cunhapedro@example.org,0500 614 3410,Leão,RS,EMPRESARIAL,BLOQUEADO,2024-08-23T13:20:27,2024-08-23T13:20:27
60,718.634.025-35,Srta. Lavínia Lima,1994-08-03,pimentaclarice@example.org,66 2185-1888,Gomes,PR,ALTA_RENDA,ATIVO,2023-11-12T01:14:58,2023-11-12T01:14:58
61,654.802.913-51,Dra. Bella Vargas,1943-07-12,joao-felipe05@example.net,37 2772-2170,Costa do Norte,SE,VAREJO,ATIVO,2023-12-22T00:10:38,2023-12-22T00:10:38
62,054.736.819-48,Esther da Paz,1954-02-19,calebe54@example.org,47 6676-5277,Moreira Paulista,SE,EMPRESARIAL,ATIVO,2026-02-06T02:26:46,2026-02-06T02:26:46
63,619.487.250-02,Luan Ribeiro,1946-03-09,ana-laura79@example.net,69 2757-0596,Porto do Norte,AP,ALTA_RENDA,ATIVO,2024-10-01T00:14:26,2024-10-01T00:14:26
64,652.014.397-99,Isaac Vasconcelos,1986-03-28,eloa69@example.org,+55 66 7557-1928,Gonçalves Alegre,RS,ALTA_RENDA,ATIVO,2023-12-27T17:30:28,2023-12-27T17:30:28
65,102.346.897-22,Sra. Hadassa Pimenta,1959-07-12,mariane31@example.org,+55 35 7271-5518,da Rosa da Serra,RR,VAREJO,ATIVO,2020-09-08T13:31:17,2020-09-08T13:31:17
66,253.018.476-35,Dr. Ravi Lucca Novaes,1988-11-06,erickazevedo@example.com,61 7866-9125,Machado,PB,COOPERADO,ATIVO,2026-06-15T03:27:03,2026-06-15T03:27:03
67,528.613.047-07,Enzo Castro,1986-11-05,rael58@example.com,+55 38 4384-2498,Montenegro,RS,EMPRESARIAL,ATIVO,2022-12-19T10:17:11,2022-12-19T10:17:11
68,928.546.730-00,Bruno Aparecida,1952-01-15,otto96@example.net,+55 18 7844-7364,Barbosa de Sales,AL,EMPRESARIAL,ATIVO,2023-08-07T17:33:49,2023-08-07T17:33:49
69,678.124.935-55,Sra. Maria Liz Cardoso,1951-04-28,olivia81@example.com,+55 94 7147-3210,Gomes das Pedras,ES,ALTA_RENDA,ATIVO,2022-04-21T20:29:22,2022-04-21T20:29:22
70,258.163.479-00,Alícia Borges,2006-01-27,dmontenegro@example.org,+55 87 9500-4797,Nascimento do Sul,AM,VAREJO,ATIVO,2025-12-04T11:07:52,2025-12-04T11:07:52
71,456.203.879-92,Dr. Brayan Gomes,1969-11-20,jteixeira@example.com,+55 51 2165-5852,Pereira,PE,COOPERADO,ATIVO,2019-09-15T04:02:26,2019-09-15T04:02:26
72,098.152.346-33,Théo Carvalho,1967-11-17,antonella26@example.net,21 9588-8794,Almeida de Freitas,MT,ALTA_RENDA,ATIVO,2022-10-26T17:38:21,2022-10-26T17:38:21
73,640.832.197-69,Pietra Cavalcante,1986-06-01,rcasa-grande@example.org,+55 19 9130-7562,Sales do Oeste,PA,COOPERADO,INATIVO,2019-07-01T13:50:17,2019-07-01T13:50:17
74,970.514.623-34,Pietra Moura,1974-09-17,ldias@example.com,0800 585 4973,da Mota,PI,ALTA_RENDA,ATIVO,2025-02-26T19:15:02,2025-02-26T19:15:02
75,493.567.218-82,Kamilly da Paz,1960-11-16,oliveirayasmin@example.com,61 5240-4157,Souza do Amparo,DF,COOPERADO,INATIVO,2020-06-23T16:25:44,2020-06-23T16:25:44
76,849.107.652-20,Vitória Câmara,1954-04-25,cauabrito@example.com,34 7120-8267,Rezende de Costa,SP,ALTA_RENDA,ATIVO,2025-08-10T09:40:53,2025-08-10T09:40:53
77,540.678.129-49,Oliver Cavalcanti,2006-02-27,goncalvesmaya@example.org,18 0049-9154,Ramos de Nogueira,PE,COOPERADO,BLOQUEADO,2021-01-03T11:40:13,2021-01-03T11:40:13
78,287.910.645-11,Jade Silva,1974-03-05,arthursousa@example.com,19 9329-6685,Guerra,RO,EMPRESARIAL,ATIVO,2026-02-16T21:09:23,2026-02-16T21:09:23
79,275.109.386-86,Lucas da Rosa,1947-01-20,da-luzeloah@example.net,+55 93 0174-2684,Porto,MA,COOPERADO,ATIVO,2020-02-20T03:24:45,2020-02-20T03:24:45
80,392.816.754-55,Helena Teixeira,1965-07-29,enricomoura@example.com,0500 519 1088,Oliveira,PI,ALTA_RENDA,ATIVO,2023-10-17T14:55:22,2023-10-17T14:55:22
81,587.091.364-01,Rafael Cardoso,1950-10-05,kmarques@example.org,83 4064-0391,Lima,MS,VAREJO,ATIVO,2019-12-19T05:54:26,2019-12-19T05:54:26
82,801.392.654-06,Mariah Freitas,1988-03-23,ymachado@example.com,+55 38 8251-2868,Siqueira,ES,ALTA_RENDA,ATIVO,2019-02-09T03:24:41,2019-02-09T03:24:41
83,047.568.321-80,Josué Marques,1997-05-16,leonardo43@example.net,+55 48 0690-3311,Machado,RN,VAREJO,ATIVO,2018-08-05T20:06:54,2018-08-05T20:06:54
84,039.861.472-50,Lavínia da Conceição,1986-04-18,aurora34@example.org,99 3644-0892,Novais do Amparo,AL,VAREJO,ATIVO,2024-07-19T01:57:08,2024-07-19T01:57:08
85,685.739.142-46,Vitor Gabriel Melo,2006-09-23,raelda-rosa@example.net,+55 63 7086-6882,da Cruz Paulista,DF,VAREJO,ATIVO,2021-06-30T02:33:30,2021-06-30T02:33:30
86,175.049.682-85,Ana Cecília Barbosa,1963-01-14,pedro-henriquemendes@example.org,35 4033-1739,Gonçalves,ES,VAREJO,ATIVO,2024-01-25T07:00:41,2024-01-25T07:00:41
87,467.952.813-37,Sara Martins,1978-02-18,silveiramaria-isis@example.com,+55 84 5560-9320,Novaes Verde,RJ,EMPRESARIAL,ATIVO,2021-04-20T06:28:51,2021-04-20T06:28:51
88,423.817.596-46,Samuel Silveira,1989-07-23,kmarques@example.net,43 2287-2808,Barbosa,TO,ALTA_RENDA,ATIVO,2022-02-12T10:00:20,2022-02-12T10:00:20
89,062.851.973-77,Henrique Montenegro,1986-01-13,dfreitas@example.net,88 7008-8600,Nascimento da Mata,AC,COOPERADO,ATIVO,2018-12-23T18:37:23,2018-12-23T18:37:23
90,621.047.593-07,Dr. Miguel Barros,1974-09-27,jade79@example.org,+55 89 4101-6668,Araújo de Porto,AC,COOPERADO,ATIVO,2025-06-25T10:31:28,2025-06-25T10:31:28
91,176.524.083-26,Heitor Sales,1988-05-23,cda-mata@example.org,15 8902-5039,Sá,TO,ALTA_RENDA,ATIVO,2020-01-09T12:24:48,2020-01-09T12:24:48
92,614.879.325-37,Cecilia Vieira,1989-01-23,montenegrocecilia@example.org,+55 45 6315-9996,Alves Paulista,SE,COOPERADO,ATIVO,2025-07-19T12:02:47,2025-07-19T12:02:47
93,735.489.126-64,Juan da Cruz,2008-02-09,barrosvitor-gabriel@example.org,51 2655-1104,Fonseca de Teixeira,GO,COOPERADO,ATIVO,2022-05-25T20:35:06,2022-05-25T20:35:06
94,126.345.708-80,Luiz Gustavo Novaes,1947-07-09,peixotoaylla@example.com,+55 14 4661-8398,Rodrigues,MG,VAREJO,ATIVO,2019-09-10T17:33:58,2019-09-10T17:33:58
95,498.310.562-05,Letícia Mendes,1952-02-05,fonsecatheodoro@example.org,92 9937-1240,Farias das Flores,SE,VAREJO,ATIVO,2019-09-30T09:47:35,2019-09-30T09:47:35
96,756.984.132-82,Gabriela Mendes,1999-03-28,luiz-gustavo65@example.com,91 9356-4651,Pastor,PI,EMPRESARIAL,ATIVO,2021-05-14T21:32:20,2021-05-14T21:32:20
97,807.513.249-14,Sara Carvalho,1952-10-22,rodrigo42@example.net,68 6179-7968,Nogueira do Norte,SE,VAREJO,ATIVO,2024-05-13T01:18:21,2024-05-13T01:18:21
98,819.672.540-01,Maria Liz Sá,2006-06-19,lorena10@example.org,+55 99 3888-9937,Gonçalves dos Dourados,SP,ALTA_RENDA,ATIVO,2021-08-16T01:35:22,2021-08-16T01:35:22
99,825.036.914-98,Diego Ferreira,1986-10-22,caroline73@example.net,88 5717-7514,Santos,AM,ALTA_RENDA,ATIVO,2023-07-28T17:34:33,2023-07-28T17:34:33
100,512.984.670-20,Dr. Ravi da Conceição,1942-02-06,lpires@example.org,71 6093-7966,Santos,DF,EMPRESARIAL,ATIVO,2025-10-15T08:34:43,2025-10-15T08:34:43
101,192.768.304-13,Rebeca Moura,1954-07-26,hellena96@example.net,+55 49 5579-2499,Rocha,BA,VAREJO,ATIVO,2020-12-06T20:01:20,2020-12-06T20:01:20
102,341.726.980-69,Maria Isis Lima,1961-11-16,mariahporto@example.net,+55 73 8274-2257,Fogaça,AC,VAREJO,ATIVO,2019-07-27T05:31:47,2019-07-27T05:31:47
103,367.958.421-00,Eloah Barros,1973-07-17,vieirapedro-lucas@example.com,+55 19 4384-2797,Oliveira,AM,VAREJO,INATIVO,2019-09-23T05:53:38,2019-09-23T05:53:38
104,850.693.147-93,Dra. Isadora da Rosa,1958-10-17,machadovinicius@example.com,+55 42 7133-9596,Pimenta,BA,ALTA_RENDA,ATIVO,2025-02-27T05:44:39,2025-02-27T05:44:39
105,305.426.197-25,João Felipe Moraes,1993-12-21,carvalhojuliana@example.org,14 2232-5367,Oliveira,RS,COOPERADO,ATIVO,2020-04-27T23:48:21,2020-04-27T23:48:21
106,697.058.321-02,Sra. Mirella Mendonça,1958-11-07,andre17@example.net,44 1863-6374,da Paz Alegre,PI,COOPERADO,INATIVO,2023-11-27T14:14:41,2023-11-27T14:14:41
107,975.806.421-58,Davi Castro,1979-11-22,amarques@example.com,+55 83 2424-1541,Rios da Serra,AL,ALTA_RENDA,ATIVO,2019-09-04T18:56:26,2019-09-04T18:56:26
108,436.507.981-66,Davi Lucca Pastor,1967-07-15,rafaelarodrigues@example.com,+55 13 0516-2713,Borges do Campo,AM,COOPERADO,ATIVO,2023-11-20T17:33:49,2023-11-20T17:33:49
109,426.715.083-44,Eloah Macedo,1961-11-20,paulo26@example.net,75 3112-1965,Dias Grande,ES,COOPERADO,ATIVO,2021-09-10T00:30:48,2021-09-10T00:30:48
110,134.650.278-17,Sra. Laís Ramos,1959-05-31,vianarhavi@example.com,53 1379-1805,Cardoso das Flores,TO,COOPERADO,ATIVO,2024-01-18T19:31:17,2024-01-18T19:31:17
111,582.630.479-00,João Cunha,1979-03-30,araujoisabella@example.net,17 8666-1889,da Mota,AP,EMPRESARIAL,ATIVO,2022-02-22T14:59:14,2022-02-22T14:59:14
112,832.479.015-23,Srta. Ana Laura da Cruz,1961-08-26,lopesigor@example.com,+55 31 4210-2027,Moreira do Galho,SE,VAREJO,ATIVO,2019-03-28T13:24:08,2019-03-28T13:24:08
113,425.178.036-17,Júlia Moura,1996-07-14,da-luzeduardo@example.com,81 8507-9252,Vargas do Campo,RJ,VAREJO,ATIVO,2024-09-11T09:18:01,2024-09-11T09:18:01
114,130.769.542-61,Clarice Cavalcanti,1986-06-09,novaeslarissa@example.org,32 3654-1951,Cavalcanti,ES,VAREJO,ATIVO,2024-09-17T15:23:23,2024-09-17T15:23:23
115,061.325.497-06,Léo Costa,1995-04-19,ana-julia93@example.com,47 9738-3206,da Conceição,PI,COOPERADO,ATIVO,2022-12-14T12:02:02,2022-12-14T12:02:02
116,059.683.274-56,Isabela Leão,1964-02-20,jaraujo@example.net,15 1038-6571,Montenegro,BA,ALTA_RENDA,ATIVO,2023-12-22T20:23:17,2023-12-22T20:23:17
117,610.358.492-24,Dr. Luan Dias,1983-12-05,oda-mata@example.org,+55 83 2912-1277,Jesus do Campo,PI,VAREJO,ATIVO,2025-07-16T13:59:33,2025-07-16T13:59:33
118,374.920.861-13,Dra. Ana Cecília Cunha,1964-12-11,juan13@example.com,61 8044-2067,Brito,PB,VAREJO,ATIVO,2025-02-12T09:35:56,2025-02-12T09:35:56
119,210.785.439-41,Antonella Pacheco,1947-07-01,dom01@example.org,75 2151-0702,Silveira das Flores,PR,ALTA_RENDA,ATIVO,2025-05-27T16:00:50,2025-05-27T16:00:50
120,625.198.470-85,Joaquim Ramos,1942-07-27,melina68@example.com,+55 32 1462-6383,Garcia,SE,ALTA_RENDA,ATIVO,2021-10-27T03:30:11,2021-10-27T03:30:11
121,789.245.613-91,Apollo Dias,1989-02-08,bentovasconcelos@example.com,+55 31 7859-3213,da Mata,PI,VAREJO,ATIVO,2021-08-14T18:28:03,2021-08-14T18:28:03
122,036.215.478-35,Dra. Maria Alice Pastor,1996-02-10,santosclarice@example.net,+55 63 9378-4270,Araújo,ES,COOPERADO,ATIVO,2025-04-18T08:03:00,2025-04-18T08:03:00
123,087.924.163-22,Srta. Luna Araújo,1981-07-04,casa-grandejoao-miguel@example.org,0300 515 6915,Duarte Grande,CE,EMPRESARIAL,INATIVO,2020-06-04T20:42:18,2020-06-04T20:42:18
124,752.846.903-38,Lorena Siqueira,1990-05-26,jose-miguel20@example.net,55 9029-5939,Monteiro,BA,ALTA_RENDA,ATIVO,2022-04-13T08:23:43,2022-04-13T08:23:43
125,135.290.674-07,Gustavo Henrique da Cruz,1963-02-06,ferreiratheo@example.org,+55 11 0676-2676,Nogueira das Flores,AM,EMPRESARIAL,ATIVO,2024-11-26T17:57:17,2024-11-26T17:57:17
126,932.805.741-88,Cauã Barbosa,1996-12-18,luigi62@example.net,+55 37 8159-9706,Pereira,PA,COOPERADO,ATIVO,2022-08-23T18:26:15,2022-08-23T18:26:15
127,153.974.286-55,Isaac Brito,1951-04-03,goncalvesisis@example.com,+55 66 0506-1497,Brito,AC,EMPRESARIAL,ATIVO,2019-01-08T10:32:00,2019-01-08T10:32:00
128,417.602.389-96,Julia Borges,1954-08-24,xcirino@example.com,47 2704-7743,Nunes do Norte,BA,VAREJO,ATIVO,2020-01-07T19:17:57,2020-01-07T19:17:57
129,195.643.820-33,Stephany Leão,1991-10-02,poliveira@example.com,21 1608-9899,Campos,SP,VAREJO,ATIVO,2024-06-27T21:45:57,2024-06-27T21:45:57
130,238.107.596-86,Diogo Peixoto,1971-02-13,antonella11@example.com,61 8548-7099,Camargo das Pedras,BA,ALTA_RENDA,ATIVO,2020-01-14T03:55:05,2020-01-14T03:55:05
131,918.402.673-13,Raquel Oliveira,1950-08-25,landrade@example.com,63 2996-0653,Souza,PR,ALTA_RENDA,INATIVO,2023-05-21T09:25:59,2023-05-21T09:25:59
132,509.627.418-76,Davi Luiz da Rosa,2003-03-24,uvasconcelos@example.com,66 9137-3678,Araújo do Galho,SE,VAREJO,ATIVO,2020-11-06T12:13:43,2020-11-06T12:13:43
133,486.195.032-51,Benjamin da Cruz,1951-05-20,marquescarlos-eduardo@example.com,+55 82 4578-6103,Mendonça dos Dourados,CE,EMPRESARIAL,ATIVO,2019-02-14T21:53:00,2019-02-14T21:53:00
134,785.216.093-02,Ana Julia Castro,2005-12-04,pedro-miguelramos@example.org,+55 84 4680-0722,Câmara,GO,COOPERADO,ATIVO,2025-12-20T12:52:42,2025-12-20T12:52:42
135,496.327.501-52,Vicente Pinto,1981-12-17,gpacheco@example.org,96 5899-4417,Fernandes,GO,EMPRESARIAL,ATIVO,2025-05-31T08:39:30,2025-05-31T08:39:30
136,498.167.503-84,Luiza Rodrigues,1984-02-27,benjamimrezende@example.com,19 4666-0993,Silveira de Goiás,RO,VAREJO,ATIVO,2021-05-01T05:06:17,2021-05-01T05:06:17
137,754.619.830-57,Carolina Sousa,1976-12-11,luiz-otavio51@example.org,43 3465-5494,Campos de Melo,AL,EMPRESARIAL,INATIVO,2023-12-30T05:14:19,2023-12-30T05:14:19
138,917.840.326-03,Ana Júlia Cassiano,1999-07-10,murilofernandes@example.com,82 2521-7525,Abreu,PB,VAREJO,INATIVO,2023-12-18T01:10:38,2023-12-18T01:10:38
139,297.601.384-50,Mariane Mendes,1959-03-06,cabreu@example.net,+55 83 5058-3003,Sales,MS,ALTA_RENDA,ATIVO,2020-05-06T13:48:31,2020-05-06T13:48:31
140,164.905.283-98,Dra. Valentina Fernandes,1961-10-20,irodrigues@example.com,91 5326-0332,Siqueira,AC,VAREJO,ATIVO,2019-08-30T14:54:19,2019-08-30T14:54:19
141,215.760.398-03,Ana Julia Peixoto,1980-09-09,ribeirohenrique@example.net,+55 16 0167-6184,Sampaio de Cassiano,DF,ALTA_RENDA,ATIVO,2022-11-09T21:19:59,2022-11-09T21:19:59
142,046.598.237-92,Bella Moraes,1987-11-15,da-pazian@example.org,93 3934-8356,Castro do Norte,PI,ALTA_RENDA,ATIVO,2024-05-25T13:36:36,2024-05-25T13:36:36
143,375.108.496-75,Caleb Vasconcelos,1974-05-04,silveiraguilherme@example.com,+55 92 7447-0120,Fonseca Alegre,PA,ALTA_RENDA,ATIVO,2026-04-23T10:14:16,2026-04-23T10:14:16
144,108.695.243-05,Juliana Siqueira,1990-10-27,freitascaroline@example.org,+55 49 6674-6762,Cardoso,RR,EMPRESARIAL,ATIVO,2019-07-21T03:20:12,2019-07-21T03:20:12
145,216.437.508-44,Sr. Davi Lucca Mendes,1989-12-30,acamargo@example.com,+55 24 1450-8993,Moreira do Galho,RR,EMPRESARIAL,INATIVO,2019-01-24T06:07:11,2019-01-24T06:07:11
146,163.728.950-21,Emanuel Montenegro,1988-03-28,kmonteiro@example.org,91 5354-0838,Guerra de Goiás,AP,VAREJO,ATIVO,2023-10-28T20:22:12,2023-10-28T20:22:12
147,971.635.208-59,Dra. Allana Caldeira,1971-10-21,cjesus@example.net,+55 11 1994-8837,Fonseca do Norte,TO,COOPERADO,ATIVO,2022-05-06T02:15:02,2022-05-06T02:15:02
148,759.862.304-00,Hellena Abreu,1955-09-25,daniela48@example.net,48 1027-2614,Correia,AM,VAREJO,ATIVO,2025-09-30T05:59:57,2025-09-30T05:59:57
149,637.912.058-03,Camila Vargas,2003-11-12,qmarques@example.net,95 2708-0869,Moraes de Vasconcelos,CE,ALTA_RENDA,ATIVO,2025-10-24T17:20:44,2025-10-24T17:20:44
150,291.354.867-91,Isadora da Mota,1987-08-23,sfernandes@example.com,+55 61 2698-4858,Costa,DF,EMPRESARIAL,ATIVO,2023-06-27T13:16:11,2023-06-27T13:16:11
151,452.861.730-71,Dr. Oliver Rocha,1983-01-14,lavinia08@example.org,+55 17 6200-3424,Casa Grande do Norte,RR,COOPERADO,ATIVO,2024-08-22T13:29:58,2024-08-22T13:29:58
152,380.297.165-59,Thomas Viana,1993-12-09,calebe66@example.com,28 8004-3973,Sá Verde,PI,COOPERADO,ATIVO,2021-01-28T00:24:12,2021-01-28T00:24:12
153,394.810.572-32,Ana Cecília Lima,1990-10-25,vinicius22@example.net,+55 98 0572-0259,Vasconcelos,RS,VAREJO,ATIVO,2023-09-12T16:55:18,2023-09-12T16:55:18
154,475.082.169-11,Eduarda Leão,1982-06-16,wborges@example.org,+55 86 5554-3987,Camargo,RO,ALTA_RENDA,ATIVO,2025-09-26T14:12:05,2025-09-26T14:12:05
155,390.528.716-12,Larissa Alves,1964-02-10,olivia87@example.com,+55 24 4358-1128,Pires,AP,EMPRESARIAL,ATIVO,2022-05-10T16:29:10,2022-05-10T16:29:10
156,361.749.025-52,Raul Silva,1954-11-28,breno11@example.org,+55 74 4819-3466,Pires de Guerra,PA,ALTA_RENDA,ATIVO,2024-04-07T16:56:15,2024-04-07T16:56:15
157,610.594.723-25,Srta. Maria Alice Montenegro,1962-02-04,da-rochaana-julia@example.net,+55 42 4766-0728,Carvalho,SC,VAREJO,ATIVO,2018-09-16T12:36:35,2018-09-16T12:36:35
158,842.756.093-10,Asafe Abreu,1967-03-04,jnascimento@example.org,24 3536-8222,Pimenta,TO,VAREJO,ATIVO,2025-05-05T12:38:15,2025-05-05T12:38:15
159,120.643.795-25,Carlos Eduardo Costa,1957-10-05,wfarias@example.org,+55 93 1491-3577,Pimenta da Mata,RR,ALTA_RENDA,ATIVO,2020-03-20T19:08:27,2020-03-20T19:08:27
160,958.310.246-60,Dra. Maya da Mota,1980-04-25,joao-felipe57@example.com,77 5478-1291,Carvalho da Prata,DF,VAREJO,ATIVO,2019-11-11T12:31:10,2019-11-11T12:31:10
161,190.647.325-07,Yuri da Luz,1958-06-23,xrezende@example.org,46 6394-2788,Gonçalves,MS,COOPERADO,BLOQUEADO,2024-10-21T02:10:43,2024-10-21T02:10:43
162,328.915.476-91,Sr. Henry Teixeira,1974-09-26,eda-conceicao@example.com,47 3038-5677,Aparecida,RS,ALTA_RENDA,INATIVO,2018-08-27T22:54:02,2018-08-27T22:54:02
163,849.765.132-46,Sr. Valentim da Cunha,1962-08-13,hcamara@example.com,43 5779-0827,da Conceição,AP,ALTA_RENDA,ATIVO,2019-06-11T18:08:33,2019-06-11T18:08:33
164,432.167.098-50,Luísa Silveira,1975-07-30,mendesmaria-luiza@example.com,+55 85 9260-3029,Carvalho,RS,ALTA_RENDA,ATIVO,2024-01-15T06:15:03,2024-01-15T06:15:03
165,920.186.357-86,Dra. Larissa Barros,1975-06-13,manuelapereira@example.com,88 2369-2929,Cavalcante Alegre,PB,VAREJO,ATIVO,2018-11-24T19:24:36,2018-11-24T19:24:36
166,136.890.475-01,Calebe Cavalcanti,1981-02-26,mpimenta@example.org,0800 811 7298,Vasconcelos,RO,EMPRESARIAL,ATIVO,2023-08-03T23:09:25,2023-08-03T23:09:25
167,865.904.371-57,Marcela Pastor,1984-09-28,limajoao-felipe@example.com,87 3149-8643,Santos,SC,COOPERADO,ATIVO,2022-03-27T15:51:46,2022-03-27T15:51:46
168,981.403.726-50,Maria Cecília Caldeira,1994-04-14,leticiarezende@example.net,+55 97 4869-5946,Jesus,PI,ALTA_RENDA,ATIVO,2018-08-17T03:35:31,2018-08-17T03:35:31
169,725.463.819-46,Sra. Cecilia Ribeiro,1993-11-25,souzaraul@example.com,+55 68 1386-5890,Gomes,RS,VAREJO,ATIVO,2023-04-23T08:00:51,2023-04-23T08:00:51
170,127.430.695-70,Sr. Arthur Miguel Silveira,1940-12-03,nguerra@example.net,99 4902-7703,Correia do Norte,SE,VAREJO,ATIVO,2025-05-29T03:15:17,2025-05-29T03:15:17
171,832.507.146-07,Caio da Mota,1981-05-12,qfogaca@example.com,63 9380-1184,Ferreira Paulista,ES,ALTA_RENDA,ATIVO,2022-11-28T06:20:04,2022-11-28T06:20:04
172,760.213.984-40,Laís Fernandes,1981-10-29,moraestheo@example.net,+55 97 7697-3577,Mendes,AM,COOPERADO,ATIVO,2020-03-21T09:58:39,2020-03-21T09:58:39
173,638.927.540-47,Sra. Isadora da Paz,1958-02-09,guerracaroline@example.org,+55 74 7553-9423,Sousa de Costa,ES,ALTA_RENDA,ATIVO,2019-02-20T22:20:19,2019-02-20T22:20:19
174,438.169.207-13,Bruno Rocha,1990-08-11,apimenta@example.net,+55 22 7595-7947,Teixeira,PE,ALTA_RENDA,ATIVO,2020-08-16T02:10:10,2020-08-16T02:10:10
175,320.495.781-05,Emanuella Marques,1959-08-21,sampaiorafaela@example.com,28 0036-9155,Cirino da Prata,GO,EMPRESARIAL,ATIVO,2021-12-13T05:10:24,2021-12-13T05:10:24
176,758.139.642-82,Dr. João Lucas Machado,1956-09-13,joaooliveira@example.net,+55 91 1438-6632,Melo,SE,EMPRESARIAL,ATIVO,2020-11-09T01:39:41,2020-11-09T01:39:41
177,672.954.813-46,Benicio Gonçalves,1941-03-24,salesluan@example.org,+55 87 4717-5455,Ferreira do Sul,PA,COOPERADO,ATIVO,2020-01-25T17:55:14,2020-01-25T17:55:14
178,932.675.481-28,Sra. Anna Liz Garcia,1948-10-24,maria-fernanda22@example.net,37 6996-1125,Dias,MT,EMPRESARIAL,INATIVO,2021-07-20T20:19:54,2021-07-20T20:19:54
179,469.327.810-69,Antônio Cardoso,1984-12-31,theodorosouza@example.net,+55 38 3261-1178,Alves,SP,VAREJO,ATIVO,2021-01-16T06:13:55,2021-01-16T06:13:55
180,194.780.356-57,João Miguel Macedo,1967-07-31,joaomoura@example.org,+55 18 0557-7848,Carvalho de Sampaio,PI,EMPRESARIAL,ATIVO,2023-01-09T00:06:59,2023-01-09T00:06:59
181,976.458.213-37,Heloísa Borges,1952-08-11,xdas-neves@example.com,+55 99 2400-8254,Nascimento de Albuquerque,RR,EMPRESARIAL,ATIVO,2023-08-04T16:40:29,2023-08-04T16:40:29
182,368.915.740-48,Bruno Lima,2003-04-24,pietrateixeira@example.net,13 4846-3122,Camargo dos Dourados,RN,COOPERADO,ATIVO,2022-10-01T10:12:36,2022-10-01T10:12:36
183,973.201.568-30,Cauã da Paz,1971-05-17,jose70@example.org,+55 43 2073-5647,Martins do Norte,MT,EMPRESARIAL,ATIVO,2020-11-17T12:55:08,2020-11-17T12:55:08
184,204.638.579-92,Mateus Albuquerque,1946-01-08,vargastheo@example.com,75 3037-1837,Rodrigues da Mata,MT,VAREJO,ATIVO,2025-09-27T20:29:55,2025-09-27T20:29:55
185,081.236.759-68,Helena Camargo,1951-05-11,luaraduarte@example.org,+55 69 4916-3009,Sales de Peixoto,BA,ALTA_RENDA,ATIVO,2023-12-01T19:00:52,2023-12-01T19:00:52
186,132.804.765-26,Luiz Henrique Ramos,1965-11-02,stellavieira@example.org,+55 54 7358-5730,Fogaça Grande,GO,COOPERADO,ATIVO,2025-02-13T19:55:04,2025-02-13T19:55:04
187,794.853.120-32,Marcela Duarte,2001-09-19,mda-mota@example.net,+55 68 1827-4485,Abreu de Vasconcelos,RS,ALTA_RENDA,ATIVO,2018-11-25T17:36:25,2018-11-25T17:36:25
188,205.641.938-60,Zoe Gomes,1974-12-29,sabrinarodrigues@example.com,+55 66 9456-5118,Aparecida,TO,VAREJO,INATIVO,2021-10-15T16:39:52,2021-10-15T16:39:52
189,203.871.654-44,Rebeca Moura,2004-05-19,carlos-eduardo53@example.net,+55 35 0371-7058,Freitas do Norte,TO,EMPRESARIAL,ATIVO,2019-09-02T05:47:54,2019-09-02T05:47:54
190,801.629.754-49,Igor Nascimento,1982-07-18,mcorreia@example.net,+55 96 9288-6195,Sampaio de Rios,PA,VAREJO,ATIVO,2020-10-28T21:46:41,2020-10-28T21:46:41
191,296.481.375-28,Lunna Freitas,2000-08-21,oteixeira@example.com,32 9398-3684,Machado dos Dourados,MG,EMPRESARIAL,ATIVO,2019-06-14T11:33:55,2019-06-14T11:33:55
192,049.812.753-23,Levi Almeida,1940-07-29,nina89@example.net,+55 66 1075-2245,da Conceição,GO,COOPERADO,ATIVO,2024-09-28T14:58:17,2024-09-28T14:58:17
193,163.502.789-68,Dra. Aylla Peixoto,1995-10-04,breno96@example.org,+55 31 5566-1390,Aragão da Mata,PE,EMPRESARIAL,ATIVO,2021-02-13T01:18:00,2021-02-13T01:18:00
194,825.471.603-07,Sofia Borges,1943-05-14,luanada-rocha@example.com,+55 64 2517-9086,Barros das Flores,PE,ALTA_RENDA,ATIVO,2021-04-13T03:05:40,2021-04-13T03:05:40
195,297.413.680-03,Valentina da Cruz,1970-02-17,diegoda-mata@example.com,32 9116-6553,Ferreira do Sul,SP,COOPERADO,ATIVO,2025-02-23T05:42:43,2025-02-23T05:42:43
196,572.301.486-26,Bryan Camargo,1961-04-22,da-cruzjuan@example.com,+55 14 5147-7053,Costela,PI,ALTA_RENDA,ATIVO,2020-01-02T21:42:52,2020-01-02T21:42:52
197,487.951.063-75,Enzo Gabriel Araújo,1976-03-03,murilo94@example.org,84 0164-5104,da Conceição das Flores,PE,EMPRESARIAL,ATIVO,2024-12-12T07:39:46,2024-12-12T07:39:46
198,157.648.032-17,Natália Novais,2007-01-08,aparecidathales@example.net,24 5762-0555,da Costa do Galho,GO,VAREJO,ATIVO,2024-08-07T23:21:37,2024-08-07T23:21:37
199,460.921.835-60,Cecilia Borges,1995-10-24,rmoreira@example.net,+55 91 6392-6495,Nogueira de Cardoso,DF,ALTA_RENDA,ATIVO,2019-02-03T16:54:21,2019-02-03T16:54:21
200,983.612.570-12,Eduarda Dias,1984-12-18,novaissophia@example.net,+55 51 2520-5664,Souza de Porto,SC,EMPRESARIAL,ATIVO,2019-09-29T14:08:33,2019-09-29T14:08:33
201,312.804.795-23,Isabel da Conceição,1959-03-13,fogacaemanuel@example.net,87 2897-5267,Carvalho de Castro,DF,COOPERADO,ATIVO,2019-11-10T03:52:00,2019-11-10T03:52:00
202,604.315.782-90,Rebeca Sales,1955-12-18,maria-cecilia36@example.com,+55 22 9656-9998,Moreira,AM,COOPERADO,ATIVO,2018-11-03T04:20:15,2018-11-03T04:20:15
203,036.594.827-65,João Vitor Macedo,1971-04-18,xda-rosa@example.com,83 2649-0827,Borges de Silveira,PE,ALTA_RENDA,ATIVO,2022-06-14T14:05:32,2022-06-14T14:05:32
204,982.367.504-00,Gabriela Marques,1948-04-06,da-cunhaayla@example.net,+55 68 1117-5186,Garcia,PI,EMPRESARIAL,ATIVO,2020-02-04T13:51:15,2020-02-04T13:51:15
205,259.168.047-76,Pietro da Paz,1966-06-19,isaaccardoso@example.org,+55 11 9407-7780,da Costa de Cunha,RJ,EMPRESARIAL,ATIVO,2018-12-09T11:00:08,2018-12-09T11:00:08
206,769.045.831-93,Giovanna Aragão,1985-06-10,juanaraujo@example.net,42 0209-9451,Caldeira,PA,ALTA_RENDA,ATIVO,2022-08-12T00:47:04,2022-08-12T00:47:04
207,249.358.706-56,Lorenzo Freitas,2008-03-09,wazevedo@example.com,+55 33 4721-4586,Sampaio,DF,ALTA_RENDA,ATIVO,2020-01-30T20:17:29,2020-01-30T20:17:29
208,189.354.276-91,Vinicius Oliveira,1982-03-19,jose-pedro99@example.com,99 7729-3430,Alves,PB,ALTA_RENDA,ATIVO,2019-01-22T19:41:06,2019-01-22T19:41:06
209,136.802.475-08,Guilherme Sales,1983-02-15,thomas14@example.com,95 8501-5569,Cavalcanti,DF,ALTA_RENDA,BLOQUEADO,2025-05-05T09:48:46,2025-05-05T09:48:46
210,578.601.394-48,Lívia Martins,1963-01-20,dsouza@example.net,21 9588-0395,Azevedo Grande,GO,VAREJO,ATIVO,2025-08-28T15:38:55,2025-08-28T15:38:55
211,562.483.170-62,Levi Santos,1997-10-10,da-matajulia@example.org,93 3574-3842,Freitas,SE,ALTA_RENDA,ATIVO,2018-10-30T21:34:03,2018-10-30T21:34:03
212,317.409.856-48,Valentina das Neves,1943-02-09,joao-pedro18@example.net,+55 55 3076-8104,Rodrigues,RN,COOPERADO,ATIVO,2025-03-07T13:22:58,2025-03-07T13:22:58
213,570.842.691-85,Giovanna Duarte,1999-11-23,matheusda-paz@example.com,0800 571 4224,Albuquerque,RN,ALTA_RENDA,ATIVO,2019-04-22T13:58:37,2019-04-22T13:58:37
214,135.427.968-91,Isabelly Cavalcante,1978-08-24,das-nevescamila@example.net,75 0207-0160,Lima,MG,VAREJO,ATIVO,2022-12-09T04:16:08,2022-12-09T04:16:08
215,975.261.043-99,Ravi Lucca Brito,1952-09-28,rdas-neves@example.net,84 7332-9456,Sampaio,RO,VAREJO,ATIVO,2024-07-23T09:41:50,2024-07-23T09:41:50
216,578.063.912-40,Eloá da Paz,1963-01-16,jose-miguel81@example.com,+55 47 5814-8769,da Costa de Goiás,PI,ALTA_RENDA,ATIVO,2025-04-10T16:43:50,2025-04-10T16:43:50
217,615.874.392-55,Isabela Cavalcanti,1951-05-21,sousamariah@example.org,83 5817-2461,Rodrigues,TO,COOPERADO,ATIVO,2022-09-01T17:35:20,2022-09-01T17:35:20
218,657.890.432-83,Agatha Sá,1981-02-23,kaiquemachado@example.net,18 6997-3354,Lopes da Praia,AP,ALTA_RENDA,INATIVO,2025-02-15T12:39:30,2025-02-15T12:39:30
219,986.712.053-12,Luiz Henrique Camargo,1980-03-20,bento36@example.net,55 5666-6832,Carvalho de Correia,PI,VAREJO,ATIVO,2018-08-20T06:32:34,2018-08-20T06:32:34
220,562.791.408-49,Allana Casa Grande,1966-09-26,bribeiro@example.org,+55 41 2679-6927,Novaes dos Dourados,MG,COOPERADO,ATIVO,2025-09-27T04:11:47,2025-09-27T04:11:47
221,260.431.985-33,Arthur Miguel Nunes,1964-09-28,xsantos@example.org,88 1284-7818,da Cruz,PR,EMPRESARIAL,INATIVO,2020-06-26T09:35:26,2020-06-26T09:35:26
222,184.702.596-01,Olivia Oliveira,1983-06-25,laura54@example.com,+55 69 0949-4079,Oliveira,AL,COOPERADO,ATIVO,2024-11-15T09:15:09,2024-11-15T09:15:09
223,904.381.572-14,João Lucas da Mota,1985-03-23,arthur19@example.org,+55 65 7524-3728,Fernandes,AP,COOPERADO,ATIVO,2021-01-17T11:49:25,2021-01-17T11:49:25
224,927.635.184-19,Dra. Eloah Costela,2006-05-23,caue41@example.org,+55 69 7674-7836,Melo Paulista,BA,COOPERADO,ATIVO,2019-10-19T18:20:59,2019-10-19T18:20:59
225,604.935.278-00,Vitor Porto,1976-08-29,luana94@example.com,13 4149-6739,Moreira,MT,COOPERADO,ATIVO,2025-12-19T21:44:21,2025-12-19T21:44:21
226,250.876.413-26,Bella Rodrigues,1986-09-06,oferreira@example.net,16 4300-9109,Peixoto,RS,ALTA_RENDA,ATIVO,2024-06-08T16:00:36,2024-06-08T16:00:36
227,192.354.807-79,Juan Martins,1948-11-07,portomaria@example.com,69 5421-4066,Araújo Paulista,TO,EMPRESARIAL,ATIVO,2024-08-02T23:02:02,2024-08-02T23:02:02
228,719.843.625-00,Diego Nogueira,1958-07-29,ncunha@example.net,+55 47 7410-1194,Almeida de Monteiro,BA,COOPERADO,ATIVO,2020-01-29T20:30:43,2020-01-29T20:30:43
229,096.217.348-78,Rebeca Mendes,1984-12-28,uguerra@example.org,+55 89 0671-9855,Guerra do Norte,RS,EMPRESARIAL,ATIVO,2024-01-05T11:59:11,2024-01-05T11:59:11
230,158.032.964-06,Esther da Rosa,2008-05-29,ocaldeira@example.net,44 7173-2030,Mendonça,MG,EMPRESARIAL,ATIVO,2024-01-26T10:29:35,2024-01-26T10:29:35
231,847.930.615-75,Sr. Nathan Campos,1944-11-06,rebecamarques@example.net,0900 293 1027,Melo,RN,EMPRESARIAL,ATIVO,2025-04-23T00:02:40,2025-04-23T00:02:40
232,209.587.613-02,Ana Luiza Caldeira,1943-09-06,monteiropedro-lucas@example.org,+55 83 6565-1982,Vieira do Oeste,SP,VAREJO,ATIVO,2020-08-18T00:51:00,2020-08-18T00:51:00
233,251.097.364-99,Eloah Macedo,1943-09-01,brunocarvalho@example.org,49 2071-0021,Leão do Amparo,RR,ALTA_RENDA,ATIVO,2023-08-11T16:46:10,2023-08-11T16:46:10
234,247.315.096-61,Sra. Aurora Pires,1949-03-13,cecilia60@example.net,+55 93 3181-9588,Martins,SP,ALTA_RENDA,ATIVO,2020-04-26T13:32:53,2020-04-26T13:32:53
235,340.176.985-57,Augusto Aragão,1983-03-12,alice36@example.com,35 9701-0822,Mendonça,PE,VAREJO,ATIVO,2024-03-04T12:07:27,2024-03-04T12:07:27
236,375.912.806-86,Carlos Eduardo da Costa,1948-06-17,ycosta@example.org,+55 35 7970-6239,Cavalcanti de Gomes,MS,EMPRESARIAL,ATIVO,2019-03-03T04:47:40,2019-03-03T04:47:40
237,354.126.089-06,Davi Luiz Camargo,1949-11-05,amarques@example.org,38 3492-9298,Borges,PA,COOPERADO,ATIVO,2022-06-17T04:42:37,2022-06-17T04:42:37
238,739.682.041-31,Srta. Isadora Duarte,1998-11-18,opacheco@example.net,+55 65 9060-0780,Moura das Flores,PR,COOPERADO,ATIVO,2023-01-02T03:01:40,2023-01-02T03:01:40
239,178.904.526-67,Davi Lucca Fogaça,1995-08-31,rhavi10@example.com,24 2799-0772,Cirino da Praia,RS,VAREJO,ATIVO,2025-05-09T09:37:34,2025-05-09T09:37:34
240,016.524.987-02,Vitor Hugo Oliveira,1972-02-28,enricopinto@example.com,+55 31 8501-6579,Fonseca,MS,COOPERADO,ATIVO,2024-07-20T23:52:10,2024-07-20T23:52:10
241,813.926.054-15,Dra. Giovanna Sá,1952-06-28,aurorafogaca@example.com,94 6401-5577,Melo,RR,EMPRESARIAL,ATIVO,2024-01-29T20:23:02,2024-01-29T20:23:02
242,847.920.136-31,Matteo Cavalcanti,1976-10-04,eduardo12@example.com,+55 48 2723-8046,Melo,MS,COOPERADO,ATIVO,2024-05-02T11:27:35,2024-05-02T11:27:35
243,043.961.287-03,Lunna Mendonça,1969-02-25,tmarques@example.net,+55 55 4243-7540,Fogaça,MA,COOPERADO,ATIVO,2022-05-05T01:43:55,2022-05-05T01:43:55
244,924.165.708-11,Liam Oliveira,1971-08-04,lunnada-luz@example.com,+55 77 3805-5257,Nascimento,MA,ALTA_RENDA,ATIVO,2019-12-24T22:03:26,2019-12-24T22:03:26
245,067.813.294-13,Dra. Sofia Farias,1948-10-30,maria-julia49@example.net,+55 64 9751-7028,das Neves,AC,EMPRESARIAL,ATIVO,2026-05-24T17:39:34,2026-05-24T17:39:34
246,375.026.184-90,Gael Henrique Almeida,1967-11-23,nascimentomaite@example.net,+55 42 8637-5998,Rios,MS,VAREJO,ATIVO,2023-10-26T14:54:16,2023-10-26T14:54:16
247,659.207.413-25,Aurora Cunha,1967-08-14,asousa@example.com,17 2662-9912,da Rosa,PR,COOPERADO,ATIVO,2019-10-28T16:46:35,2019-10-28T16:46:35
248,851.430.672-35,Emanuella Novais,2007-10-28,ksantos@example.org,+55 83 2648-7049,Monteiro da Prata,SC,COOPERADO,INATIVO,2025-12-11T08:32:29,2025-12-11T08:32:29
249,092.763.851-77,Emanuelly Mendonça,1972-02-07,benjamincampos@example.com,92 1959-7964,Sales de Campos,MS,VAREJO,INATIVO,2020-06-22T14:34:08,2020-06-22T14:34:08
250,904.178.632-50,Srta. Maria Alice Castro,1975-06-10,da-mataeloah@example.com,44 0448-1832,Peixoto,SP,VAREJO,ATIVO,2024-10-19T06:22:58,2024-10-19T06:22:58
251,594.286.071-85,Anthony Gabriel Carvalho,1951-12-09,esther76@example.com,+55 68 1328-3389,Leão,PB,COOPERADO,ATIVO,2023-03-11T07:15:28,2023-03-11T07:15:28
252,120.385.479-04,Stephany Teixeira,2002-11-25,luiz-felipe40@example.net,+55 51 3223-4232,Lima,RR,COOPERADO,ATIVO,2019-03-20T09:56:56,2019-03-20T09:56:56
253,190.635.742-07,Théo Pastor,1992-06-27,meloisaac@example.com,+55 24 1401-1939,Cirino,RO,EMPRESARIAL,ATIVO,2025-03-26T22:37:17,2025-03-26T22:37:17
254,124.785.960-67,Ana Lívia Brito,1964-06-26,mourapedro-henrique@example.net,+55 81 4280-1387,Sampaio Verde,CE,ALTA_RENDA,ATIVO,2018-10-24T22:50:44,2018-10-24T22:50:44
255,125.369.470-25,Sr. Ravi Lucca Camargo,1970-06-25,mayateixeira@example.com,17 8015-7164,Peixoto de Sousa,MA,EMPRESARIAL,ATIVO,2024-04-17T14:50:37,2024-04-17T14:50:37
256,736.281.049-04,Anthony Gabriel Rocha,1987-04-26,grocha@example.com,74 8112-6691,Azevedo,MS,COOPERADO,ATIVO,2025-09-20T05:21:25,2025-09-20T05:21:25
257,536.018.492-24,Maria Liz Fogaça,2006-12-04,mrios@example.com,89 8427-1147,da Conceição de Pires,BA,COOPERADO,ATIVO,2020-04-04T14:05:05,2020-04-04T14:05:05
258,017.598.324-05,Kevin Pinto,1942-08-02,teixeiraeduardo@example.net,99 7734-7784,Nogueira da Prata,AC,VAREJO,ATIVO,2019-05-31T12:05:40,2019-05-31T12:05:40
259,061.382.574-80,Arthur Gabriel Cavalcanti,2005-05-21,lucas76@example.org,27 6719-7889,Melo de Novais,CE,VAREJO,BLOQUEADO,2025-01-23T14:28:48,2025-01-23T14:28:48
260,647.839.215-55,Arthur Pastor,1975-01-16,cardosoemanuelly@example.com,+55 17 5616-5565,Ribeiro,ES,EMPRESARIAL,ATIVO,2019-01-15T05:11:21,2019-01-15T05:11:21
261,418.620.593-06,Lunna Andrade,1957-05-31,bribeiro@example.net,97 6407-9056,Duarte Verde,AM,VAREJO,ATIVO,2020-07-23T23:49:06,2020-07-23T23:49:06
262,135.842.976-64,Dr. Guilherme Monteiro,1995-07-28,nascimentopaulo@example.com,11 0496-3919,Pastor,MT,VAREJO,ATIVO,2022-09-20T07:47:09,2022-09-20T07:47:09
263,987.312.045-97,Letícia Lopes,1959-03-02,murilo66@example.com,97 7820-8297,Ribeiro,TO,ALTA_RENDA,ATIVO,2019-02-20T01:07:32,2019-02-20T01:07:32
264,746.850.132-71,Isaque Cassiano,1991-01-26,luara65@example.org,+55 84 6442-4936,Camargo,BA,VAREJO,ATIVO,2026-07-18T15:09:24,2026-07-18T15:09:24
265,347.986.520-83,Emanuel da Mata,1953-08-16,benjaminda-luz@example.com,+55 74 0700-1594,Jesus,MS,ALTA_RENDA,ATIVO,2018-10-20T02:54:03,2018-10-20T02:54:03
266,162.904.578-02,Ayla da Costa,1986-04-09,vargasana-sophia@example.com,54 3632-1234,Jesus de da Cunha,RJ,VAREJO,ATIVO,2024-02-27T14:42:22,2024-02-27T14:42:22
267,851.243.960-24,Diogo Fonseca,1944-05-15,xsilva@example.com,+55 16 9003-4864,Rodrigues do Campo,PI,ALTA_RENDA,ATIVO,2022-09-26T12:54:49,2022-09-26T12:54:49
268,760.325.981-95,Enrico Macedo,1999-07-24,joana04@example.org,91 7656-1248,Fogaça,PA,EMPRESARIAL,ATIVO,2020-07-29T11:02:21,2020-07-29T11:02:21
269,857.906.123-77,Catarina Abreu,1981-07-15,ocosta@example.com,28 9112-3829,Vieira Alegre,PB,ALTA_RENDA,ATIVO,2024-10-07T16:34:35,2024-10-07T16:34:35
270,249.587.603-00,Maria Eduarda Cirino,1973-02-11,kgarcia@example.org,+55 16 0893-1734,Aragão,MG,VAREJO,ATIVO,2025-12-29T22:26:38,2025-12-29T22:26:38
271,942.071.638-40,Sabrina Campos,1982-08-14,nicolascorreia@example.com,17 7626-3934,Leão,CE,ALTA_RENDA,INATIVO,2022-03-19T14:28:50,2022-03-19T14:28:50
272,204.917.385-79,Natália Barros,1968-05-12,melojoao-felipe@example.com,61 3669-4118,Aragão,MT,VAREJO,ATIVO,2025-04-22T03:29:30,2025-04-22T03:29:30
273,750.924.318-14,Maria Eduarda Cardoso,2003-12-03,pachecoluiz-henrique@example.com,+55 71 8757-2158,Casa Grande Paulista,AM,EMPRESARIAL,ATIVO,2020-07-24T16:10:29,2020-07-24T16:10:29
274,274.593.618-28,Luara Lopes,1961-11-18,ana-vitoriasousa@example.com,+55 65 8703-2032,Melo,GO,COOPERADO,ATIVO,2018-12-10T06:05:48,2018-12-10T06:05:48
275,761.308.249-04,Sabrina Camargo,1951-09-11,josueferreira@example.org,+55 84 4228-4993,Moura,SP,ALTA_RENDA,ATIVO,2024-07-27T09:32:03,2024-07-27T09:32:03
276,613.970.248-87,Camila Gonçalves,1979-05-29,heitor52@example.org,+55 38 7774-9050,Duarte de Siqueira,SC,ALTA_RENDA,ATIVO,2020-02-07T01:19:01,2020-02-07T01:19:01
277,923.608.457-56,Maria Helena Borges,2002-04-11,lda-cunha@example.org,62 1032-6642,da Rosa,PR,EMPRESARIAL,ATIVO,2025-05-06T08:15:00,2025-05-06T08:15:00
278,425.708.139-23,Olívia da Mata,1995-01-29,wborges@example.com,47 9266-1085,Rocha de Câmara,RS,VAREJO,ATIVO,2022-03-30T08:06:29,2022-03-30T08:06:29
279,271.935.086-95,Davi Lucas Rodrigues,1987-04-06,theo86@example.com,+55 27 8108-1866,Martins,RO,VAREJO,ATIVO,2024-08-20T05:38:47,2024-08-20T05:38:47
280,459.706.831-75,Fernando Gonçalves,1989-07-31,barroslara@example.net,21 5977-9452,Cirino,AP,COOPERADO,ATIVO,2023-05-27T05:56:06,2023-05-27T05:56:06
281,416.905.372-99,Rhavi Marques,1991-05-26,vribeiro@example.net,89 4995-6412,Albuquerque,DF,VAREJO,ATIVO,2023-09-14T18:34:28,2023-09-14T18:34:28
282,039.186.457-20,Kevin Vargas,1948-03-06,ecasa-grande@example.com,+55 16 1227-7707,Costa,MA,EMPRESARIAL,ATIVO,2025-07-04T04:07:42,2025-07-04T04:07:42
283,605.893.412-51,Ryan Guerra,1979-04-25,lmoraes@example.net,89 3080-6958,da Mata,RS,COOPERADO,ATIVO,2025-08-15T01:27:33,2025-08-15T01:27:33
284,719.452.368-09,Enrico da Paz,1968-12-13,maria-isisferreira@example.com,+55 92 8395-9724,Leão da Praia,SE,VAREJO,ATIVO,2026-02-16T12:15:20,2026-02-16T12:15:20
285,234.560.879-00,Emanuel Pereira,1972-09-14,ybrito@example.com,92 4338-0054,Rocha da Serra,CE,EMPRESARIAL,ATIVO,2025-05-14T19:11:12,2025-05-14T19:11:12
286,801.239.746-31,Joana Fernandes,1996-11-26,caleb84@example.org,97 9107-7119,Novais,AL,COOPERADO,ATIVO,2025-11-16T07:14:04,2025-11-16T07:14:04
287,213.986.745-91,Srta. Daniela Ramos,1975-02-01,bruna21@example.org,74 6037-5482,da Mata,MS,COOPERADO,ATIVO,2019-06-18T13:08:52,2019-06-18T13:08:52
288,653.147.908-66,Maria Luísa Marques,1989-03-26,bento72@example.org,98 1155-6260,Teixeira do Norte,RO,EMPRESARIAL,ATIVO,2024-12-26T06:27:58,2024-12-26T06:27:58
289,204.367.951-16,Sr. João Lucas Moura,2003-05-05,isismachado@example.net,+55 84 8997-5634,Andrade,PI,COOPERADO,ATIVO,2024-01-09T00:16:53,2024-01-09T00:16:53
290,284.107.936-87,Eduarda Almeida,1963-04-29,vieiravalentina@example.net,+55 99 3468-1054,Campos do Norte,SP,EMPRESARIAL,ATIVO,2021-11-18T17:09:13,2021-11-18T17:09:13
291,740.321.865-53,Davi Miguel Silva,1984-11-10,vmoreira@example.org,+55 46 5893-5712,Jesus de Minas,AP,ALTA_RENDA,ATIVO,2019-08-17T15:08:51,2019-08-17T15:08:51
292,273.809.641-78,Theo Porto,1944-10-17,smacedo@example.com,66 2282-7728,Sales,DF,VAREJO,ATIVO,2022-03-07T02:58:43,2022-03-07T02:58:43
293,025.943.671-25,Lavínia Aparecida,1971-07-22,isaacfreitas@example.com,48 4470-2296,das Neves,MA,COOPERADO,ATIVO,2022-08-04T17:04:37,2022-08-04T17:04:37
294,701.428.695-11,Luana Nunes,1955-03-27,yfernandes@example.com,86 9228-7772,Borges das Pedras,MG,COOPERADO,ATIVO,2020-02-14T20:20:52,2020-02-14T20:20:52
295,650.832.794-10,Luana Novais,1956-05-28,ramosenzo-gabriel@example.org,+55 28 9837-8018,Almeida,GO,COOPERADO,ATIVO,2026-03-23T00:13:00,2026-03-23T00:13:00
296,371.645.280-71,Alícia Fernandes,1994-02-06,acirino@example.org,0500 564 1118,da Paz,BA,COOPERADO,ATIVO,2020-04-25T11:03:38,2020-04-25T11:03:38
297,124.359.087-41,Apollo Silva,1952-12-29,da-rosaheloisa@example.org,31 2654-6103,Sá,RN,ALTA_RENDA,ATIVO,2020-09-27T00:39:14,2020-09-27T00:39:14
298,786.029.513-02,Rodrigo Alves,1980-06-10,oporto@example.org,12 8913-8249,Machado de Minas,RS,EMPRESARIAL,ATIVO,2020-07-29T19:11:00,2020-07-29T19:11:00
299,259.614.378-09,Alexandre Martins,1974-08-14,lucas-gabriel00@example.com,13 9465-3984,Castro,SC,EMPRESARIAL,ATIVO,2020-04-18T03:58:27,2020-04-18T03:58:27
300,149.350.726-52,Giovanna Pimenta,1976-11-27,caroline47@example.com,+55 95 5537-9502,Pereira,PR,EMPRESARIAL,ATIVO,2023-05-10T11:32:00,2023-05-10T11:32:00
301,026.453.789-00,Ana Vitória Nascimento,1940-11-08,rioslivia@example.net,+55 53 5695-6201,Freitas de Correia,PB,ALTA_RENDA,ATIVO,2026-03-26T17:44:18,2026-03-26T17:44:18
302,045.198.237-14,Thales Fonseca,1941-03-14,da-motamarina@example.net,+55 85 0361-4987,Novaes,DF,COOPERADO,ATIVO,2020-06-13T06:54:47,2020-06-13T06:54:47
303,921.470.536-43,Kamilly Correia,1985-06-19,salessophia@example.net,+55 97 8706-0566,Campos do Galho,PB,ALTA_RENDA,ATIVO,2024-11-06T11:09:15,2024-11-06T11:09:15
304,803.927.416-87,Evelyn Farias,1974-04-15,oliveirabenicio@example.net,+55 89 6133-2541,Alves,PR,COOPERADO,ATIVO,2021-08-22T02:25:18,2021-08-22T02:25:18
305,054.193.678-66,Sr. Brayan Vasconcelos,1969-12-16,gteixeira@example.net,77 9110-0651,Araújo,SE,VAREJO,ATIVO,2025-06-09T14:22:47,2025-06-09T14:22:47
306,461.058.972-94,Aylla Pinto,1970-08-20,mda-conceicao@example.net,+55 13 7676-9915,Marques,PE,ALTA_RENDA,ATIVO,2019-01-12T06:28:45,2019-01-12T06:28:45
307,318.046.725-80,Sophia da Cunha,1962-11-24,laura79@example.com,+55 77 3200-2496,das Neves Verde,PI,ALTA_RENDA,ATIVO,2023-07-26T07:40:07,2023-07-26T07:40:07
308,274.895.603-65,Isaac Montenegro,1993-05-03,limacatarina@example.org,+55 83 3153-7795,Pimenta da Mata,PA,EMPRESARIAL,ATIVO,2019-10-21T11:41:29,2019-10-21T11:41:29
309,170.398.524-97,Hadassa da Costa,1962-12-04,xsousa@example.com,49 3620-5015,Novais,AM,EMPRESARIAL,ATIVO,2019-12-12T05:36:03,2019-12-12T05:36:03
310,735.061.489-66,João Silveira,1950-04-03,camilanovaes@example.org,+55 74 3024-1026,Fernandes,DF,EMPRESARIAL,ATIVO,2021-01-13T20:03:38,2021-01-13T20:03:38
311,358.714.920-88,Diego Cardoso,1961-04-28,matheusnascimento@example.com,48 5963-0993,Vieira Grande,MT,COOPERADO,ATIVO,2022-06-12T10:08:22,2022-06-12T10:08:22
312,427.150.389-41,Thomas Gomes,1957-05-20,melina87@example.org,32 5877-7496,Costela,ES,EMPRESARIAL,ATIVO,2019-01-07T12:24:17,2019-01-07T12:24:17
313,736.128.450-71,Dr. Yan Barros,2001-06-17,enzo-gabrielda-rocha@example.com,98 5390-7895,Machado dos Dourados,PA,ALTA_RENDA,ATIVO,2020-04-16T17:56:30,2020-04-16T17:56:30
314,754.301.689-39,Ana Vitória Fogaça,1968-05-23,da-rochamelissa@example.net,+55 38 4311-1508,Farias,DF,ALTA_RENDA,ATIVO,2021-09-09T20:48:15,2021-09-09T20:48:15
315,498.157.623-46,Kaique da Paz,1986-07-03,isis69@example.net,+55 14 7826-3337,Moreira,RJ,COOPERADO,ATIVO,2021-05-13T23:08:16,2021-05-13T23:08:16
316,795.602.134-07,Pedro Lucas Machado,1994-01-18,freitasjoao-lucas@example.net,+55 54 4075-5366,Teixeira da Prata,MA,EMPRESARIAL,BLOQUEADO,2023-04-07T23:06:27,2023-04-07T23:06:27
317,092.174.368-87,Ana Luiza Nascimento,1962-10-02,ecorreia@example.org,34 9741-2182,Sales,RN,ALTA_RENDA,ATIVO,2023-07-23T15:40:17,2023-07-23T15:40:17
318,231.897.460-87,Ana Laura Freitas,1973-10-24,cavalcantebeatriz@example.com,55 2128-6716,Cardoso,DF,EMPRESARIAL,ATIVO,2018-10-17T10:21:07,2018-10-17T10:21:07
319,724.916.350-70,Diego Machado,1961-08-23,guerrathales@example.net,34 9777-9014,Ferreira de Sampaio,TO,VAREJO,ATIVO,2022-03-29T20:20:44,2022-03-29T20:20:44
320,462.315.897-73,Emilly Sampaio,1988-12-28,goncalvescaio@example.org,+55 67 4841-3768,Freitas,AP,ALTA_RENDA,ATIVO,2025-04-21T18:47:11,2025-04-21T18:47:11
321,856.312.940-60,Amanda Barbosa,1991-12-20,vgarcia@example.net,62 3600-4125,Mendonça de Martins,AP,VAREJO,ATIVO,2019-06-17T23:14:22,2019-06-17T23:14:22
322,372.981.405-23,Juan Campos,1946-03-07,ecavalcante@example.net,+55 13 4275-2308,Macedo,RR,ALTA_RENDA,ATIVO,2023-03-25T22:55:25,2023-03-25T22:55:25
323,816.523.074-35,Marcos Vinicius Vargas,1943-10-24,theofreitas@example.org,+55 83 1060-0531,Brito,SE,COOPERADO,ATIVO,2025-09-05T23:10:25,2025-09-05T23:10:25
324,290.347.815-50,Giovanna Nogueira,1997-05-30,hlima@example.org,+55 86 1552-0650,Cunha dos Dourados,ES,VAREJO,ATIVO,2025-08-18T04:01:03,2025-08-18T04:01:03
325,450.713.298-32,Vitor Gabriel Vieira,1945-01-20,theodorobrito@example.net,33 6252-5715,Pereira,RJ,COOPERADO,ATIVO,2024-02-29T06:18:29,2024-02-29T06:18:29
326,830.174.569-00,Sra. Isabelly Pinto,1971-02-10,araujojoao-guilherme@example.com,93 4326-3039,Sousa de Farias,BA,EMPRESARIAL,ATIVO,2021-10-26T00:48:20,2021-10-26T00:48:20
327,086.529.173-02,Sr. Gustavo Nogueira,1959-06-28,riostheo@example.net,+55 88 9685-2701,Azevedo de Correia,AL,VAREJO,ATIVO,2021-04-07T14:31:35,2021-04-07T14:31:35
328,321.745.608-44,Nina das Neves,1983-09-25,miguelda-cruz@example.com,+55 74 9344-9734,Barros de Fonseca,MG,COOPERADO,ATIVO,2019-10-08T18:31:08,2019-10-08T18:31:08
329,796.483.150-00,Mariane Barros,1966-04-08,stephany28@example.net,+55 73 4674-7468,Barbosa de Farias,BA,VAREJO,ATIVO,2019-12-29T06:40:13,2019-12-29T06:40:13
330,329.064.817-69,Maria Laura Souza,1989-03-18,hadassa74@example.net,+55 35 6016-9236,Vargas da Praia,PE,VAREJO,ATIVO,2022-07-22T23:34:34,2022-07-22T23:34:34
331,506.391.478-01,Sr. Diogo da Luz,1988-10-26,jrodrigues@example.com,+55 96 9920-1166,Moreira,DF,VAREJO,ATIVO,2022-09-21T03:24:46,2022-09-21T03:24:46
332,264.597.381-73,Sra. Aurora Caldeira,2000-03-05,joao-pedro43@example.net,61 4027-0116,Rezende da Mata,SC,EMPRESARIAL,ATIVO,2022-03-01T02:10:56,2022-03-01T02:10:56
333,259.816.307-95,Hadassa Cirino,1969-11-21,dantesouza@example.org,+55 81 4679-1214,Garcia,AM,ALTA_RENDA,ATIVO,2020-01-07T04:32:24,2020-01-07T04:32:24
334,503.768.491-93,Asafe Brito,1959-05-25,rebecavieira@example.org,49 9847-7596,Freitas Alegre,MT,COOPERADO,ATIVO,2019-02-10T16:52:56,2019-02-10T16:52:56
335,568.402.793-83,Maria Liz Silveira,1996-02-24,benjamimpereira@example.org,0500 435 7978,Ribeiro do Oeste,AC,ALTA_RENDA,ATIVO,2020-08-08T10:46:36,2020-08-08T10:46:36
336,509.682.371-77,Anna Liz Ferreira,2007-09-03,qmelo@example.net,+55 45 6493-2898,Cardoso,PR,COOPERADO,ATIVO,2023-12-29T11:19:05,2023-12-29T11:19:05
337,487.130.529-50,Heitor Cavalcante,1994-10-15,caldeiraluara@example.net,+55 18 2564-3471,Nascimento,RS,COOPERADO,ATIVO,2019-04-22T15:01:15,2019-04-22T15:01:15
338,153.460.297-61,Maya da Conceição,1989-12-05,valentimcamargo@example.com,+55 42 1159-3195,Dias,MG,COOPERADO,ATIVO,2022-10-01T12:14:00,2022-10-01T12:14:00
339,049.861.352-60,Sr. Vicente Ribeiro,1979-10-28,heitorgoncalves@example.org,0900 752 4377,Peixoto,MA,VAREJO,ATIVO,2024-10-31T13:42:31,2024-10-31T13:42:31
340,054.789.231-41,Helena Monteiro,1950-06-28,fernanda05@example.org,+55 85 3027-6420,Fernandes das Pedras,RO,VAREJO,INATIVO,2024-12-02T01:57:13,2024-12-02T01:57:13
341,691.452.830-60,Dra. Maria Júlia Brito,1972-10-11,aylasa@example.net,+55 28 4729-2774,Costela,DF,ALTA_RENDA,ATIVO,2021-07-12T04:47:31,2021-07-12T04:47:31
342,305.748.192-23,Eloá Araújo,1995-04-20,fogacamaria-julia@example.org,+55 28 1859-6263,Campos,ES,EMPRESARIAL,ATIVO,2024-12-06T04:34:23,2024-12-06T04:34:23
343,426.750.381-80,Pedro Miguel Freitas,1967-07-22,camposigor@example.org,+55 53 7830-9997,Sales do Campo,SE,ALTA_RENDA,ATIVO,2022-09-21T03:42:55,2022-09-21T03:42:55
344,679.241.053-52,Dra. Ester Guerra,1980-11-28,goncalvesstella@example.net,91 1898-1312,Abreu,PI,VAREJO,ATIVO,2020-02-08T16:40:06,2020-02-08T16:40:06
345,510.846.973-00,Bryan Campos,1970-12-31,emanuella82@example.com,+55 11 3408-4872,Sales de Dias,PE,COOPERADO,ATIVO,2025-05-17T03:42:05,2025-05-17T03:42:05
346,983.506.142-42,Kaique Cunha,2002-07-17,pedropastor@example.com,15 2961-8446,Guerra,PB,COOPERADO,ATIVO,2021-07-24T00:53:01,2021-07-24T00:53:01
347,623.058.147-71,Sophia Pereira,1946-03-25,larissacassiano@example.com,73 6093-1418,Rodrigues,PI,ALTA_RENDA,ATIVO,2020-09-22T18:07:00,2020-09-22T18:07:00
348,519.268.430-70,Marcos Vinicius Câmara,1968-03-30,ycaldeira@example.org,+55 73 8497-1859,Novaes Paulista,RN,EMPRESARIAL,ATIVO,2019-02-15T23:24:51,2019-02-15T23:24:51
349,025.631.874-35,Carolina da Luz,1947-04-22,rodriguesolivia@example.net,+55 66 2269-4053,Santos dos Dourados,CE,COOPERADO,ATIVO,2026-03-11T14:15:02,2026-03-11T14:15:02
350,784.239.150-50,Nicolas Vargas,1970-06-08,fernando11@example.net,+55 94 1290-1487,Lima,RO,ALTA_RENDA,INATIVO,2021-07-29T21:23:11,2021-07-29T21:23:11
351,278.456.013-90,Esther Souza,1975-03-07,silvalais@example.net,0800 538 9097,Rocha,SP,ALTA_RENDA,ATIVO,2026-07-01T00:59:56,2026-07-01T00:59:56
352,321.874.605-17,Maria Helena Cavalcante,1976-03-10,henry-gabriel53@example.net,+55 51 4474-4309,Cunha da Mata,RS,ALTA_RENDA,ATIVO,2026-04-03T01:14:15,2026-04-03T01:14:15
353,078.926.315-77,Sr. André Ferreira,1975-08-24,isadorafogaca@example.org,+55 45 6731-8826,Mendonça,AC,EMPRESARIAL,ATIVO,2025-08-03T11:49:26,2025-08-03T11:49:26
354,437.825.910-97,Juliana Caldeira,1951-02-26,cribeiro@example.org,+55 62 5605-3134,Carvalho,MG,VAREJO,ATIVO,2025-02-09T15:17:58,2025-02-09T15:17:58
355,502.913.786-68,Sabrina Rodrigues,1969-03-20,ayllasa@example.com,94 6211-0225,Vargas,RO,EMPRESARIAL,ATIVO,2024-11-22T08:07:14,2024-11-22T08:07:14
356,560.382.417-44,Isadora Pinto,1956-08-28,ninacirino@example.org,15 1436-3718,Correia,RJ,EMPRESARIAL,ATIVO,2019-01-03T17:29:56,2019-01-03T17:29:56
357,231.780.945-04,Allana Pimenta,1983-05-12,fernandoaragao@example.com,64 8433-5670,Ramos do Norte,MA,COOPERADO,ATIVO,2023-12-18T07:10:35,2023-12-18T07:10:35
358,549.731.206-34,Alexandre Aragão,1948-01-20,otavio47@example.com,+55 45 6247-5541,Rios,AC,COOPERADO,INATIVO,2020-11-08T13:34:17,2020-11-08T13:34:17
359,258.794.601-85,Matheus Borges,1987-01-15,cardosoisaque@example.org,+55 79 3711-8954,Teixeira de Costa,PI,COOPERADO,ATIVO,2023-04-05T07:56:55,2023-04-05T07:56:55
360,023.748.516-80,Bárbara Lopes,1989-08-11,mendeslarissa@example.net,94 0294-2409,Vieira,RR,VAREJO,ATIVO,2019-11-15T11:46:08,2019-11-15T11:46:08
361,671.834.529-64,Júlia Costela,1953-07-04,andrecastro@example.net,+55 87 9087-8844,da Rocha,RR,EMPRESARIAL,ATIVO,2024-11-12T08:51:21,2024-11-12T08:51:21
362,123.049.867-22,Davi Luiz da Mata,1958-11-01,ramostheo@example.org,0800 105 9551,Silveira Grande,PA,VAREJO,ATIVO,2023-04-06T12:29:04,2023-04-06T12:29:04
363,450.872.193-14,José Miguel Almeida,2001-09-11,silveiragiovanna@example.net,+55 98 9837-3543,Cassiano dos Dourados,ES,VAREJO,BLOQUEADO,2023-10-07T20:31:59,2023-10-07T20:31:59
364,652.309.148-15,Gabriel Nunes,1990-03-24,lsiqueira@example.net,16 0422-6931,Barbosa,PA,EMPRESARIAL,ATIVO,2024-09-28T12:56:47,2024-09-28T12:56:47
365,612.504.987-67,Daniel Albuquerque,1957-04-02,cardosotheo@example.org,12 2900-1851,Carvalho,PR,ALTA_RENDA,ATIVO,2022-06-08T18:11:17,2022-06-08T18:11:17
366,724.831.905-88,Ísis Campos,1992-04-04,aparecidagustavo@example.net,19 1862-0303,Gomes Grande,MS,COOPERADO,INATIVO,2023-05-09T18:21:26,2023-05-09T18:21:26
367,361.970.548-84,Sr. Lucas Gabriel Campos,1985-02-28,enzo-gabriel09@example.org,+55 74 6859-2624,Ferreira do Campo,GO,ALTA_RENDA,BLOQUEADO,2021-01-02T05:55:52,2021-01-02T05:55:52
368,541.607.839-10,Melissa Silveira,2002-11-30,hazevedo@example.net,69 4215-2265,Monteiro das Pedras,PR,COOPERADO,ATIVO,2022-10-24T03:57:50,2022-10-24T03:57:50
369,952.681.347-28,Yasmin Monteiro,1987-10-02,hadassabarros@example.net,67 8931-3503,Fonseca,PI,COOPERADO,INATIVO,2022-02-01T03:03:19,2022-02-01T03:03:19
370,105.296.387-03,Gustavo Henrique Câmara,1972-10-24,souzajoao-guilherme@example.org,+55 63 6065-0191,Peixoto de Castro,AC,COOPERADO,ATIVO,2019-09-14T02:31:10,2019-09-14T02:31:10
371,213.064.759-61,Cecilia Souza,1950-07-23,maria-isis65@example.com,+55 14 4120-0928,Albuquerque,MG,EMPRESARIAL,ATIVO,2021-09-02T19:42:39,2021-09-02T19:42:39
372,784.962.130-13,Caleb Moreira,1997-03-24,vcardoso@example.org,62 9036-2891,Mendes de Dias,RS,VAREJO,ATIVO,2022-03-03T04:34:53,2022-03-03T04:34:53
373,620.983.147-87,Breno Fonseca,1984-03-30,benjamin34@example.org,+55 47 1390-4383,da Costa,GO,EMPRESARIAL,ATIVO,2022-01-04T15:33:49,2022-01-04T15:33:49
374,907.862.513-95,Dr. Miguel Montenegro,1946-05-08,ana-vitoriasa@example.com,44 2156-8182,Pastor,SE,COOPERADO,ATIVO,2023-06-01T08:33:47,2023-06-01T08:33:47
375,904.163.827-03,Srta. Helena Rodrigues,1966-07-26,lorenzomontenegro@example.net,99 5725-4596,Silva,SP,COOPERADO,ATIVO,2022-08-15T21:19:24,2022-08-15T21:19:24
376,391.748.052-23,Yan Viana,1987-01-12,monteirogabriel@example.com,28 2421-4955,Barbosa,CE,VAREJO,ATIVO,2021-11-11T09:14:03,2021-11-11T09:14:03
377,749.231.068-40,Luiz Otávio da Paz,1988-12-03,njesus@example.net,+55 55 7589-5516,da Luz de Rodrigues,AL,EMPRESARIAL,ATIVO,2025-02-17T09:11:02,2025-02-17T09:11:02
378,039.172.856-30,Henry Gabriel Gomes,1982-10-18,frios@example.com,84 7871-1216,Costa das Flores,MT,VAREJO,BLOQUEADO,2024-01-16T11:18:55,2024-01-16T11:18:55
379,573.968.012-30,Yago Cassiano,1944-12-13,ocasa-grande@example.org,31 9096-0567,Aragão,DF,COOPERADO,ATIVO,2021-04-06T19:36:06,2021-04-06T19:36:06
380,648.510.973-01,Anna Liz da Rosa,1999-08-19,hleao@example.org,+55 99 2016-5423,Leão do Amparo,PR,VAREJO,ATIVO,2018-10-05T07:51:43,2018-10-05T07:51:43
381,265.743.098-83,Diogo Duarte,1977-01-02,arthur27@example.org,93 5164-8072,Porto de Pacheco,AM,COOPERADO,ATIVO,2024-06-04T04:03:07,2024-06-04T04:03:07
382,362.491.705-61,Alice Freitas,1943-01-17,arthur-gabriel44@example.net,+55 53 7766-5586,Camargo da Serra,PB,ALTA_RENDA,ATIVO,2020-06-04T06:49:22,2020-06-04T06:49:22
383,289.435.761-37,Larissa Sampaio,1969-09-18,borgesgustavo-henrique@example.org,+55 15 9617-9817,Rios,MA,COOPERADO,ATIVO,2021-09-27T07:04:56,2021-09-27T07:04:56
384,397.480.156-10,Dr. Noah Ramos,1998-07-10,xabreu@example.org,95 4444-6306,Albuquerque,AC,VAREJO,ATIVO,2022-02-21T22:23:00,2022-02-21T22:23:00
385,589.214.307-41,Matteo Aragão,1951-01-01,ocardoso@example.com,+55 73 6582-6312,Pires,RJ,ALTA_RENDA,INATIVO,2025-04-16T01:50:07,2025-04-16T01:50:07
386,482.710.935-41,Eduardo Alves,1993-12-07,oliveiragiovanna@example.org,+55 55 7523-3438,Silveira,SP,COOPERADO,ATIVO,2021-11-24T23:40:26,2021-11-24T23:40:26
387,640.271.593-06,Raul Peixoto,1995-06-27,caldeirajoao-miguel@example.com,11 2117-5361,Vieira de Almeida,PA,COOPERADO,ATIVO,2025-04-02T05:07:47,2025-04-02T05:07:47
388,136.827.904-03,Felipe Ribeiro,1945-07-27,camposcaroline@example.com,88 9980-2841,Pereira,AC,ALTA_RENDA,ATIVO,2022-09-14T14:29:10,2022-09-14T14:29:10
389,892.170.643-78,Henry Barros,1977-01-13,vitor-gabrielda-mota@example.com,+55 83 1584-7768,Correia Paulista,CE,EMPRESARIAL,ATIVO,2018-10-05T14:58:42,2018-10-05T14:58:42
390,461.982.703-78,Melissa Lima,1954-01-11,antonella91@example.net,53 6395-5172,Moraes,GO,COOPERADO,ATIVO,2024-05-29T15:50:41,2024-05-29T15:50:41
391,485.307.162-80,Luiz Henrique da Cruz,1980-07-01,cunhaesther@example.com,+55 64 5105-0537,da Conceição da Prata,AP,VAREJO,ATIVO,2022-01-19T06:38:49,2022-01-19T06:38:49
392,938.042.651-89,Maya Dias,1966-10-20,miguel30@example.com,93 0461-1729,Pastor das Flores,ES,VAREJO,ATIVO,2020-12-23T04:56:21,2020-12-23T04:56:21
393,408.321.675-17,Sr. Bernardo Melo,1979-10-15,leaoana-julia@example.com,31 5618-5790,da Rosa dos Dourados,PR,ALTA_RENDA,ATIVO,2018-09-30T03:02:12,2018-09-30T03:02:12
394,159.076.432-34,Dr. Henry Gabriel Cavalcante,1998-04-25,correiaemilly@example.net,+55 12 0401-0414,Sales das Flores,GO,EMPRESARIAL,ATIVO,2024-01-07T20:47:41,2024-01-07T20:47:41
395,271.896.354-91,Camila Moreira,1988-02-09,maria-lizribeiro@example.com,15 5731-4415,Ribeiro,RS,EMPRESARIAL,ATIVO,2020-01-06T06:29:47,2020-01-06T06:29:47
396,318.907.526-30,Maria Isis Correia,1990-08-07,vcaldeira@example.org,0500 854 7281,Câmara,MS,COOPERADO,BLOQUEADO,2025-11-05T02:56:02,2025-11-05T02:56:02
397,983.671.042-69,Leandro Oliveira,1966-10-20,casa-grandemaria-eduarda@example.org,+55 48 3072-4078,Fogaça de da Luz,AM,ALTA_RENDA,ATIVO,2022-05-31T16:53:41,2022-05-31T16:53:41
398,156.973.428-37,Pedro Lucas da Mata,2003-08-22,gael-henrique06@example.net,68 3436-2948,Moreira de Lopes,AM,ALTA_RENDA,ATIVO,2023-03-31T18:47:16,2023-03-31T18:47:16
399,319.065.247-34,Beatriz da Mota,1986-12-01,jadegoncalves@example.com,+55 45 3473-2354,Siqueira do Sul,AM,ALTA_RENDA,ATIVO,2018-12-27T23:48:44,2018-12-27T23:48:44
400,974.651.830-57,Francisco Farias,1953-02-27,acasa-grande@example.net,86 6502-4120,Melo Verde,AC,EMPRESARIAL,ATIVO,2022-11-05T13:25:59,2022-11-05T13:25:59
401,371.064.259-07,Calebe Brito,1973-10-16,bruna77@example.net,42 8474-5705,Santos Alegre,PE,COOPERADO,ATIVO,2025-12-29T01:01:16,2025-12-29T01:01:16
402,971.254.038-32,Diego Fogaça,1993-04-08,palves@example.net,71 5313-6148,Moura de Cavalcanti,GO,EMPRESARIAL,ATIVO,2024-03-18T19:51:37,2024-03-18T19:51:37
403,596.432.708-74,Stephany Sampaio,2002-07-06,joaquim67@example.net,41 4107-2728,Pinto da Prata,RO,EMPRESARIAL,ATIVO,2024-05-04T19:59:08,2024-05-04T19:59:08
404,741.620.385-62,Davi Aragão,1951-08-18,adas-neves@example.com,43 0042-5488,Borges,RR,COOPERADO,ATIVO,2021-02-23T10:35:04,2021-02-23T10:35:04
405,361.270.954-25,Maria Isis Lima,1958-12-25,qbrito@example.com,27 2965-9234,Leão,PI,COOPERADO,ATIVO,2019-10-12T05:27:15,2019-10-12T05:27:15
406,419.753.862-64,Davi Miguel Moura,1954-02-21,usales@example.net,44 7567-6670,Vargas,PA,EMPRESARIAL,ATIVO,2021-02-15T09:57:27,2021-02-15T09:57:27
407,243.869.157-37,Matteo Cardoso,1946-07-31,arios@example.com,98 7010-4159,da Rocha,RJ,COOPERADO,ATIVO,2024-12-29T09:52:13,2024-12-29T09:52:13
408,501.946.823-15,Cecília Novais,1973-04-29,ocarvalho@example.net,+55 66 4407-9311,Cassiano,RN,EMPRESARIAL,ATIVO,2024-06-09T15:28:00,2024-06-09T15:28:00
409,813.907.526-40,Ana Laura Campos,2000-06-10,jade72@example.org,+55 99 9791-6202,Souza,RO,ALTA_RENDA,ATIVO,2019-08-06T02:06:29,2019-08-06T02:06:29
410,893.762.450-83,Sabrina Freitas,1956-12-10,heloisa61@example.com,66 6204-7196,Pacheco,MA,ALTA_RENDA,ATIVO,2020-01-07T15:04:16,2020-01-07T15:04:16
411,970.213.458-79,Luiz Henrique Montenegro,1942-11-19,ceciliasantos@example.net,54 8122-5957,da Mota,SE,COOPERADO,ATIVO,2024-01-20T07:56:25,2024-01-20T07:56:25
412,461.853.970-48,Sofia Vasconcelos,1992-06-16,jose-pedro59@example.net,42 9961-0023,Rios,AM,COOPERADO,ATIVO,2024-03-01T18:16:01,2024-03-01T18:16:01
413,753.681.094-66,Ana Luiza Araújo,1974-07-20,ian01@example.com,48 9025-1762,Costa,GO,COOPERADO,ATIVO,2026-07-06T14:39:25,2026-07-06T14:39:25
414,438.517.602-71,Aylla Costela,1973-12-25,carvalhoanthony@example.com,64 9815-2873,Oliveira,TO,ALTA_RENDA,ATIVO,2022-04-15T08:35:59,2022-04-15T08:35:59
415,592.603.471-06,Bruno Cardoso,1972-10-19,guilherme17@example.org,+55 28 9850-3446,Azevedo da Serra,MA,VAREJO,ATIVO,2022-10-29T03:13:54,2022-10-29T03:13:54
416,934.870.521-05,Arthur Andrade,1945-08-26,laura43@example.com,+55 32 2385-0371,Ferreira,AP,EMPRESARIAL,ATIVO,2023-02-10T10:39:18,2023-02-10T10:39:18
417,917.820.436-40,Heloisa Rezende,2005-03-16,lorena74@example.org,+55 16 0038-9608,Aragão de Gomes,SP,COOPERADO,ATIVO,2022-02-08T06:14:41,2022-02-08T06:14:41
418,268.410.375-53,Sr. Luigi Lopes,1966-03-27,da-costaravi@example.org,+55 13 3689-0030,Araújo,BA,COOPERADO,ATIVO,2024-06-24T16:55:57,2024-06-24T16:55:57
419,405.291.687-58,Camila Ribeiro,1970-05-29,barbosatheodoro@example.net,+55 84 7537-4584,Moura,GO,ALTA_RENDA,ATIVO,2020-02-07T03:09:13,2020-02-07T03:09:13
420,891.023.476-87,Davi Miguel Moreira,1962-04-06,ana-laurasousa@example.net,+55 85 1520-3771,Monteiro,TO,ALTA_RENDA,ATIVO,2024-07-01T22:45:21,2024-07-01T22:45:21
421,469.805.231-98,Allana Garcia,1942-11-11,cmacedo@example.org,+55 84 6268-0408,Alves Alegre,TO,EMPRESARIAL,ATIVO,2020-11-11T20:03:01,2020-11-11T20:03:01
422,930.254.817-14,Yuri Gomes,2002-04-25,sophie76@example.net,98 4267-3204,Barros de Goiás,SP,COOPERADO,ATIVO,2020-10-18T16:59:14,2020-10-18T16:59:14
423,560.429.831-05,Alice Campos,1977-07-02,aurora42@example.com,83 0707-0578,Jesus,AL,EMPRESARIAL,ATIVO,2021-01-30T03:25:57,2021-01-30T03:25:57
424,145.039.287-32,Carolina da Conceição,1980-01-02,juanpinto@example.net,+55 27 3102-8795,Novaes,RR,COOPERADO,INATIVO,2026-07-20T21:41:02,2026-07-20T21:41:02
425,490.528.763-47,Sr. Breno Montenegro,1956-01-28,gcamargo@example.org,+55 93 3595-6164,Alves,MT,COOPERADO,ATIVO,2019-01-30T23:39:49,2019-01-30T23:39:49
426,596.823.740-65,Léo Aparecida,1981-11-13,kaique90@example.org,+55 86 5889-5369,Ribeiro,SC,VAREJO,ATIVO,2025-04-08T18:55:46,2025-04-08T18:55:46
427,193.465.720-43,Ana Júlia Pereira,1950-10-11,hribeiro@example.net,74 5439-4353,da Conceição dos Dourados,MT,ALTA_RENDA,ATIVO,2021-10-22T01:13:56,2021-10-22T01:13:56
428,376.208.514-53,Heloísa Machado,1991-06-24,kda-conceicao@example.org,0900 369 2944,Dias do Campo,AP,EMPRESARIAL,BLOQUEADO,2019-07-19T15:14:13,2019-07-19T15:14:13
429,827.516.309-95,Otto da Luz,1968-05-12,gsouza@example.org,+55 19 6021-2886,Fogaça Grande,MG,VAREJO,ATIVO,2022-02-23T02:50:51,2022-02-23T02:50:51
430,341.268.059-15,Luiz Gustavo Machado,1987-12-28,cpires@example.net,73 4722-9812,Pastor,RJ,VAREJO,ATIVO,2023-04-21T09:38:33,2023-04-21T09:38:33
431,765.314.208-71,Thales Fernandes,1965-09-25,nunesrafaela@example.net,96 6456-5220,Lopes,PE,VAREJO,ATIVO,2024-04-18T19:16:56,2024-04-18T19:16:56
432,951.267.048-85,Maysa Câmara,1959-07-02,aliciada-luz@example.net,+55 47 3421-3882,Peixoto,AL,EMPRESARIAL,INATIVO,2023-06-16T22:30:43,2023-06-16T22:30:43
433,893.076.241-78,Mariane Siqueira,2005-11-18,imoreira@example.com,19 1176-7412,Siqueira do Campo,MS,VAREJO,ATIVO,2026-02-21T04:23:25,2026-02-21T04:23:25
434,315.842.760-53,Dra. Luara Andrade,1995-04-02,tbrito@example.net,31 3800-3296,Rocha,DF,VAREJO,ATIVO,2019-03-28T16:47:46,2019-03-28T16:47:46
435,279.538.104-41,Hadassa Abreu,1958-08-13,fazevedo@example.net,+55 85 2064-9693,Mendes do Galho,RO,EMPRESARIAL,ATIVO,2022-07-25T15:28:24,2022-07-25T15:28:24
436,439.586.721-91,Rafaela da Rocha,2005-07-04,camarahenry-gabriel@example.com,67 7536-1275,Ferreira,RR,ALTA_RENDA,ATIVO,2020-02-05T11:41:50,2020-02-05T11:41:50
437,278.431.069-87,Helena Viana,1967-08-27,jaraujo@example.com,+55 99 5667-6640,Mendonça de Goiás,MT,ALTA_RENDA,ATIVO,2024-07-23T20:13:36,2024-07-23T20:13:36
438,047.318.529-60,Brenda Pimenta,1983-11-11,jose-pedro98@example.org,+55 16 6155-8108,Fonseca,PI,VAREJO,ATIVO,2025-07-12T02:44:40,2025-07-12T02:44:40
439,863.219.450-05,Isadora Albuquerque,1954-01-25,almeidasara@example.org,94 6702-4403,Andrade,GO,COOPERADO,ATIVO,2019-11-25T19:22:03,2019-11-25T19:22:03
440,692.857.034-29,Maria Vitória Almeida,1991-08-06,souzavitoria@example.net,+55 65 1963-9456,da Rosa,GO,ALTA_RENDA,ATIVO,2019-08-14T04:36:18,2019-08-14T04:36:18
441,147.326.089-22,Lara Mendes,1971-10-17,sophie83@example.com,+55 15 7658-1739,Gonçalves,SP,ALTA_RENDA,ATIVO,2020-04-15T17:03:07,2020-04-15T17:03:07
442,571.926.840-58,Enzo Gabriel Costela,1956-05-11,ppastor@example.org,+55 63 6978-9307,Jesus da Mata,SC,EMPRESARIAL,ATIVO,2022-05-15T02:13:23,2022-05-15T02:13:23
443,205.746.381-80,Srta. Rebeca Nogueira,1963-07-22,pdias@example.org,32 7788-1161,Cardoso do Sul,CE,VAREJO,ATIVO,2025-08-30T04:47:28,2025-08-30T04:47:28
444,123.705.694-25,Valentina Mendonça,1975-12-12,agathaleao@example.com,+55 13 4164-4859,Nunes da Serra,BA,COOPERADO,INATIVO,2024-12-05T11:08:34,2024-12-05T11:08:34
445,354.961.280-05,Vinicius Silva,1960-04-23,ualbuquerque@example.com,+55 74 2710-4331,Farias de Brito,AL,ALTA_RENDA,ATIVO,2023-01-06T17:34:05,2023-01-06T17:34:05
446,921.854.730-50,João Guilherme da Paz,1983-02-03,upacheco@example.com,47 9648-8319,Caldeira,SC,EMPRESARIAL,BLOQUEADO,2022-07-21T05:29:34,2022-07-21T05:29:34
447,241.785.369-82,Dra. Olívia Costela,1955-04-17,andreviana@example.org,+55 87 1922-2705,Aragão,BA,EMPRESARIAL,ATIVO,2020-12-11T22:21:45,2020-12-11T22:21:45
448,769.284.031-87,Maria Isis Santos,1975-05-21,tfogaca@example.net,31 8193-2426,Mendonça de Sales,SE,COOPERADO,ATIVO,2025-06-07T00:53:11,2025-06-07T00:53:11
449,186.529.047-58,Manuella Siqueira,1957-08-12,giovannafreitas@example.org,+55 13 3758-3094,Brito da Praia,GO,COOPERADO,ATIVO,2024-05-24T09:50:20,2024-05-24T09:50:20
450,049.523.871-60,Benjamin Oliveira,1974-10-11,silvamaria-julia@example.net,81 7278-1050,Santos,SC,ALTA_RENDA,BLOQUEADO,2026-05-28T05:55:01,2026-05-28T05:55:01
451,216.705.394-07,Sr. Yago da Mota,1952-08-08,arthur-gabrielfarias@example.net,31 2958-0660,Correia,TO,COOPERADO,ATIVO,2025-12-21T21:07:27,2025-12-21T21:07:27
452,241.730.958-05,Dra. Maria Luísa Cavalcanti,1992-05-15,das-nevesyan@example.net,42 1579-1971,Borges,CE,COOPERADO,ATIVO,2022-10-31T05:35:38,2022-10-31T05:35:38
453,250.617.893-77,Anna Liz Silveira,1990-03-18,ana-lizrodrigues@example.net,+55 79 2406-4242,Jesus de Goiás,TO,EMPRESARIAL,BLOQUEADO,2019-04-20T12:53:42,2019-04-20T12:53:42
454,324.859.601-51,Dr. Luiz Fernando Vargas,1953-05-16,rpires@example.org,+55 21 9628-9365,Costela Alegre,RR,EMPRESARIAL,ATIVO,2020-11-19T14:31:36,2020-11-19T14:31:36
455,841.972.536-64,Danilo Moreira,2006-06-20,maria-lauracarvalho@example.com,32 5969-0515,Castro,PA,COOPERADO,ATIVO,2022-11-07T04:35:14,2022-11-07T04:35:14
456,512.768.390-30,Pedro Lucas Pimenta,1972-12-02,kpastor@example.net,73 6734-5957,da Rosa do Norte,ES,VAREJO,INATIVO,2021-05-30T23:05:56,2021-05-30T23:05:56
457,816.324.750-90,Théo Cavalcante,1992-06-30,sabrina39@example.org,+55 55 5014-2576,Marques,AC,COOPERADO,ATIVO,2026-07-08T05:28:15,2026-07-08T05:28:15
458,324.801.759-79,Joaquim Cassiano,1985-05-19,anthony72@example.com,+55 45 7863-7673,Gomes,BA,EMPRESARIAL,ATIVO,2019-10-27T06:51:17,2019-10-27T06:51:17
459,265.973.480-10,Dr. Apollo Câmara,1962-03-24,ravyfreitas@example.com,38 8099-6132,Correia de Aparecida,DF,ALTA_RENDA,ATIVO,2025-01-20T17:50:02,2025-01-20T17:50:02
460,156.893.742-37,Rafaela Andrade,1961-02-09,laura22@example.com,98 1715-1602,Cardoso Verde,PE,EMPRESARIAL,ATIVO,2022-04-08T18:57:07,2022-04-08T18:57:07
461,709.563.481-57,Joana Sousa,1966-09-11,pereiramanuella@example.net,48 7585-1268,Rocha de Minas,BA,ALTA_RENDA,ATIVO,2024-05-27T07:15:51,2024-05-27T07:15:51
462,943.867.501-93,Asafe Campos,1941-01-13,xmarques@example.org,47 4654-0842,Fogaça das Pedras,AC,ALTA_RENDA,ATIVO,2021-06-07T10:17:43,2021-06-07T10:17:43
463,401.258.396-42,Vitor Brito,1970-12-19,joao-vitorporto@example.com,71 4579-3897,Barbosa,MT,VAREJO,ATIVO,2021-04-29T15:29:07,2021-04-29T15:29:07
464,216.450.938-24,Maria Liz Almeida,1965-12-06,theosilveira@example.net,+55 38 6139-4498,Sales,SE,COOPERADO,ATIVO,2018-11-22T00:02:30,2018-11-22T00:02:30
465,973.682.150-12,Maria Liz Cirino,1943-11-20,yago06@example.org,+55 15 6244-7951,Câmara,AC,EMPRESARIAL,ATIVO,2021-09-30T18:12:55,2021-09-30T18:12:55
466,314.567.928-73,Luísa Nogueira,1988-10-23,jmelo@example.org,38 5557-2773,Rocha,MG,VAREJO,INATIVO,2021-04-29T13:43:00,2021-04-29T13:43:00
467,017.429.853-60,João Vitor Sá,1957-12-18,marcela70@example.org,+55 69 9596-6048,da Costa de Garcia,PI,EMPRESARIAL,ATIVO,2021-12-28T22:22:47,2021-12-28T22:22:47
468,918.375.024-04,Emanuel Vargas,1949-07-11,anovaes@example.com,+55 87 6945-5158,Câmara das Flores,PR,ALTA_RENDA,ATIVO,2021-10-13T18:49:39,2021-10-13T18:49:39
469,472.613.805-71,Emanuella Rodrigues,1992-01-25,gomeslarissa@example.com,65 3093-2998,Peixoto,RJ,EMPRESARIAL,ATIVO,2022-07-06T09:03:31,2022-07-06T09:03:31
470,053.147.968-48,Dra. Maria Julia Novaes,1990-05-21,lorenzomarques@example.com,+55 94 2735-2410,Oliveira,PB,EMPRESARIAL,ATIVO,2022-01-16T01:37:14,2022-01-16T01:37:14
471,973.618.025-59,Joaquim Martins,1971-10-24,abreubenicio@example.net,64 8761-6481,Macedo,PR,EMPRESARIAL,INATIVO,2020-08-25T09:09:15,2020-08-25T09:09:15
472,046.759.213-61,Camila Caldeira,1996-11-21,viniciusteixeira@example.net,+55 48 2565-2373,Brito Alegre,RS,COOPERADO,INATIVO,2024-09-27T17:58:44,2024-09-27T17:58:44
473,793.625.481-19,Dr. José Pedro Nunes,1987-10-09,brayan22@example.net,17 0359-5442,Melo dos Dourados,RO,EMPRESARIAL,ATIVO,2019-03-13T04:09:14,2019-03-13T04:09:14
474,294.638.107-22,Liz Casa Grande,1960-08-18,da-luzemanuella@example.net,96 8679-2529,Moreira da Praia,MG,EMPRESARIAL,ATIVO,2019-11-17T21:06:16,2019-11-17T21:06:16
475,729.135.084-05,Sr. Leonardo Costela,1999-06-15,kaiqueda-mota@example.net,+55 51 3577-9083,Fonseca,RO,COOPERADO,INATIVO,2026-06-11T06:49:44,2026-06-11T06:49:44
476,159.248.037-32,Stephany da Cruz,1942-10-19,theosousa@example.org,+55 95 3720-9484,Souza,DF,ALTA_RENDA,ATIVO,2021-12-15T02:47:12,2021-12-15T02:47:12
477,124.095.783-14,Beatriz Nascimento,1990-06-20,diasdiogo@example.org,87 1717-3189,Peixoto,PR,ALTA_RENDA,ATIVO,2025-08-18T22:02:26,2025-08-18T22:02:26
478,061.537.894-39,Júlia Monteiro,1960-12-22,bellamontenegro@example.com,97 4448-3548,Pires dos Dourados,AM,COOPERADO,INATIVO,2023-05-29T21:23:43,2023-05-29T21:23:43
479,270.943.586-10,Pedro Rocha,2007-01-24,gabriel75@example.net,0900 231 3348,Dias do Galho,PR,EMPRESARIAL,ATIVO,2024-12-31T18:13:27,2024-12-31T18:13:27
480,432.715.806-26,Eduarda Duarte,1947-07-27,mrezende@example.com,12 3474-5245,Souza Alegre,PB,COOPERADO,ATIVO,2024-05-22T11:30:51,2024-05-22T11:30:51
481,968.037.514-57,Kamilly Almeida,1961-07-10,oliverribeiro@example.net,+55 98 4505-6658,Cunha,RN,VAREJO,ATIVO,2022-03-08T09:38:18,2022-03-08T09:38:18
482,418.762.395-73,Mathias Sales,1974-10-15,rda-cruz@example.net,49 0105-4857,Camargo do Amparo,BA,EMPRESARIAL,ATIVO,2022-04-23T09:35:49,2022-04-23T09:35:49
483,156.798.230-12,Aurora Macedo,2000-07-03,beatrizoliveira@example.net,+55 99 8840-2155,Souza de Cunha,CE,EMPRESARIAL,ATIVO,2024-12-10T16:13:20,2024-12-10T16:13:20
484,375.216.490-52,Dante Ramos,1962-06-05,zlima@example.com,+55 27 8085-0960,Vieira da Prata,PR,ALTA_RENDA,ATIVO,2022-07-20T02:04:31,2022-07-20T02:04:31
485,518.406.923-24,Aurora Oliveira,1959-10-19,ppimenta@example.org,+55 35 6477-2512,Marques do Galho,SP,EMPRESARIAL,INATIVO,2023-06-15T22:28:33,2023-06-15T22:28:33
486,609.428.375-92,Lorenzo Lima,1987-09-11,valentimcamara@example.net,33 8739-5923,Costela,MA,ALTA_RENDA,ATIVO,2024-11-08T11:09:28,2024-11-08T11:09:28
487,089.614.275-20,Sr. Gustavo Henrique Costa,1952-12-02,luan64@example.org,+55 87 5027-1607,Garcia,AL,COOPERADO,INATIVO,2019-06-04T12:30:57,2019-06-04T12:30:57
488,638.974.052-29,Stella Campos,1970-12-20,ottocampos@example.com,44 5633-1857,Moraes do Campo,PB,EMPRESARIAL,ATIVO,2022-04-18T13:33:05,2022-04-18T13:33:05
489,698.702.415-49,Letícia da Conceição,1941-08-30,rezendeheloisa@example.com,+55 15 4502-3290,Moreira,BA,VAREJO,ATIVO,2018-08-17T14:08:39,2018-08-17T14:08:39
490,708.412.635-07,Otto Cavalcanti,1950-02-08,rafaelacassiano@example.net,+55 75 5120-7346,da Luz Alegre,AC,VAREJO,ATIVO,2024-06-23T13:19:08,2024-06-23T13:19:08
491,507.891.364-57,Valentina Cavalcante,1993-11-12,guilhermealbuquerque@example.com,+55 89 1611-7768,Carvalho de Pereira,SE,COOPERADO,ATIVO,2018-10-14T07:09:16,2018-10-14T07:09:16
492,478.216.930-22,Sabrina Souza,1983-11-26,josecamara@example.net,+55 55 2311-6491,Câmara,GO,ALTA_RENDA,ATIVO,2018-07-28T06:56:10,2018-07-28T06:56:10
493,457.896.201-67,Maria Fernanda Ribeiro,1953-02-15,bernardosouza@example.com,+55 27 3202-0326,Albuquerque Verde,PR,ALTA_RENDA,ATIVO,2024-10-10T04:07:48,2024-10-10T04:07:48
494,536.817.249-46,João Lucas Rezende,1973-06-28,barbara24@example.com,89 8715-8415,Ramos do Sul,PI,EMPRESARIAL,ATIVO,2025-11-10T18:25:03,2025-11-10T18:25:03
495,371.042.895-50,Maya Novaes,1949-02-25,montenegroluiz-otavio@example.com,96 3230-3589,Nunes,PE,COOPERADO,ATIVO,2019-05-15T21:47:10,2019-05-15T21:47:10
496,853.941.207-14,Eloah Porto,1976-04-17,kevinnogueira@example.net,68 3406-4686,Martins de Duarte,BA,ALTA_RENDA,ATIVO,2018-12-19T01:20:42,2018-12-19T01:20:42
497,401.259.683-70,Noah Carvalho,1989-08-31,maria-luisacastro@example.org,55 2669-3351,da Mota,BA,VAREJO,ATIVO,2026-07-18T18:09:53,2026-07-18T18:09:53
498,123.798.406-87,Luana Moura,2001-04-22,vargasmaria-julia@example.org,74 4189-7215,Aparecida das Flores,TO,COOPERADO,INATIVO,2021-12-24T06:42:13,2021-12-24T06:42:13
499,176.493.208-04,Luiz Miguel da Costa,2001-03-15,bsampaio@example.com,+55 31 1444-8564,Barros do Sul,AM,EMPRESARIAL,ATIVO,2020-09-26T17:02:14,2020-09-26T17:02:14
500,739.148.206-40,Maria Flor Pereira,1989-02-02,maparecida@example.org,+55 45 9113-5996,Silva do Norte,MS,EMPRESARIAL,ATIVO,2025-06-03T04:12:32,2025-06-03T04:12:32
501,790.356.842-65,Lucas Brito,1984-08-06,julia07@example.com,44 5534-7057,Vargas da Serra,DF,COOPERADO,INATIVO,2025-04-08T16:50:01,2025-04-08T16:50:01
502,856.721.304-53,Sr. Liam das Neves,1978-07-27,silveirafernando@example.net,63 5972-6347,Fernandes dos Dourados,MS,EMPRESARIAL,ATIVO,2025-02-13T20:48:18,2025-02-13T20:48:18
503,250.714.938-88,Zoe Cavalcanti,1991-12-04,spinto@example.org,+55 82 1196-4258,Gonçalves Grande,MG,EMPRESARIAL,ATIVO,2019-12-02T17:14:07,2019-12-02T17:14:07
504,415.830.629-98,Kamilly Alves,1947-08-13,scamara@example.org,+55 95 3732-0430,Macedo de Leão,PI,EMPRESARIAL,ATIVO,2025-10-02T09:36:07,2025-10-02T09:36:07
505,362.845.971-00,Sra. Maria Clara da Luz,1978-01-27,xfreitas@example.org,31 8512-5389,Brito,SE,EMPRESARIAL,ATIVO,2023-05-26T00:40:04,2023-05-26T00:40:04
506,785.041.236-26,Juliana Oliveira,2007-08-17,marquesluna@example.com,73 1208-7805,Santos de Casa Grande,AP,VAREJO,INATIVO,2022-11-18T15:37:41,2022-11-18T15:37:41
507,148.507.396-01,Helena Ribeiro,1986-12-22,idas-neves@example.net,22 5398-6289,Abreu do Norte,RR,COOPERADO,ATIVO,2021-07-31T04:01:20,2021-07-31T04:01:20
508,918.406.325-42,Srta. Isadora Peixoto,1991-11-27,luiz-miguelalves@example.net,92 1511-6966,Sampaio do Amparo,BA,ALTA_RENDA,ATIVO,2021-08-12T09:36:15,2021-08-12T09:36:15
509,214.983.650-51,José Pedro Guerra,1998-03-21,rafaelferreira@example.net,+55 38 5718-4090,Rodrigues,MS,VAREJO,ATIVO,2021-06-26T15:05:01,2021-06-26T15:05:01
510,089.723.561-40,Erick Correia,1947-01-23,icirino@example.org,41 1295-9272,Macedo,AC,EMPRESARIAL,ATIVO,2019-12-31T14:22:34,2019-12-31T14:22:34
511,814.206.975-01,Theo Correia,1982-11-23,barbaramarques@example.net,54 7181-5352,Mendonça,DF,ALTA_RENDA,ATIVO,2018-11-23T12:20:51,2018-11-23T12:20:51
512,059.384.726-10,Luna Moura,1994-08-07,isa@example.net,+55 83 4527-3466,Garcia de Minas,PR,ALTA_RENDA,ATIVO,2022-01-02T02:46:47,2022-01-02T02:46:47
513,157.432.890-50,Ana Cecília Correia,1942-03-09,das-nevesvitoria@example.org,28 0800-4635,Rodrigues,PA,ALTA_RENDA,ATIVO,2022-09-29T06:35:34,2022-09-29T06:35:34
514,825.760.143-80,Henry Silva,1990-10-27,diogo37@example.org,+55 14 0631-4035,Gomes,TO,ALTA_RENDA,ATIVO,2022-11-21T12:18:09,2022-11-21T12:18:09
515,602.149.753-80,João Gabriel Jesus,1956-02-08,leaojulia@example.com,15 3749-0607,Ribeiro,RR,ALTA_RENDA,ATIVO,2021-09-23T03:20:07,2021-09-23T03:20:07
516,192.630.875-12,José Miguel Rodrigues,1955-09-27,ida-paz@example.com,16 9411-6318,Costa de Cardoso,PE,VAREJO,ATIVO,2019-03-02T03:48:16,2019-03-02T03:48:16
517,791.086.342-03,Srta. Isabella Lopes,2008-04-23,luna27@example.net,+55 22 8335-0902,da Cunha da Serra,MS,ALTA_RENDA,BLOQUEADO,2018-11-13T22:45:13,2018-11-13T22:45:13
518,068.124.935-89,Evelyn Farias,1972-01-02,calves@example.org,+55 95 9848-2285,Camargo,RO,EMPRESARIAL,ATIVO,2020-04-09T10:37:24,2020-04-09T10:37:24
519,890.451.267-02,Cauã Rodrigues,1944-12-29,anthony-gabrielgarcia@example.org,+55 31 6913-0981,Rezende,TO,VAREJO,ATIVO,2022-01-19T15:17:21,2022-01-19T15:17:21
520,964.573.820-29,Rebeca Pimenta,2002-07-18,catarina77@example.org,81 8532-4264,Freitas,SC,VAREJO,ATIVO,2022-08-14T06:11:31,2022-08-14T06:11:31
521,420.369.157-52,Maria Costela,1941-12-27,aleao@example.com,79 7675-5562,da Cruz,DF,EMPRESARIAL,ATIVO,2022-03-28T09:44:27,2022-03-28T09:44:27
522,935.846.271-09,Matteo Casa Grande,1989-01-20,icaldeira@example.net,79 4960-3358,Ribeiro,MG,ALTA_RENDA,ATIVO,2020-03-10T08:30:56,2020-03-10T08:30:56
523,627.051.389-86,Eduardo Ramos,2004-05-02,yoliveira@example.org,+55 65 6573-2759,Rocha,AM,VAREJO,ATIVO,2022-12-19T20:47:18,2022-12-19T20:47:18
524,108.672.594-85,Dom Cunha,1994-02-12,davi-lucca59@example.com,77 7524-4182,Castro,PA,VAREJO,ATIVO,2019-02-14T02:39:05,2019-02-14T02:39:05
525,962.483.750-38,Diogo Macedo,1948-08-15,sabruno@example.org,51 7672-0957,Machado,AC,COOPERADO,ATIVO,2023-02-03T20:40:43,2023-02-03T20:40:43
526,958.026.143-15,Maria Júlia Cassiano,2006-08-04,vieiramatteo@example.net,32 4159-7099,Cavalcante da Praia,GO,VAREJO,ATIVO,2022-09-30T21:56:07,2022-09-30T21:56:07
527,480.321.756-44,Sra. Julia Machado,1953-08-18,cfernandes@example.com,82 1580-2909,da Rosa,MG,EMPRESARIAL,ATIVO,2022-12-07T04:42:23,2022-12-07T04:42:23
528,768.052.314-26,Mariana Jesus,1954-02-24,joao54@example.net,+55 81 7441-7158,Almeida,SE,VAREJO,ATIVO,2026-04-05T08:07:56,2026-04-05T08:07:56
529,139.720.654-34,Breno Albuquerque,1949-04-23,sousacarolina@example.net,+55 35 2975-1910,Costa,SC,ALTA_RENDA,INATIVO,2025-06-03T21:44:39,2025-06-03T21:44:39
530,218.037.469-04,Luna Pires,2003-08-13,maria-lauracosta@example.net,92 9274-9072,Barros,CE,VAREJO,ATIVO,2019-04-04T04:31:41,2019-04-04T04:31:41
531,423.506.197-61,Enrico Gonçalves,2006-11-09,julia84@example.org,69 4538-0442,Araújo,AP,EMPRESARIAL,ATIVO,2020-03-31T08:14:13,2020-03-31T08:14:13
532,061.583.924-05,Dr. Benício Nunes,1974-03-05,antonella75@example.net,87 5747-5833,Aparecida,RR,VAREJO,ATIVO,2021-06-29T12:16:25,2021-06-29T12:16:25
533,795.638.410-93,Matheus Leão,1964-07-30,carvalhoanna-liz@example.com,+55 65 6506-2292,Brito,AC,COOPERADO,ATIVO,2022-01-19T00:59:22,2022-01-19T00:59:22
534,245.103.876-44,Lara da Conceição,1967-03-11,mariahpereira@example.net,93 6627-0511,Santos do Amparo,RN,COOPERADO,ATIVO,2022-08-01T09:29:25,2022-08-01T09:29:25
535,387.619.405-93,Eduarda Fernandes,1960-04-02,liz91@example.net,+55 55 8455-2597,Almeida,PB,COOPERADO,ATIVO,2019-10-08T14:28:36,2019-10-08T14:28:36
536,395.712.864-19,Luísa Sampaio,1965-09-28,jose-miguelduarte@example.net,+55 91 9933-7970,Moraes do Campo,MG,COOPERADO,ATIVO,2022-02-10T14:56:40,2022-02-10T14:56:40
537,951.438.207-23,Evelyn Vieira,1991-08-13,joao-pedro50@example.com,+55 96 3055-9782,Dias do Amparo,MT,VAREJO,ATIVO,2019-10-29T23:18:44,2019-10-29T23:18:44
538,839.460.275-47,Srta. Valentina Montenegro,1981-09-19,theo66@example.net,+55 13 4432-4006,Freitas,PB,ALTA_RENDA,ATIVO,2026-01-29T02:17:59,2026-01-29T02:17:59
539,276.418.350-07,Rafael da Mota,1993-05-10,mariada-paz@example.org,+55 54 5010-5875,Dias,TO,EMPRESARIAL,ATIVO,2026-04-21T17:13:35,2026-04-21T17:13:35
540,806.523.149-70,Larissa Duarte,1989-08-05,moraesdaniel@example.net,+55 55 7112-2182,Borges,SP,EMPRESARIAL,ATIVO,2021-10-03T05:19:13,2021-10-03T05:19:13
541,516.203.479-70,Maria Vitória Ramos,1965-01-30,jsales@example.net,+55 42 3721-4330,Aragão,RS,EMPRESARIAL,ATIVO,2021-08-08T11:01:10,2021-08-08T11:01:10
542,370.815.469-00,Dr. Miguel Almeida,1997-12-03,marina06@example.net,+55 34 0390-3397,Ferreira,RR,COOPERADO,ATIVO,2024-06-30T10:40:20,2024-06-30T10:40:20
543,582.319.074-32,Marcelo Moraes,1946-01-19,mcastro@example.net,+55 98 5354-6147,Machado,RN,VAREJO,ATIVO,2023-07-06T23:06:55,2023-07-06T23:06:55
544,863.105.742-80,Kaique Sales,2006-06-02,ana-juliafonseca@example.com,+55 28 3943-8040,Cirino,MT,ALTA_RENDA,ATIVO,2024-02-08T21:40:29,2024-02-08T21:40:29
545,657.341.982-00,Isadora Barbosa,1954-08-09,abreubento@example.net,+55 27 0404-7692,Aragão,MS,ALTA_RENDA,ATIVO,2022-10-25T05:27:37,2022-10-25T05:27:37
546,365.029.814-70,Kevin Casa Grande,1955-03-20,maria-alice31@example.net,+55 18 7201-1379,da Mata do Sul,RR,COOPERADO,ATIVO,2024-01-22T09:23:12,2024-01-22T09:23:12
547,123.075.649-34,Nina Jesus,1978-11-22,apollooliveira@example.org,+55 33 4473-4043,Sales,PB,VAREJO,ATIVO,2022-08-24T12:00:59,2022-08-24T12:00:59
548,067.819.254-58,Maria Eduarda Marques,1995-09-16,knogueira@example.com,48 8825-5629,Freitas dos Dourados,MS,EMPRESARIAL,ATIVO,2018-08-01T02:25:28,2018-08-01T02:25:28
549,276.930.841-69,Dr. Rael Sá,1992-10-11,bryanfernandes@example.net,+55 64 9582-9236,Leão,AM,EMPRESARIAL,INATIVO,2021-01-19T15:44:44,2021-01-19T15:44:44
550,801.492.765-67,Lívia Mendonça,2007-12-20,duarteevelyn@example.net,61 8639-5613,Cassiano de Sales,SP,COOPERADO,ATIVO,2022-10-30T19:00:07,2022-10-30T19:00:07
551,081.379.245-23,Gustavo Henrique Nogueira,1953-05-18,correiabenicio@example.org,+55 18 4132-1147,Lima,MS,VAREJO,ATIVO,2024-08-28T05:00:41,2024-08-28T05:00:41
552,045.321.786-90,Ana Cecília Rocha,1985-08-01,fandrade@example.com,42 0476-8169,Rodrigues do Amparo,AC,VAREJO,ATIVO,2021-12-29T03:02:46,2021-12-29T03:02:46
553,719.240.536-16,Maria Helena Souza,1966-06-03,rodrigo97@example.org,32 4873-9610,Pastor,RO,EMPRESARIAL,ATIVO,2018-11-23T04:41:20,2018-11-23T04:41:20
554,871.493.265-28,Ana Julia da Cunha,1993-09-12,sampaiopietra@example.com,+55 73 7420-4956,Rodrigues,BA,VAREJO,ATIVO,2018-10-21T18:32:14,2018-10-21T18:32:14
555,137.890.624-13,Ana Clara da Rosa,2006-06-22,pietrofernandes@example.net,92 3711-2229,Macedo,PR,EMPRESARIAL,ATIVO,2025-09-08T16:17:28,2025-09-08T16:17:28
556,605.748.319-75,Pedro Henrique Novais,1965-07-07,eazevedo@example.org,11 5768-3210,Borges,RJ,COOPERADO,ATIVO,2025-04-27T23:12:49,2025-04-27T23:12:49
557,375.429.086-00,Maria Sophia Camargo,1953-04-10,da-conceicaonathan@example.org,21 2605-0801,Pacheco do Galho,AC,COOPERADO,ATIVO,2024-03-21T00:20:57,2024-03-21T00:20:57
558,253.671.498-55,Pietra Cunha,1961-03-16,cavalcantihellena@example.net,+55 35 2282-1781,da Cruz,RS,VAREJO,INATIVO,2026-01-20T07:21:53,2026-01-20T07:21:53
559,534.806.912-42,Gael Rios,1991-11-01,heloisa79@example.org,+55 54 7986-2398,Monteiro de Minas,PA,EMPRESARIAL,ATIVO,2022-01-30T18:33:54,2022-01-30T18:33:54
560,618.570.293-21,Ravi Rezende,1981-05-19,ana-julia89@example.com,24 7876-9899,Melo,MT,ALTA_RENDA,ATIVO,2018-10-30T02:14:36,2018-10-30T02:14:36
561,751.286.490-67,Dr. Isaque Nunes,1946-10-03,ceciliadas-neves@example.org,35 8644-9639,Vargas,RR,COOPERADO,ATIVO,2024-06-12T05:26:36,2024-06-12T05:26:36
562,589.134.607-93,Isadora Costela,1960-08-21,luiz-otavio75@example.org,55 7497-8524,da Cunha,AM,VAREJO,ATIVO,2020-03-07T06:01:23,2020-03-07T06:01:23
563,860.712.354-80,Mariah Costa,2006-05-02,caua67@example.net,+55 47 7665-1221,Teixeira do Norte,AL,EMPRESARIAL,ATIVO,2021-10-07T23:37:37,2021-10-07T23:37:37
564,419.803.652-70,Daniel Fernandes,1998-03-19,alice63@example.org,+55 88 9994-8532,Novaes,RJ,EMPRESARIAL,ATIVO,2019-03-01T09:34:58,2019-03-01T09:34:58
565,326.145.098-33,Júlia Mendonça,1962-02-12,britothales@example.com,+55 88 3792-2341,da Costa,RO,COOPERADO,ATIVO,2025-01-18T14:09:18,2025-01-18T14:09:18
566,967.180.452-76,Clarice Sousa,1961-07-22,wpimenta@example.com,+55 16 8437-6855,Monteiro,PE,VAREJO,ATIVO,2022-04-08T03:29:27,2022-04-08T03:29:27
567,735.190.846-00,Henrique Dias,1982-06-16,jade43@example.net,18 3697-0931,Silva de Almeida,MG,EMPRESARIAL,ATIVO,2021-11-12T05:05:52,2021-11-12T05:05:52
568,560.389.471-75,Luiz Fernando da Conceição,1979-06-19,emanuelly47@example.org,+55 71 3989-8306,Aragão de Goiás,AP,EMPRESARIAL,ATIVO,2021-07-02T11:55:25,2021-07-02T11:55:25
569,210.974.685-85,Diego Lopes,1988-09-06,marcelo36@example.com,+55 69 8131-9092,Novaes do Amparo,PA,EMPRESARIAL,INATIVO,2026-05-10T11:50:51,2026-05-10T11:50:51
570,309.458.671-66,Vitor Campos,2001-06-18,wnovaes@example.com,+55 74 2823-0524,Montenegro,PE,EMPRESARIAL,ATIVO,2019-12-29T18:36:50,2019-12-29T18:36:50
571,628.031.495-24,Lara Martins,2001-06-16,mariacavalcanti@example.net,+55 48 3290-1620,Marques do Galho,SE,ALTA_RENDA,ATIVO,2019-01-18T16:10:35,2019-01-18T16:10:35
572,689.437.251-91,Vinicius Jesus,1973-11-26,milenamonteiro@example.org,+55 21 3195-4196,Garcia da Mata,MS,COOPERADO,ATIVO,2024-04-30T01:05:02,2024-04-30T01:05:02
573,730.186.529-59,Liz Gonçalves,1942-03-10,joao-miguelalmeida@example.org,74 4767-7537,Leão,AL,VAREJO,ATIVO,2021-03-29T07:18:58,2021-03-29T07:18:58
574,145.023.879-32,Juan Fogaça,1957-04-05,eaparecida@example.org,43 5348-2012,Araújo do Sul,PE,ALTA_RENDA,ATIVO,2019-10-21T05:11:16,2019-10-21T05:11:16
575,850.362.914-33,Léo Aragão,1955-06-12,macedomariah@example.com,97 0898-1265,Siqueira de Silveira,RS,COOPERADO,ATIVO,2023-12-06T11:37:39,2023-12-06T11:37:39
576,231.489.506-15,Kevin Albuquerque,1958-09-27,mathiasleao@example.net,+55 81 6268-9430,Castro,AL,EMPRESARIAL,ATIVO,2019-10-16T06:55:40,2019-10-16T06:55:40
577,713.986.045-93,Dr. Ravy da Luz,1958-08-19,beatriz82@example.net,99 4933-0674,Moraes da Mata,PR,EMPRESARIAL,ATIVO,2024-10-01T11:55:06,2024-10-01T11:55:06
578,604.928.157-20,Josué Martins,2006-10-05,gael-henriquesampaio@example.net,95 5666-9541,Castro,RN,VAREJO,ATIVO,2024-09-22T07:07:09,2024-09-22T07:07:09
579,150.368.942-51,Lucas Gabriel Freitas,1973-04-22,das-nevesravy@example.com,91 6936-6343,Fernandes,CE,ALTA_RENDA,ATIVO,2026-06-18T12:23:00,2026-06-18T12:23:00
580,961.085.437-01,Ayla Vieira,1981-04-03,cauaabreu@example.com,+55 74 0245-5910,das Neves,MT,VAREJO,ATIVO,2021-05-07T10:40:13,2021-05-07T10:40:13
581,910.478.632-78,João Felipe Pastor,1947-05-14,sara19@example.com,+55 62 1794-2817,Sales,MA,EMPRESARIAL,ATIVO,2018-11-24T00:52:18,2018-11-24T00:52:18
582,527.638.419-37,Isabela Vieira,1942-09-29,beatriz33@example.com,+55 65 2010-9121,Cardoso de Cassiano,SC,COOPERADO,ATIVO,2021-11-29T06:40:16,2021-11-29T06:40:16
583,593.876.401-75,Srta. Olívia Rezende,1945-07-24,fonsecalevi@example.com,+55 81 5100-4627,Ribeiro de Gonçalves,SE,COOPERADO,ATIVO,2020-12-19T16:00:34,2020-12-19T16:00:34
584,572.683.940-47,Enzo da Cunha,1988-10-26,fborges@example.com,+55 64 0238-9743,Leão,AL,ALTA_RENDA,ATIVO,2025-11-25T23:20:12,2025-11-25T23:20:12
585,598.207.364-47,Diogo Farias,1993-01-07,sofia68@example.net,+55 82 6079-8487,da Paz,MT,VAREJO,ATIVO,2018-08-23T17:00:14,2018-08-23T17:00:14
586,917.635.840-20,Julia da Rosa,1941-10-13,da-conceicaothomas@example.com,11 0830-3736,Lopes,AL,VAREJO,ATIVO,2022-01-11T14:19:24,2022-01-11T14:19:24
587,486.092.713-31,Laura Vasconcelos,2005-10-19,da-costaheloisa@example.net,34 2830-6153,Almeida de Brito,BA,COOPERADO,ATIVO,2019-03-19T11:58:50,2019-03-19T11:58:50
588,429.583.170-05,Srta. Maria Cecília Brito,2003-12-04,ana-luiza88@example.net,+55 34 1210-3142,Teixeira,PB,EMPRESARIAL,ATIVO,2024-12-09T09:12:21,2024-12-09T09:12:21
589,897.403.251-14,Luiz Gustavo Cavalcanti,1963-07-14,icorreia@example.com,+55 15 9112-2528,Mendes,SP,COOPERADO,BLOQUEADO,2019-08-07T08:16:44,2019-08-07T08:16:44
590,056.739.842-00,Rodrigo Vasconcelos,1983-07-17,souzarafael@example.net,92 8765-5300,Correia de Abreu,RJ,VAREJO,ATIVO,2021-07-21T18:06:45,2021-07-21T18:06:45
591,596.802.374-00,Vicente Novais,1964-10-01,pastorjoao-gabriel@example.com,92 8851-9053,Nascimento das Pedras,MA,EMPRESARIAL,INATIVO,2018-09-17T05:47:11,2018-09-17T05:47:11
592,104.592.386-98,Dr. Breno Moura,1943-03-19,dom74@example.net,21 6004-5212,Fonseca,AM,ALTA_RENDA,ATIVO,2025-11-13T19:13:41,2025-11-13T19:13:41
593,591.746.032-99,Leonardo Teixeira,1947-01-15,silvaisis@example.net,21 8416-0461,da Mata do Norte,BA,EMPRESARIAL,ATIVO,2020-10-23T21:17:46,2020-10-23T21:17:46
594,901.386.275-68,Emanuel Pastor,1945-03-29,enricofarias@example.org,+55 77 9107-3228,Jesus,AC,VAREJO,ATIVO,2019-05-15T01:45:40,2019-05-15T01:45:40
595,437.910.865-10,Vinícius da Rocha,1986-12-07,joao-gabriel69@example.com,17 4391-6497,Camargo,MG,COOPERADO,ATIVO,2023-01-05T20:58:44,2023-01-05T20:58:44
596,428.659.073-92,Asafe da Conceição,1980-10-05,calebsiqueira@example.org,61 2341-9031,Jesus,AM,COOPERADO,ATIVO,2020-03-10T23:25:06,2020-03-10T23:25:06
597,728.560.913-77,Stella Rodrigues,1963-10-17,livia32@example.org,54 5337-7460,Abreu das Pedras,PB,ALTA_RENDA,ATIVO,2020-04-27T02:27:52,2020-04-27T02:27:52
598,074.139.286-04,Felipe Lima,1951-05-11,melosofia@example.org,81 5437-3476,Castro do Amparo,ES,EMPRESARIAL,ATIVO,2019-02-01T19:47:11,2019-02-01T19:47:11
599,203.576.198-03,João Felipe Silveira,1970-05-18,rebeca41@example.com,98 4601-9134,da Cruz da Prata,RN,VAREJO,ATIVO,2026-04-06T04:23:37,2026-04-06T04:23:37
600,827.401.569-01,Manuela Abreu,1979-08-27,lcorreia@example.org,24 6449-3699,Brito das Flores,PR,COOPERADO,INATIVO,2025-05-12T10:29:12,2025-05-12T10:29:12
601,350.628.971-30,Heloísa Lopes,1983-01-25,saleseduardo@example.org,+55 62 3603-7681,Rodrigues,PI,EMPRESARIAL,ATIVO,2020-03-26T19:59:08,2020-03-26T19:59:08
602,238.190.467-04,Maria Luísa Campos,1970-08-05,manuella31@example.com,+55 93 9114-9830,Sales de da Mota,PI,COOPERADO,ATIVO,2024-09-04T03:13:24,2024-09-04T03:13:24
603,073.682.954-74,Lara Abreu,1951-12-06,wsampaio@example.com,79 8201-9043,Castro,ES,COOPERADO,ATIVO,2024-02-27T04:44:44,2024-02-27T04:44:44
604,238.169.705-59,Davi Luiz Andrade,1990-10-01,silveiranicolas@example.com,21 6212-7602,Andrade da Prata,CE,COOPERADO,ATIVO,2018-12-13T11:47:40,2018-12-13T11:47:40
605,618.975.034-66,Pedro Henrique da Conceição,1987-02-20,vitorsilva@example.net,0500 995 7298,Machado,PA,EMPRESARIAL,ATIVO,2025-09-25T20:52:55,2025-09-25T20:52:55
606,745.281.039-23,Marcos Vinicius Vargas,1952-04-11,lborges@example.org,+55 54 0381-8769,Aragão,PE,COOPERADO,ATIVO,2023-10-06T04:46:07,2023-10-06T04:46:07
607,329.045.678-10,Sr. José Pedro da Luz,1952-10-18,isis22@example.org,69 7323-1829,Barbosa de Lima,SC,EMPRESARIAL,ATIVO,2023-02-24T17:46:21,2023-02-24T17:46:21
608,157.982.403-04,Apollo Vasconcelos,1983-09-12,silveirabento@example.org,32 2911-3717,Araújo do Sul,SC,VAREJO,ATIVO,2023-03-20T15:59:38,2023-03-20T15:59:38
609,561.842.970-58,Yago Casa Grande,1950-10-03,fda-paz@example.net,+55 37 2248-9056,Aparecida de Montenegro,PA,COOPERADO,ATIVO,2021-07-27T19:49:50,2021-07-27T19:49:50
610,098.521.346-98,Luiz Miguel Silveira,1972-05-13,sofia26@example.com,+55 53 3624-8355,Fonseca,MA,COOPERADO,ATIVO,2018-10-15T14:34:15,2018-10-15T14:34:15
611,960.457.381-01,Isaque Jesus,1996-06-21,wpinto@example.org,0300 221 0401,da Cunha do Galho,AM,EMPRESARIAL,ATIVO,2020-01-05T22:49:06,2020-01-05T22:49:06
612,804.562.173-71,Isadora Moreira,2001-02-21,gabrielasilva@example.org,0500 164 3212,Pinto da Mata,SC,ALTA_RENDA,ATIVO,2023-04-17T20:05:24,2023-04-17T20:05:24
613,946.210.538-33,Dr. Heitor Caldeira,1952-03-11,theodoro17@example.org,54 4625-5402,Viana de Goiás,SC,VAREJO,ATIVO,2023-01-01T23:38:58,2023-01-01T23:38:58
614,582.710.496-58,Noah Vieira,1986-07-19,amanda89@example.net,95 0315-3888,da Mota,MT,ALTA_RENDA,INATIVO,2021-09-14T15:18:45,2021-09-14T15:18:45
615,705.826.943-29,Gustavo Henrique Teixeira,1989-12-07,mathias84@example.net,28 1632-1119,Moura de Martins,SC,EMPRESARIAL,ATIVO,2019-09-16T03:49:12,2019-09-16T03:49:12
616,180.495.723-23,Helena Carvalho,2000-05-08,uramos@example.org,+55 22 6011-9875,Brito dos Dourados,PE,ALTA_RENDA,ATIVO,2025-04-06T07:55:12,2025-04-06T07:55:12
617,890.715.632-86,Dr. Daniel Novaes,1998-12-23,sabrinaalbuquerque@example.org,49 5774-4916,Pinto,RO,ALTA_RENDA,ATIVO,2022-01-11T03:58:25,2022-01-11T03:58:25
618,592.067.831-30,Vitor Hugo da Rocha,1955-02-08,ravigoncalves@example.net,87 5092-6322,Pereira,RN,ALTA_RENDA,ATIVO,2021-11-24T04:58:32,2021-11-24T04:58:32
619,137.265.804-17,Arthur Miguel Sampaio,1974-12-27,jose-pedro88@example.com,+55 22 5053-7666,Moreira,RR,VAREJO,ATIVO,2019-10-28T12:01:59,2019-10-28T12:01:59
620,260.718.539-40,Aurora Teixeira,1947-02-04,gomesleandro@example.net,81 1531-2345,Aragão das Pedras,PE,COOPERADO,ATIVO,2019-07-23T00:56:25,2019-07-23T00:56:25
621,617.539.820-30,Julia da Rocha,1978-01-04,camargorodrigo@example.com,+55 12 8735-4378,Jesus,AL,COOPERADO,ATIVO,2020-02-15T20:42:49,2020-02-15T20:42:49
622,510.792.346-16,Ana Julia Montenegro,1954-12-27,davi-lucca44@example.net,+55 75 0749-2699,Vargas Verde,SE,EMPRESARIAL,ATIVO,2020-07-21T06:36:05,2020-07-21T06:36:05
623,487.092.153-79,Maria Isis Porto,1966-02-21,juanfarias@example.net,+55 46 4084-9932,Caldeira,CE,EMPRESARIAL,ATIVO,2025-12-17T17:42:41,2025-12-17T17:42:41
624,342.695.018-98,Olívia Cassiano,1997-09-02,hporto@example.com,66 0723-4838,Duarte,RO,VAREJO,ATIVO,2025-03-15T11:07:13,2025-03-15T11:07:13
625,532.940.761-34,Bárbara Casa Grande,1985-08-25,bfernandes@example.net,+55 64 6958-2641,Oliveira das Flores,MS,EMPRESARIAL,ATIVO,2023-09-09T15:20:05,2023-09-09T15:20:05
626,130.485.726-35,Vinícius Dias,1968-04-03,isaque43@example.com,62 8239-4840,Cavalcante,PR,VAREJO,ATIVO,2023-12-05T11:38:31,2023-12-05T11:38:31
627,096.435.872-74,Sarah Costa,1991-10-05,barrosmatheus@example.net,35 0016-8094,da Rocha,RS,VAREJO,ATIVO,2020-06-20T03:59:42,2020-06-20T03:59:42
628,507.314.926-25,Maria Sophia Pires,1981-11-02,carlos-eduardosiqueira@example.com,+55 88 4407-7794,Castro do Norte,RR,COOPERADO,ATIVO,2019-03-10T08:32:29,2019-03-10T08:32:29
629,268.514.730-62,Ayla Souza,2004-09-23,osilveira@example.com,53 0299-1406,Azevedo do Oeste,DF,EMPRESARIAL,ATIVO,2022-05-21T02:51:53,2022-05-21T02:51:53
630,312.768.495-91,Ravi Lucca Nogueira,1954-05-10,martinsantonio@example.org,+55 69 1192-0613,da Costa do Galho,RO,VAREJO,ATIVO,2022-06-05T03:51:44,2022-06-05T03:51:44
631,795.301.468-84,Ísis da Rocha,1962-03-09,vinicius90@example.net,+55 71 9502-6480,Lopes,GO,VAREJO,ATIVO,2019-09-10T06:19:36,2019-09-10T06:19:36
632,379.520.814-97,Ravi Sousa,1959-12-10,grios@example.org,+55 77 1021-7982,Pires,DF,COOPERADO,ATIVO,2019-01-06T09:38:48,2019-01-06T09:38:48
633,625.734.901-06,Vitor Hugo da Cruz,1958-05-01,moraesluiz-gustavo@example.net,31 6053-9707,Guerra do Campo,PB,VAREJO,ATIVO,2022-12-25T20:13:28,2022-12-25T20:13:28
634,067.134.895-75,Marcos Vinicius Nogueira,1973-02-10,enzo-gabrielribeiro@example.org,+55 75 3552-1650,Nogueira dos Dourados,AM,ALTA_RENDA,ATIVO,2024-07-09T05:13:42,2024-07-09T05:13:42
635,621.457.083-08,Dr. Rafael Sá,1987-04-19,novaissophie@example.net,12 3699-8480,Cardoso,AL,COOPERADO,ATIVO,2020-10-26T02:08:43,2020-10-26T02:08:43
636,036.542.789-65,Lucca Sousa,1998-06-19,ramosenzo-gabriel@example.com,41 7887-0715,da Costa,PI,VAREJO,ATIVO,2021-05-19T01:27:02,2021-05-19T01:27:02
637,673.451.029-80,Mateus Vasconcelos,1967-11-24,pimentadavi-lucas@example.net,83 7987-6829,Montenegro do Amparo,RR,EMPRESARIAL,BLOQUEADO,2022-05-16T15:02:58,2022-05-16T15:02:58
638,253.780.964-56,Ester Rodrigues,1998-02-06,emillyaragao@example.net,12 0566-9579,Alves,RO,VAREJO,ATIVO,2019-11-16T05:53:09,2019-11-16T05:53:09
639,482.657.913-64,Vinicius Gonçalves,1949-01-21,zpastor@example.org,+55 62 5942-3289,Vieira das Flores,TO,ALTA_RENDA,ATIVO,2019-12-29T18:07:31,2019-12-29T18:07:31
640,381.297.604-87,Vitor Teixeira,1999-07-09,maria-sophia25@example.com,+55 69 9269-3358,Caldeira de Goiás,PE,COOPERADO,BLOQUEADO,2020-06-15T09:20:53,2020-06-15T09:20:53
641,658.073.214-80,Lorenzo Sá,1947-10-16,rvargas@example.com,+55 99 3034-9189,Camargo,PR,ALTA_RENDA,ATIVO,2023-04-30T16:47:49,2023-04-30T16:47:49
642,203.459.178-04,Luiz Otávio Costela,1981-04-29,fdas-neves@example.com,19 7155-3132,Pinto do Oeste,TO,EMPRESARIAL,ATIVO,2022-09-07T13:21:25,2022-09-07T13:21:25
643,813.675.204-44,Juliana Cassiano,1969-02-09,da-pazerick@example.org,43 2769-8198,Novais de Araújo,RN,EMPRESARIAL,ATIVO,2022-08-12T11:29:43,2022-08-12T11:29:43
644,270.961.453-70,Elisa Carvalho,1990-05-30,liz60@example.com,95 6787-4422,Santos de Fernandes,PE,VAREJO,ATIVO,2025-09-01T00:41:24,2025-09-01T00:41:24
645,485.793.216-46,Theodoro Cardoso,1963-07-08,isaac16@example.com,+55 17 2000-2453,Barbosa,ES,EMPRESARIAL,ATIVO,2024-11-12T15:19:08,2024-11-12T15:19:08
646,158.096.273-40,Vicente Costela,1949-06-27,vnovais@example.org,+55 45 4448-8966,Casa Grande de Monteiro,RR,VAREJO,ATIVO,2024-01-12T16:37:19,2024-01-12T16:37:19
647,367.592.804-74,Luiz Otávio Moraes,2007-12-19,emillyda-paz@example.org,+55 34 8328-1231,Costa,RN,COOPERADO,ATIVO,2026-07-14T03:02:48,2026-07-14T03:02:48
648,041.936.825-60,Julia Mendonça,1950-04-23,nicolassilva@example.net,83 5082-7681,Cavalcanti de Viana,CE,ALTA_RENDA,ATIVO,2026-01-14T23:03:56,2026-01-14T23:03:56
649,795.286.410-67,Daniela Oliveira,2001-10-18,duartejoao-miguel@example.net,+55 43 8768-3160,Silva,PB,ALTA_RENDA,INATIVO,2021-07-17T17:33:32,2021-07-17T17:33:32
650,721.359.460-52,Ester Alves,2005-11-30,luiz-otavio22@example.net,+55 86 6216-5914,Novaes,PI,EMPRESARIAL,INATIVO,2019-08-05T18:18:17,2019-08-05T18:18:17
651,258.714.639-91,Oliver Campos,1950-05-09,psilveira@example.com,92 3264-3095,da Cunha Verde,SE,COOPERADO,ATIVO,2020-07-29T16:28:10,2020-07-29T16:28:10
652,712.345.609-25,Emanuella Macedo,2005-06-02,castrodaniel@example.com,+55 96 9787-1375,Pacheco,PI,VAREJO,ATIVO,2025-02-26T16:10:05,2025-02-26T16:10:05
653,832.105.697-03,Dra. Ana Júlia Novaes,2004-12-04,luiz-felipeandrade@example.org,11 8797-8889,Ferreira de Rodrigues,DF,COOPERADO,ATIVO,2026-05-07T19:02:18,2026-05-07T19:02:18
654,589.164.302-24,Antony da Mota,1987-09-29,ravy61@example.net,32 1715-2391,Vasconcelos,BA,EMPRESARIAL,ATIVO,2024-11-10T02:07:08,2024-11-10T02:07:08
655,250.791.346-07,Gael Henrique Abreu,1984-04-24,fmelo@example.org,93 1912-6022,Costela,CE,VAREJO,ATIVO,2023-06-23T07:25:03,2023-06-23T07:25:03
656,769.851.032-86,Daniel Garcia,1948-08-06,icaldeira@example.org,+55 22 1907-2587,Costa,RN,COOPERADO,ATIVO,2025-12-08T21:16:00,2025-12-08T21:16:00
657,304.719.658-39,Alice Ribeiro,1991-05-20,maria-alicerezende@example.net,22 8124-2114,Vieira,PI,VAREJO,ATIVO,2024-10-09T02:04:54,2024-10-09T02:04:54
658,825.604.973-10,Laura Garcia,1987-01-17,arthur-gabrielpastor@example.org,46 5610-3995,Vasconcelos,RR,ALTA_RENDA,INATIVO,2021-12-03T14:20:02,2021-12-03T14:20:02
659,013.798.254-23,Dr. Vitor Hugo Fonseca,1980-04-07,wdas-neves@example.org,+55 86 0412-0270,Campos da Praia,RN,EMPRESARIAL,INATIVO,2022-10-15T19:10:48,2022-10-15T19:10:48
660,387.201.549-41,Mariane Pastor,1951-08-02,jesusrafael@example.org,+55 54 4815-5420,Sampaio,RR,COOPERADO,ATIVO,2022-08-23T05:06:33,2022-08-23T05:06:33
661,039.764.218-04,Milena Freitas,1999-07-11,tviana@example.net,+55 33 5795-5462,da Cunha,PR,ALTA_RENDA,ATIVO,2020-12-28T22:15:16,2020-12-28T22:15:16
662,247.305.896-29,Théo Campos,1997-10-31,costelabenjamim@example.net,65 8317-6417,Lima,PE,EMPRESARIAL,ATIVO,2019-06-21T16:45:10,2019-06-21T16:45:10
663,081.652.394-06,Ana Silveira,1943-06-19,fernandesdavi@example.com,+55 41 3806-7130,Silva de da Conceição,MT,VAREJO,ATIVO,2023-03-13T08:29:36,2023-03-13T08:29:36
664,459.321.608-70,Srta. Amanda Almeida,1945-12-27,wcirino@example.net,0500 576 6947,Costela,AM,VAREJO,ATIVO,2018-12-21T13:14:01,2018-12-21T13:14:01
665,538.471.962-19,Maya Cassiano,1978-10-04,fogacadavi-lucas@example.net,+55 94 2700-0466,Brito da Mata,MT,ALTA_RENDA,ATIVO,2018-08-12T00:45:11,2018-08-12T00:45:11
666,018.934.527-60,José Andrade,1983-03-22,souzavinicius@example.net,+55 93 8819-4905,Rios,RR,ALTA_RENDA,ATIVO,2023-07-30T23:34:44,2023-07-30T23:34:44
667,204.765.891-85,Sara Gonçalves,1945-01-14,oporto@example.net,+55 33 3797-1669,Caldeira das Pedras,MG,ALTA_RENDA,ATIVO,2021-04-04T21:26:56,2021-04-04T21:26:56
668,237.908.461-04,Igor Cavalcanti,2005-07-31,luiza23@example.net,97 9949-9197,Azevedo,RR,VAREJO,ATIVO,2019-05-31T10:06:34,2019-05-31T10:06:34
669,426.751.039-34,Théo Marques,1996-07-15,heitorborges@example.com,+55 31 2041-8135,Casa Grande de Camargo,AP,ALTA_RENDA,INATIVO,2026-04-25T15:29:36,2026-04-25T15:29:36
670,084.579.621-67,Kevin Nascimento,2006-12-24,lorenzoteixeira@example.org,79 5883-9785,Albuquerque de Nogueira,CE,EMPRESARIAL,ATIVO,2022-05-06T22:13:47,2022-05-06T22:13:47
671,049.362.587-92,Gabriel Garcia,1944-10-05,da-rosaisis@example.org,+55 41 2879-4296,Martins,SC,COOPERADO,ATIVO,2025-06-21T10:33:51,2025-06-21T10:33:51
672,970.284.653-65,Caio Vieira,1991-09-30,wcamargo@example.com,+55 24 7832-7488,Farias,SC,ALTA_RENDA,ATIVO,2021-11-25T06:33:38,2021-11-25T06:33:38
673,176.920.358-30,Maria Flor Gomes,1966-03-31,viniciuspimenta@example.com,+55 17 4784-2170,Novais,MT,COOPERADO,INATIVO,2021-07-30T00:27:22,2021-07-30T00:27:22
674,295.413.860-24,Theodoro Oliveira,1947-07-09,vitornascimento@example.com,0800 839 0624,Mendes Grande,SP,ALTA_RENDA,ATIVO,2021-11-06T02:32:34,2021-11-06T02:32:34
675,916.047.583-84,Daniel Pastor,1976-06-09,elisaribeiro@example.net,+55 68 3613-3760,Cirino de Goiás,AL,COOPERADO,ATIVO,2022-05-09T03:43:50,2022-05-09T03:43:50
676,581.320.769-40,Thales Casa Grande,2003-01-21,josue91@example.com,31 0344-0966,Melo,SP,EMPRESARIAL,ATIVO,2020-09-23T18:57:27,2020-09-23T18:57:27
677,182.574.063-17,Nicole Novaes,1990-12-11,gaelda-mata@example.org,75 4681-3592,Pires das Flores,GO,COOPERADO,INATIVO,2022-09-07T12:38:54,2022-09-07T12:38:54
678,983.547.612-82,Luana Sales,1977-09-17,duartecarolina@example.net,+55 99 5011-9292,Rodrigues,SP,ALTA_RENDA,ATIVO,2022-02-26T17:31:51,2022-02-26T17:31:51
679,360.275.941-52,Ana Liz da Conceição,1973-01-27,acostela@example.com,+55 96 6218-9455,Garcia,PR,ALTA_RENDA,ATIVO,2021-08-21T14:48:24,2021-08-21T14:48:24
680,042.785.693-00,Marcos Vinicius Garcia,1941-01-31,luara67@example.com,+55 27 5642-0456,Mendonça dos Dourados,MT,VAREJO,ATIVO,2018-12-25T18:08:46,2018-12-25T18:08:46
681,074.621.859-11,Caroline da Cruz,1977-02-21,valentim66@example.org,+55 77 6540-1659,da Conceição do Norte,AC,EMPRESARIAL,ATIVO,2026-02-26T20:02:17,2026-02-26T20:02:17
682,628.015.794-67,Pietra Sales,1987-11-05,zdas-neves@example.org,28 9160-1124,Borges,MS,VAREJO,ATIVO,2026-06-29T09:46:39,2026-06-29T09:46:39
683,846.079.531-48,Stella Gonçalves,2002-07-16,fsilva@example.net,+55 54 3129-9570,Machado Grande,RR,VAREJO,ATIVO,2025-10-23T10:57:28,2025-10-23T10:57:28
684,426.017.598-01,Isis da Conceição,1968-05-13,ofernandes@example.com,41 9680-7852,da Luz do Galho,CE,ALTA_RENDA,ATIVO,2025-04-22T08:19:20,2025-04-22T08:19:20
685,183.425.690-98,Paulo da Cunha,1961-08-23,emilly47@example.com,+55 64 3112-3274,Rodrigues de Pinto,SC,ALTA_RENDA,ATIVO,2019-08-27T11:17:18,2019-08-27T11:17:18
686,796.815.230-59,Eloá Alves,1996-01-24,stephanygarcia@example.net,+55 71 1750-8019,da Cruz do Norte,GO,VAREJO,INATIVO,2019-04-15T17:15:14,2019-04-15T17:15:14
687,306.412.598-24,Sr. Leandro Albuquerque,1962-12-13,sampaiogustavo-henrique@example.net,+55 34 6778-4816,Cavalcanti Paulista,GO,ALTA_RENDA,ATIVO,2024-08-23T17:21:39,2024-08-23T17:21:39
688,548.307.126-35,Srta. Olívia Pereira,1957-11-15,manuellasantos@example.net,+55 47 0539-1287,Nascimento das Flores,SE,EMPRESARIAL,INATIVO,2026-05-13T09:55:38,2026-05-13T09:55:38
689,962.854.017-30,Catarina Mendes,1982-11-24,da-motamanuella@example.net,+55 62 4630-1986,Cavalcanti Paulista,BA,COOPERADO,ATIVO,2023-05-25T10:42:42,2023-05-25T10:42:42
690,837.146.520-35,Daniel Ramos,2002-02-12,zalves@example.org,+55 85 2880-9832,Campos,AL,EMPRESARIAL,ATIVO,2020-04-19T00:43:01,2020-04-19T00:43:01
691,023.195.486-70,Maya Garcia,1996-02-09,aparecidabento@example.net,88 6108-1435,Vieira de Minas,MA,VAREJO,ATIVO,2019-07-24T11:15:55,2019-07-24T11:15:55
692,384.251.069-15,Kamilly Leão,1944-10-05,mathiasdias@example.com,64 9510-0307,Cirino do Sul,MS,VAREJO,ATIVO,2026-05-14T21:40:28,2026-05-14T21:40:28
693,456.302.897-56,Marina Rios,1996-03-08,rlima@example.org,+55 35 0654-1134,Machado,PI,VAREJO,ATIVO,2025-07-02T23:12:24,2025-07-02T23:12:24
694,647.085.913-57,Mariah Novaes,1962-08-10,ana-beatriznovaes@example.org,49 8999-6269,Viana de Albuquerque,PE,EMPRESARIAL,ATIVO,2019-06-03T12:17:19,2019-06-03T12:17:19
695,681.349.075-39,Dr. Fernando Fonseca,1956-06-29,kbarbosa@example.com,49 0932-0126,Marques do Galho,RJ,ALTA_RENDA,ATIVO,2023-02-27T13:38:42,2023-02-27T13:38:42
696,260.974.581-85,Brayan Viana,1978-08-10,vfonseca@example.net,28 1777-4127,Gomes da Serra,SE,COOPERADO,ATIVO,2025-08-19T23:44:19,2025-08-19T23:44:19
697,892.704.351-05,Felipe Castro,1945-08-22,maria-lizfarias@example.net,+55 37 7045-4218,Rodrigues da Mata,MS,ALTA_RENDA,ATIVO,2019-05-22T02:03:27,2019-05-22T02:03:27
698,056.741.923-16,Luiz Otávio Monteiro,1973-08-23,santosarthur-miguel@example.net,+55 27 1635-6407,Cunha,TO,COOPERADO,ATIVO,2025-08-27T10:50:31,2025-08-27T10:50:31
699,728.469.503-00,Ryan Moreira,1949-10-26,lorenzosales@example.com,79 3126-1685,Mendes,AP,VAREJO,INATIVO,2020-12-07T03:34:32,2020-12-07T03:34:32
700,580.764.293-74,Bianca Ribeiro,1944-07-28,diasmarcelo@example.com,+55 38 0537-0923,Andrade,PB,VAREJO,ATIVO,2025-04-02T23:59:37,2025-04-02T23:59:37
701,650.732.941-06,Lunna Sampaio,1945-05-21,rafael29@example.net,84 6989-3652,da Mota do Amparo,SP,ALTA_RENDA,ATIVO,2025-06-14T13:54:05,2025-06-14T13:54:05
702,182.397.064-87,José Pedro Farias,1948-06-05,cassianoclarice@example.net,63 3217-4357,Moura de Goiás,MT,COOPERADO,ATIVO,2022-01-30T11:55:39,2022-01-30T11:55:39
703,260.394.871-78,Evelyn Pastor,1999-11-10,theodoroda-rosa@example.net,94 3842-5364,Carvalho da Prata,AL,EMPRESARIAL,ATIVO,2026-05-18T09:42:55,2026-05-18T09:42:55
704,078.259.316-02,Lívia Fogaça,1963-01-29,fonsecaisabella@example.org,+55 84 9209-0855,Aparecida,PR,VAREJO,ATIVO,2021-05-28T17:24:49,2021-05-28T17:24:49
705,401.785.962-30,Antony Casa Grande,1983-05-13,ana-carolina76@example.org,+55 74 2069-5354,Rodrigues,CE,COOPERADO,ATIVO,2024-07-08T08:46:10,2024-07-08T08:46:10
706,128.374.506-26,Oliver Teixeira,2008-06-28,barrosantonella@example.org,37 3259-4795,Macedo,MA,COOPERADO,ATIVO,2018-07-28T01:35:51,2018-07-28T01:35:51
707,719.586.320-40,Dr. Arthur da Conceição,1943-07-19,aragaoantony@example.com,17 9340-3910,Ferreira Grande,AL,COOPERADO,ATIVO,2025-08-31T12:51:44,2025-08-31T12:51:44
708,604.897.235-00,Lucca Pimenta,2000-04-30,zoefogaca@example.com,+55 95 5952-0561,Araújo,PA,VAREJO,ATIVO,2020-05-22T12:22:25,2020-05-22T12:22:25
709,908.346.751-10,Sra. Pietra da Luz,2006-02-23,vasconcelosrodrigo@example.com,94 4233-9449,Câmara do Sul,AC,ALTA_RENDA,ATIVO,2022-09-15T18:29:03,2022-09-15T18:29:03
710,762.980.143-22,Brayan Monteiro,1967-04-13,gabriellydias@example.com,+55 55 6241-7842,Pires,CE,EMPRESARIAL,ATIVO,2022-09-27T20:04:36,2022-09-27T20:04:36
711,238.960.475-74,Ana Cecília Ramos,1985-07-30,crocha@example.com,+55 95 0886-8430,Camargo,AP,EMPRESARIAL,ATIVO,2023-06-09T07:24:19,2023-06-09T07:24:19
712,732.409.618-22,Ísis Machado,1966-09-12,marcelo12@example.net,68 4260-3362,Sales,BA,COOPERADO,ATIVO,2021-11-26T18:10:08,2021-11-26T18:10:08
713,582.073.469-65,Pedro Miguel Camargo,1971-09-14,ferreiralorenzo@example.org,+55 12 2362-1921,Moura do Campo,PE,VAREJO,ATIVO,2021-09-17T17:36:29,2021-09-17T17:36:29
714,705.483.961-75,Vitor Gabriel Freitas,1979-07-19,isis81@example.net,28 9772-1688,Santos,AL,EMPRESARIAL,ATIVO,2026-04-21T21:16:05,2026-04-21T21:16:05
715,537.496.108-00,Daniela Moraes,1991-08-18,zcavalcanti@example.net,14 5401-8227,Abreu,AL,VAREJO,ATIVO,2025-02-21T01:37:33,2025-02-21T01:37:33
716,342.516.809-60,João Lucas da Mota,1952-08-26,pda-mota@example.org,+55 55 8116-5993,Rocha,BA,COOPERADO,ATIVO,2023-04-03T13:34:00,2023-04-03T13:34:00
717,029.517.834-50,Davi Lucca Cardoso,1990-08-18,wmonteiro@example.org,+55 46 3530-2816,Aragão das Pedras,GO,COOPERADO,BLOQUEADO,2023-11-26T00:12:46,2023-11-26T00:12:46
718,095.741.362-99,Dr. Calebe Pimenta,1967-07-03,joaovargas@example.org,+55 16 2916-1746,Castro,RJ,EMPRESARIAL,ATIVO,2020-03-29T05:36:12,2020-03-29T05:36:12
719,310.284.675-08,Elisa Cassiano,1991-07-16,costaisaac@example.com,89 0805-6856,Marques do Norte,MG,EMPRESARIAL,ATIVO,2023-01-30T10:51:06,2023-01-30T10:51:06
720,621.493.870-69,João Pedro Vasconcelos,1956-06-23,ana-clara07@example.com,55 3493-3965,da Rosa,RS,EMPRESARIAL,ATIVO,2024-07-10T04:41:28,2024-07-10T04:41:28
721,273.168.540-90,Juan Casa Grande,1981-09-13,pedro62@example.net,38 8542-1880,Peixoto de Rodrigues,RN,VAREJO,ATIVO,2021-10-09T02:58:39,2021-10-09T02:58:39
722,962.517.048-02,Henry Costa,1947-03-28,rhavi24@example.com,+55 77 5058-3334,Andrade,SE,EMPRESARIAL,ATIVO,2024-11-09T20:27:54,2024-11-09T20:27:54
723,195.674.380-48,Dr. Léo Martins,1987-06-27,ksales@example.net,12 7576-9453,da Costa das Pedras,MS,EMPRESARIAL,ATIVO,2020-08-12T10:51:45,2020-08-12T10:51:45
724,468.597.301-10,João Lucas Cardoso,1978-12-19,cavalcanticaroline@example.com,47 0809-5948,Fernandes,CE,ALTA_RENDA,ATIVO,2022-08-01T02:01:36,2022-08-01T02:01:36
725,925.684.317-09,Emilly Camargo,1992-04-23,apollomarques@example.com,+55 61 3591-4261,Aragão Paulista,RS,COOPERADO,BLOQUEADO,2021-12-17T00:15:06,2021-12-17T00:15:06
726,392.807.415-60,Srta. Milena Nunes,1977-08-12,qcamara@example.com,+55 89 1008-1785,Casa Grande,AM,COOPERADO,ATIVO,2023-07-12T23:37:23,2023-07-12T23:37:23
727,871.425.903-60,Lara Sousa,1945-12-19,luanamontenegro@example.com,+55 99 4701-7320,Vieira Alegre,SC,ALTA_RENDA,ATIVO,2021-09-12T12:03:54,2021-09-12T12:03:54
728,378.914.652-82,Esther Correia,1996-05-22,habreu@example.com,+55 32 0527-8105,Rezende do Galho,RO,COOPERADO,ATIVO,2019-10-27T14:04:46,2019-10-27T14:04:46
729,092.351.486-42,Liam Martins,2007-07-13,isaquelima@example.org,22 3913-6817,Andrade,DF,ALTA_RENDA,ATIVO,2018-12-14T19:34:06,2018-12-14T19:34:06
730,658.714.302-44,Ester Oliveira,1948-11-02,pviana@example.com,+55 54 5953-3222,da Conceição de Sampaio,RN,ALTA_RENDA,ATIVO,2020-04-01T13:41:53,2020-04-01T13:41:53
731,820.963.147-04,Ian Lima,1953-07-02,gborges@example.com,+55 19 7610-8708,Gomes,RN,EMPRESARIAL,INATIVO,2026-03-02T10:22:27,2026-03-02T10:22:27
732,182.693.047-78,Camila Cassiano,1974-06-10,wbrito@example.net,+55 88 8821-7648,Vasconcelos das Flores,PR,COOPERADO,BLOQUEADO,2025-04-08T00:07:08,2025-04-08T00:07:08
733,742.165.809-20,Dra. Allana Porto,1954-03-12,saana@example.com,+55 66 5892-2256,Garcia,CE,COOPERADO,ATIVO,2021-04-28T15:34:18,2021-04-28T15:34:18
734,953.280.741-14,Bernardo Ramos,1996-06-08,nascimentodaniel@example.com,61 7413-0753,Vargas do Campo,RS,ALTA_RENDA,ATIVO,2026-02-14T07:06:35,2026-02-14T07:06:35
735,201.736.598-02,Laura Ribeiro,1978-10-14,kda-conceicao@example.net,86 5615-4705,da Cunha Verde,AP,VAREJO,ATIVO,2021-04-27T13:15:07,2021-04-27T13:15:07
736,159.382.067-40,Dr. João Gabriel Almeida,1994-12-15,oliveirafernanda@example.net,+55 86 9578-7520,Abreu de Carvalho,AC,EMPRESARIAL,ATIVO,2020-01-18T12:22:42,2020-01-18T12:22:42
737,620.743.958-92,Leandro Barbosa,1957-10-27,ryansa@example.net,71 9678-9760,Cunha de Barbosa,CE,EMPRESARIAL,ATIVO,2020-01-01T06:20:42,2020-01-01T06:20:42
738,731.649.582-00,Ana Marques,1969-07-30,sofia89@example.com,67 5339-4319,Pires,SP,COOPERADO,ATIVO,2022-09-27T03:08:56,2022-09-27T03:08:56
739,430.956.278-74,Diogo Aparecida,1966-07-29,isaquepastor@example.org,43 0576-4497,Mendes do Sul,RR,COOPERADO,ATIVO,2021-05-12T15:24:05,2021-05-12T15:24:05
740,267.395.814-28,Pietro Pastor,1943-12-18,helenaferreira@example.com,+55 19 4500-6355,Melo,DF,ALTA_RENDA,ATIVO,2018-07-29T17:54:22,2018-07-29T17:54:22
741,649.813.702-96,Maria Alice Carvalho,1943-02-15,ucamara@example.org,+55 27 5970-2551,Moura,CE,COOPERADO,ATIVO,2023-07-29T13:57:30,2023-07-29T13:57:30
742,364.102.798-50,Maria Júlia Ferreira,1972-01-18,julia63@example.com,34 4434-4149,Gonçalves,RJ,EMPRESARIAL,ATIVO,2022-01-30T19:49:17,2022-01-30T19:49:17
743,938.652.471-64,Henry Gabriel Oliveira,2003-09-18,julia40@example.net,+55 71 2309-5862,Silveira de Cunha,RJ,COOPERADO,ATIVO,2023-09-12T23:54:15,2023-09-12T23:54:15
744,894.015.637-48,Bento Sales,1986-02-02,ianmendes@example.org,87 5485-3465,Melo Verde,BA,ALTA_RENDA,ATIVO,2025-07-09T03:44:45,2025-07-09T03:44:45
745,203.869.471-04,Mateus Azevedo,1999-01-11,pietronunes@example.org,+55 18 2512-1375,Fogaça do Galho,RR,EMPRESARIAL,ATIVO,2025-03-07T10:04:26,2025-03-07T10:04:26
746,358.769.021-95,Henrique Azevedo,1981-01-17,eloah84@example.org,+55 99 5663-1138,Aragão do Oeste,MA,EMPRESARIAL,ATIVO,2021-11-23T17:24:42,2021-11-23T17:24:42
747,362.581.097-21,Raul da Rocha,2001-02-22,viniciusjesus@example.org,+55 47 0437-9686,Andrade,PI,EMPRESARIAL,ATIVO,2020-02-16T08:53:19,2020-02-16T08:53:19
748,524.370.189-05,Raquel Macedo,1994-06-04,davi-lucas74@example.org,+55 21 4350-2385,Castro,CE,COOPERADO,ATIVO,2026-03-27T05:46:57,2026-03-27T05:46:57
749,946.321.780-04,Guilherme Carvalho,1996-01-11,ravi-luccaalbuquerque@example.org,+55 15 2569-1330,Almeida,ES,COOPERADO,ATIVO,2023-04-28T01:29:33,2023-04-28T01:29:33
750,678.059.312-59,Pedro Lucas Lima,1953-12-27,maria-lizpimenta@example.net,41 5302-4530,Cavalcanti,ES,VAREJO,ATIVO,2020-09-21T01:48:50,2020-09-21T01:48:50
751,847.160.539-20,Davi Lucas Nogueira,1990-07-24,maria-cecilia19@example.net,+55 15 1722-2405,Macedo,TO,EMPRESARIAL,ATIVO,2023-07-07T09:24:17,2023-07-07T09:24:17
752,647.503.812-17,Bianca Pinto,2000-05-10,viniciusaragao@example.com,45 8387-2725,Cirino,BA,COOPERADO,ATIVO,2024-09-15T21:10:58,2024-09-15T21:10:58
753,056.342.879-10,Ryan da Cruz,1962-02-10,marcelaoliveira@example.org,+55 77 1211-0187,da Costa,RR,VAREJO,ATIVO,2023-08-29T10:41:01,2023-08-29T10:41:01
754,860.573.912-68,Srta. Heloisa Peixoto,1964-02-26,claricecaldeira@example.net,+55 97 5295-1712,Casa Grande,PR,COOPERADO,ATIVO,2024-06-02T16:58:17,2024-06-02T16:58:17
755,438.971.605-01,Dom Casa Grande,2004-11-22,garcialuiz-gustavo@example.com,32 4963-3083,da Rocha,MA,ALTA_RENDA,INATIVO,2021-11-11T22:22:08,2021-11-11T22:22:08
756,047.865.291-76,Alícia Cavalcante,1961-02-12,freitasgabriela@example.net,42 1953-7749,Gonçalves,PA,ALTA_RENDA,ATIVO,2022-05-01T20:04:36,2022-05-01T20:04:36
757,325.918.764-28,Luiza Vieira,1983-10-02,liamfogaca@example.net,+55 66 0616-5812,Alves,RS,COOPERADO,ATIVO,2024-02-29T04:08:24,2024-02-29T04:08:24
758,294.068.357-38,Liam Dias,1965-08-31,bda-conceicao@example.org,83 2629-4206,Barbosa Alegre,RO,VAREJO,ATIVO,2023-06-09T09:04:45,2023-06-09T09:04:45
759,805.917.632-30,João Gabriel Oliveira,1958-03-15,leviazevedo@example.net,+55 41 2212-1548,Silva,MS,EMPRESARIAL,ATIVO,2023-11-14T04:50:04,2023-11-14T04:50:04
760,689.435.207-00,Brenda Moura,1977-03-13,vinicius88@example.org,54 4420-0629,Macedo de Porto,PE,VAREJO,ATIVO,2019-11-15T10:22:40,2019-11-15T10:22:40
761,589.673.412-37,Sra. Bárbara Peixoto,1973-04-04,isilveira@example.org,19 2192-6221,Cirino,AC,COOPERADO,INATIVO,2020-08-23T20:14:35,2020-08-23T20:14:35
762,104.972.683-96,Sra. Sophia Nunes,1961-05-12,borgesmaria-julia@example.net,77 2699-9949,Rezende,CE,EMPRESARIAL,ATIVO,2024-06-08T08:27:21,2024-06-08T08:27:21
763,310.789.456-75,Dra. Eloá Santos,1975-07-09,araujoanthony@example.com,+55 82 2853-8631,Duarte,RS,VAREJO,ATIVO,2024-07-03T14:49:06,2024-07-03T14:49:06
764,243.816.057-80,Eloá Ribeiro,1943-09-21,araujomanuella@example.com,0800 627 6332,Montenegro,RN,EMPRESARIAL,ATIVO,2021-05-05T20:58:54,2021-05-05T20:58:54
765,397.850.264-00,Ágatha Sá,2001-04-30,zcavalcanti@example.com,+55 46 3684-1013,Ribeiro,PE,EMPRESARIAL,ATIVO,2021-11-04T07:59:23,2021-11-04T07:59:23
766,392.054.186-33,Ana Luiza Moura,1994-05-25,tduarte@example.net,+55 16 6776-1065,Abreu,RS,VAREJO,ATIVO,2019-11-25T08:48:24,2019-11-25T08:48:24
767,891.652.704-01,Melina Jesus,2001-09-24,marquesmilena@example.net,+55 48 5969-8384,Ribeiro do Amparo,CE,ALTA_RENDA,ATIVO,2026-07-06T21:59:57,2026-07-06T21:59:57
768,026.387.491-50,Aylla Carvalho,1990-07-17,manuela34@example.net,95 9925-5394,Pires do Sul,SP,COOPERADO,INATIVO,2024-04-23T22:18:15,2024-04-23T22:18:15
769,420.386.159-42,Liz Azevedo,1970-10-20,noliveira@example.com,89 0808-9747,Novais da Praia,RO,VAREJO,ATIVO,2024-11-04T11:22:44,2024-11-04T11:22:44
770,946.208.173-50,Noah Martins,1982-08-09,aliciamarques@example.net,38 3698-8164,da Luz,MA,EMPRESARIAL,ATIVO,2025-10-19T19:04:27,2025-10-19T19:04:27
771,926.081.735-86,Cecilia Marques,1962-01-26,goncalvesisabelly@example.com,+55 32 0824-8458,Vargas,ES,ALTA_RENDA,BLOQUEADO,2018-08-25T17:33:35,2018-08-25T17:33:35
772,893.650.217-40,Ágatha Novaes,1940-08-07,maria-juliada-luz@example.net,+55 47 8563-0275,Aragão,AC,EMPRESARIAL,ATIVO,2023-04-19T08:31:00,2023-04-19T08:31:00
773,568.049.237-74,Luiz Henrique Gomes,1955-01-18,gael84@example.net,+55 81 7846-7908,Silveira de Almeida,RS,COOPERADO,ATIVO,2018-12-15T17:29:21,2018-12-15T17:29:21
774,726.509.483-29,Maria Fernanda Sales,1948-08-12,aragaoravi@example.com,19 4429-9067,Rios Alegre,PA,ALTA_RENDA,ATIVO,2023-01-30T05:53:53,2023-01-30T05:53:53
775,652.703.189-03,Dr. Pedro Henrique Mendes,1978-07-30,ana-vitorialima@example.org,+55 77 2190-5334,Vieira de Alves,GO,COOPERADO,ATIVO,2026-03-29T15:58:16,2026-03-29T15:58:16
776,764.925.830-00,Maya Duarte,1974-07-07,gaelda-conceicao@example.net,+55 89 5071-2455,Caldeira,CE,COOPERADO,BLOQUEADO,2021-03-06T19:18:49,2021-03-06T19:18:49
777,908.513.627-02,Bernardo Silva,1988-04-20,xda-costa@example.net,+55 63 7726-4883,Novais Alegre,RR,EMPRESARIAL,ATIVO,2025-08-13T08:21:06,2025-08-13T08:21:06
778,852.147.693-00,Levi Brito,1986-07-03,gcamargo@example.com,91 5917-1050,Fonseca,MA,VAREJO,ATIVO,2021-04-19T01:41:29,2021-04-19T01:41:29
779,478.263.190-13,Sr. Kaique Macedo,1981-05-06,henry-gabriel71@example.com,21 9734-4930,da Conceição do Amparo,PE,EMPRESARIAL,ATIVO,2019-05-10T04:46:52,2019-05-10T04:46:52
780,391.478.062-22,Vicente Peixoto,1976-12-03,leticiaandrade@example.net,86 8828-1527,Costa de Albuquerque,MA,ALTA_RENDA,ATIVO,2018-10-28T03:21:13,2018-10-28T03:21:13
781,625.708.193-95,Sra. Maria Luísa Duarte,1996-11-08,beatrizsiqueira@example.org,88 8018-9156,Correia de da Rocha,GO,ALTA_RENDA,ATIVO,2023-04-14T21:53:15,2023-04-14T21:53:15
782,719.356.824-82,Ana Luiza das Neves,1999-09-21,ottogoncalves@example.org,+55 98 6645-0999,Sales,AL,ALTA_RENDA,ATIVO,2021-10-23T09:01:00,2021-10-23T09:01:00
783,895.314.026-98,Manuela Castro,1948-03-12,santosenzo-gabriel@example.net,64 8442-4648,Pinto dos Dourados,RJ,ALTA_RENDA,ATIVO,2018-12-22T20:59:08,2018-12-22T20:59:08
784,285.639.470-10,Brenda Pastor,1965-10-16,cavalcantijoao-pedro@example.org,74 9789-1248,Porto,RN,ALTA_RENDA,ATIVO,2022-04-16T23:47:20,2022-04-16T23:47:20
785,719.024.583-97,João Felipe Vieira,2002-04-22,laismonteiro@example.org,99 6811-2303,Sá das Pedras,PI,VAREJO,ATIVO,2025-11-17T14:21:36,2025-11-17T14:21:36
786,137.640.295-52,Enzo Caldeira,1948-04-29,kmartins@example.org,47 5286-6933,Borges Alegre,SC,EMPRESARIAL,ATIVO,2025-02-28T00:12:44,2025-02-28T00:12:44
787,079.652.183-21,Davi Campos,1974-11-25,emanuelalbuquerque@example.org,0800 297 4255,da Cruz,SC,ALTA_RENDA,ATIVO,2023-02-22T23:41:35,2023-02-22T23:41:35
788,905.648.731-01,Sr. Davi Luiz da Rosa,1969-08-04,maria-eduardacostela@example.com,+55 34 5873-6627,Cunha,RR,VAREJO,ATIVO,2018-12-04T08:27:03,2018-12-04T08:27:03
789,963.128.057-86,Lívia Nogueira,1964-04-16,lorena15@example.net,18 7315-6639,Nunes de Cirino,MS,COOPERADO,BLOQUEADO,2022-11-25T11:54:29,2022-11-25T11:54:29
790,196.283.074-87,Isabella Melo,1964-02-27,dcirino@example.org,+55 67 8966-6053,Cavalcanti do Galho,AP,COOPERADO,ATIVO,2025-04-14T00:54:12,2025-04-14T00:54:12
791,491.653.082-98,Nicole Duarte,1966-04-08,brunanascimento@example.net,21 6405-1038,Carvalho,PR,COOPERADO,ATIVO,2025-06-07T01:09:02,2025-06-07T01:09:02
792,042.361.597-16,José Pedro Rocha,2007-04-06,maria18@example.net,+55 91 9530-9690,Monteiro das Flores,GO,VAREJO,ATIVO,2020-05-20T21:37:06,2020-05-20T21:37:06
793,902.145.736-99,Liam Sá,1987-11-14,henry-gabriel35@example.net,81 2717-4306,Viana,AM,EMPRESARIAL,ATIVO,2024-12-30T09:21:31,2024-12-30T09:21:31
794,403.219.865-98,Yan Melo,1992-02-12,vrezende@example.com,97 3336-4770,Brito de Goiás,RR,COOPERADO,ATIVO,2021-10-30T07:24:43,2021-10-30T07:24:43
795,015.843.972-41,Catarina Ferreira,1941-02-19,lucas-gabriel04@example.org,+55 71 3190-5772,da Mata,SP,EMPRESARIAL,ATIVO,2023-09-17T20:23:35,2023-09-17T20:23:35
796,097.542.863-29,João Gabriel Freitas,1959-08-01,domaraujo@example.net,88 9412-2487,Pastor,SC,ALTA_RENDA,ATIVO,2019-02-16T23:40:38,2019-02-16T23:40:38
797,726.843.109-04,Sr. Thales da Rosa,1990-08-09,leoda-rocha@example.org,11 3261-1890,Correia,MA,ALTA_RENDA,ATIVO,2023-04-24T18:11:05,2023-04-24T18:11:05
798,619.803.547-66,Eloá Araújo,1966-08-06,bernardoandrade@example.net,35 3662-1953,Nogueira Verde,AC,VAREJO,ATIVO,2023-01-14T18:38:04,2023-01-14T18:38:04
799,795.068.342-29,Sr. Apollo Martins,1941-03-29,maria-eduardaborges@example.org,+55 19 7221-1386,Souza,PE,ALTA_RENDA,ATIVO,2021-06-13T04:07:37,2021-06-13T04:07:37
800,167.980.452-94,Sra. Maria Luísa Vieira,1972-09-21,monteirohenry@example.net,+55 69 8170-7443,Aragão Grande,TO,ALTA_RENDA,ATIVO,2026-02-02T09:38:50,2026-02-02T09:38:50
801,492.176.058-67,Diego Fernandes,1955-11-30,paulopastor@example.com,+55 41 2094-4772,Pimenta do Sul,DF,ALTA_RENDA,ATIVO,2025-01-09T23:14:23,2025-01-09T23:14:23
802,658.017.349-10,Nina Pereira,1986-06-16,benicio24@example.com,44 9851-6021,Oliveira,RO,EMPRESARIAL,ATIVO,2020-02-13T11:07:24,2020-02-13T11:07:24
803,812.634.579-91,Dra. Zoe Jesus,1948-01-30,maria-luiza86@example.net,67 2376-0088,das Neves dos Dourados,GO,EMPRESARIAL,ATIVO,2021-04-14T05:23:10,2021-04-14T05:23:10
804,371.406.582-26,Caroline Barros,1942-03-04,cda-rosa@example.org,63 9836-9235,da Mota,PI,EMPRESARIAL,ATIVO,2022-11-30T04:51:46,2022-11-30T04:51:46
805,647.081.935-48,Dr. Pedro Cirino,1958-11-14,antonycavalcante@example.org,+55 69 3720-5503,Abreu,AL,EMPRESARIAL,ATIVO,2022-11-26T03:09:27,2022-11-26T03:09:27
806,896.123.405-60,Alana Abreu,1941-12-19,camposthiago@example.org,63 0091-6923,Rodrigues,PR,VAREJO,ATIVO,2018-09-20T12:15:27,2018-09-20T12:15:27
807,789.564.013-57,Maitê da Rosa,1954-04-12,novaeslais@example.com,+55 99 6300-0998,Rodrigues de Goiás,ES,ALTA_RENDA,ATIVO,2026-07-05T07:42:17,2026-07-05T07:42:17
808,137.064.598-84,Maria Eduarda Sales,1970-02-19,bella82@example.net,27 2034-0153,Teixeira de Goiás,GO,ALTA_RENDA,ATIVO,2019-07-29T23:04:33,2019-07-29T23:04:33
809,075.348.216-90,Marina Macedo,1968-08-29,cauebrito@example.org,+55 62 4028-1822,Moraes,PB,EMPRESARIAL,ATIVO,2022-01-23T08:08:41,2022-01-23T08:08:41
810,402.318.769-04,Julia Sales,1981-02-25,joao-gabriel73@example.com,+55 81 6423-5700,Borges da Serra,RN,VAREJO,ATIVO,2026-05-30T23:25:31,2026-05-30T23:25:31
811,825.046.379-00,Lunna Ferreira,1947-01-03,da-pazisabella@example.org,+55 19 0792-3046,Alves do Norte,AP,VAREJO,ATIVO,2025-02-16T07:00:47,2025-02-16T07:00:47
812,382.905.476-92,Davi Lucas Nunes,1949-04-05,wazevedo@example.org,+55 54 0485-0766,Câmara Paulista,MA,EMPRESARIAL,ATIVO,2023-05-05T17:53:50,2023-05-05T17:53:50
813,042.135.678-26,Amanda Caldeira,1966-07-19,fariasrenan@example.org,46 7347-2435,Barros do Amparo,PA,COOPERADO,ATIVO,2024-09-25T19:19:37,2024-09-25T19:19:37
814,251.867.390-30,Milena Abreu,1976-12-14,tleao@example.com,42 6224-1976,Moraes de da Mata,SE,VAREJO,ATIVO,2020-01-02T08:25:03,2020-01-02T08:25:03
815,791.584.023-14,Sr. Arthur Miguel Jesus,1982-12-30,moraesana-julia@example.net,88 4223-5434,das Neves,SC,EMPRESARIAL,ATIVO,2021-01-22T18:28:50,2021-01-22T18:28:50
816,682.019.735-77,Luiz Henrique Castro,1969-02-04,theo92@example.org,62 4411-1973,Moura,BA,EMPRESARIAL,ATIVO,2026-01-15T02:07:53,2026-01-15T02:07:53
817,063.218.479-50,Srta. Vitória Moreira,1972-02-10,larissa80@example.com,63 4051-1021,Freitas,MA,COOPERADO,ATIVO,2020-09-06T21:42:08,2020-09-06T21:42:08
818,412.805.396-15,Vitória Lima,1953-11-27,da-costamaysa@example.org,+55 45 8600-3203,Peixoto,PB,VAREJO,ATIVO,2024-02-24T18:10:28,2024-02-24T18:10:28
819,901.826.437-78,Bruna da Costa,1978-01-16,samaysa@example.net,+55 45 9786-0162,Rodrigues do Norte,SC,ALTA_RENDA,ATIVO,2025-08-10T18:38:54,2025-08-10T18:38:54
820,147.682.503-35,Gustavo Macedo,1975-02-01,pietro58@example.org,+55 51 0728-8780,Carvalho de Vasconcelos,PB,COOPERADO,ATIVO,2020-10-05T18:37:46,2020-10-05T18:37:46
821,037.986.542-47,Olivia Cassiano,1981-04-22,nathanrocha@example.net,53 4771-8375,Aparecida,PB,EMPRESARIAL,ATIVO,2025-01-12T16:35:53,2025-01-12T16:35:53
822,810.924.756-30,Dr. Theodoro Andrade,2000-05-01,cavalcantetheo@example.net,19 3236-2216,Vieira,MG,EMPRESARIAL,ATIVO,2022-02-17T12:50:01,2022-02-17T12:50:01
823,685.932.741-37,Mathias Macedo,1981-07-24,davi-lucca69@example.net,+55 51 3952-1501,da Rosa Grande,MG,EMPRESARIAL,ATIVO,2024-04-03T05:09:22,2024-04-03T05:09:22
824,703.128.546-17,Daniel Pinto,1945-07-05,joao-guilhermeda-paz@example.net,18 8130-0416,Albuquerque,MT,EMPRESARIAL,BLOQUEADO,2018-08-08T18:05:49,2018-08-08T18:05:49
825,021.893.467-03,Dra. Maria Julia Sampaio,1998-12-17,isis33@example.net,34 3481-1050,Teixeira,GO,ALTA_RENDA,ATIVO,2020-07-05T09:15:06,2020-07-05T09:15:06
826,642.385.901-98,Isadora Novaes,2002-08-18,aurora12@example.net,+55 37 7751-2395,Montenegro de Brito,MT,VAREJO,ATIVO,2022-10-22T08:34:38,2022-10-22T08:34:38
827,260.854.379-00,Sra. Allana Cassiano,1965-03-20,ana65@example.com,68 7720-5171,Marques,DF,COOPERADO,ATIVO,2020-10-09T14:06:28,2020-10-09T14:06:28
828,871.236.540-80,Ana Liz Cunha,1944-09-21,mendoncaanna-liz@example.com,+55 91 8027-4148,Santos dos Dourados,RO,COOPERADO,ATIVO,2025-08-07T04:00:41,2025-08-07T04:00:41
829,028.763.491-40,Valentim da Rosa,1952-11-19,machadolara@example.com,+55 97 2076-3271,Fernandes,DF,VAREJO,ATIVO,2021-10-28T23:44:08,2021-10-28T23:44:08
830,679.512.803-21,Dra. Olívia Pereira,1990-01-04,jesusbento@example.com,98 8693-2055,da Luz,AC,COOPERADO,ATIVO,2023-03-26T03:29:43,2023-03-26T03:29:43
831,082.314.679-04,Dr. Paulo da Cunha,1964-03-02,diasmatheus@example.net,32 6707-8977,Ferreira Paulista,CE,COOPERADO,ATIVO,2025-04-08T22:05:04,2025-04-08T22:05:04
832,103.642.987-31,Nathan Souza,1970-04-04,maria-alicesiqueira@example.org,+55 75 0222-7111,Freitas de Rezende,PR,ALTA_RENDA,ATIVO,2025-10-19T13:51:57,2025-10-19T13:51:57
833,179.380.245-97,João Pedro da Mata,1969-07-19,joliveira@example.org,+55 19 5216-9039,Cirino,AC,EMPRESARIAL,ATIVO,2023-09-23T03:29:04,2023-09-23T03:29:04
834,680.721.345-07,Bento Lima,2001-09-15,barbosamanuella@example.com,+55 15 3163-7050,da Rocha,RJ,ALTA_RENDA,ATIVO,2020-02-05T20:32:02,2020-02-05T20:32:02
835,267.195.340-25,Pedro Lucas Castro,1954-01-21,livia63@example.net,+55 12 8390-6540,Ferreira,RN,COOPERADO,ATIVO,2020-05-04T09:19:48,2020-05-04T09:19:48
836,851.947.603-10,Srta. Sabrina Cirino,1990-02-20,castroisaac@example.com,+55 88 5049-6026,Machado das Flores,RS,EMPRESARIAL,ATIVO,2023-10-11T18:56:32,2023-10-11T18:56:32
837,279.458.601-76,Marcelo Almeida,1963-02-05,asilveira@example.net,73 4067-5602,Nogueira,AC,VAREJO,INATIVO,2025-07-29T07:42:15,2025-07-29T07:42:15
838,120.967.854-30,Ana Beatriz da Mota,1985-10-28,vitoria90@example.net,+55 89 2253-3320,da Cruz,MS,COOPERADO,INATIVO,2024-08-24T01:34:46,2024-08-24T01:34:46
839,258.907.136-12,Sr. Henry Gabriel Guerra,1945-02-20,oliver93@example.org,+55 81 2436-2962,Nascimento,AC,ALTA_RENDA,ATIVO,2018-11-29T14:41:56,2018-11-29T14:41:56
840,831.725.094-60,Lívia Sá,1964-03-01,ndias@example.net,+55 61 0123-7631,Marques de das Neves,RJ,VAREJO,ATIVO,2023-05-14T08:40:12,2023-05-14T08:40:12
841,210.384.967-13,Gabrielly Machado,1965-11-09,gael-henrique92@example.org,61 7131-7536,Lima,GO,COOPERADO,ATIVO,2020-12-05T07:30:44,2020-12-05T07:30:44
842,286.930.174-03,Mariana Campos,1972-10-12,ovargas@example.org,+55 12 9928-4524,Correia,CE,COOPERADO,ATIVO,2021-04-10T14:21:09,2021-04-10T14:21:09
843,153.628.097-68,Gustavo Henrique Silveira,1988-07-19,guilhermepacheco@example.net,+55 46 4308-7797,da Luz,PB,VAREJO,ATIVO,2019-06-20T01:12:38,2019-06-20T01:12:38
844,542.108.673-90,Luna Sampaio,1981-10-06,pastorluiz-miguel@example.net,+55 12 4877-0676,Costela,ES,COOPERADO,ATIVO,2019-08-24T03:44:05,2019-08-24T03:44:05
845,986.207.531-77,Ágatha Rios,1992-02-12,luana40@example.net,35 8588-3825,Santos do Amparo,BA,EMPRESARIAL,ATIVO,2020-01-05T16:50:36,2020-01-05T16:50:36
846,204.361.759-16,Liam Sousa,1968-02-03,enrico96@example.org,+55 67 2250-1825,Cavalcante da Mata,PB,COOPERADO,ATIVO,2025-04-09T22:38:30,2025-04-09T22:38:30
847,634.150.782-80,João Guilherme Borges,1952-04-10,luiz-fernando90@example.org,66 6270-2660,Fernandes do Norte,RJ,COOPERADO,ATIVO,2023-04-07T12:19:27,2023-04-07T12:19:27
848,321.980.456-05,Ana Vitória Aragão,1965-02-24,oliveirapedro-lucas@example.org,47 3892-2247,Borges,RJ,ALTA_RENDA,ATIVO,2022-03-23T23:15:38,2022-03-23T23:15:38
849,096.841.357-93,Dr. João Lucas Guerra,1955-09-07,rodrigueslarissa@example.org,86 6264-3850,Oliveira,MT,EMPRESARIAL,ATIVO,2021-10-25T21:05:04,2021-10-25T21:05:04
850,234.806.795-10,Daniel Costela,1956-02-05,julianacamargo@example.org,+55 99 4164-2316,da Mota da Mata,AM,COOPERADO,ATIVO,2022-07-03T15:03:37,2022-07-03T15:03:37
851,372.965.814-09,Otávio Sales,2002-11-09,theodoropereira@example.com,+55 75 9046-1755,Moraes,PI,EMPRESARIAL,ATIVO,2024-12-07T16:36:32,2024-12-07T16:36:32
852,173.926.084-87,Hellena Macedo,1970-08-07,vitor41@example.com,+55 71 3456-5386,Machado Verde,SP,VAREJO,ATIVO,2018-09-25T11:29:45,2018-09-25T11:29:45
853,254.679.130-34,Ana Cecília da Mota,2008-06-09,mcavalcanti@example.net,73 4100-9538,Pires Alegre,PR,VAREJO,ATIVO,2018-08-28T12:57:46,2018-08-28T12:57:46
854,216.598.730-02,Henry Mendes,1991-01-19,da-luzleticia@example.org,24 7614-3788,da Mota do Oeste,PB,EMPRESARIAL,ATIVO,2020-11-04T10:27:32,2020-11-04T10:27:32
855,617.952.384-37,Caroline Rocha,1944-01-19,osa@example.com,+55 34 5418-5899,Araújo,BA,EMPRESARIAL,ATIVO,2021-12-07T22:23:48,2021-12-07T22:23:48
856,210.649.578-11,Maria Isis Almeida,1971-05-18,ravy56@example.com,+55 19 5033-7469,Cunha,AC,ALTA_RENDA,ATIVO,2022-08-10T23:52:35,2022-08-10T23:52:35
857,730.685.924-29,Fernando Leão,1967-07-15,kmelo@example.net,15 1908-7886,Cunha do Galho,SP,COOPERADO,ATIVO,2022-09-03T19:43:16,2022-09-03T19:43:16
858,906.314.785-66,Eloá Sampaio,1962-12-26,bguerra@example.net,28 5049-2217,da Luz,RS,VAREJO,ATIVO,2024-04-26T02:11:23,2024-04-26T02:11:23
859,619.573.082-30,Francisco Araújo,1998-11-05,guerraluan@example.net,+55 14 7399-2891,Mendonça,AM,EMPRESARIAL,ATIVO,2023-05-04T02:53:13,2023-05-04T02:53:13
860,653.917.084-00,Mariana das Neves,1978-10-18,luigi69@example.com,+55 67 0398-3135,Rodrigues do Sul,AM,COOPERADO,ATIVO,2019-11-16T06:07:11,2019-11-16T06:07:11
861,967.034.185-00,Maysa Correia,1959-10-10,freitasvalentim@example.net,0500 243 8843,Sampaio,BA,ALTA_RENDA,ATIVO,2021-08-13T18:38:16,2021-08-13T18:38:16
862,179.364.082-31,Júlia Ribeiro,1993-10-31,ianfernandes@example.net,0500 901 6492,Farias,AC,EMPRESARIAL,ATIVO,2025-12-23T21:44:39,2025-12-23T21:44:39
863,701.384.962-69,Pietro Aragão,1954-02-25,bentomoraes@example.net,+55 19 8172-6282,Novaes da Serra,RS,EMPRESARIAL,ATIVO,2026-07-22T22:00:42,2026-07-22T22:00:42
864,495.607.381-00,Ester Ramos,1999-10-10,leaovalentina@example.org,68 9196-1276,Cardoso do Sul,PI,COOPERADO,ATIVO,2025-02-12T13:53:02,2025-02-12T13:53:02
865,203.487.596-65,Evelyn Rocha,1942-10-25,alana43@example.com,51 2458-7012,Sousa,SC,EMPRESARIAL,ATIVO,2023-01-28T21:24:31,2023-01-28T21:24:31
866,249.571.360-25,Ayla Cassiano,1960-08-27,maria-ceciliafonseca@example.org,+55 13 2849-7603,Rezende dos Dourados,AC,VAREJO,ATIVO,2025-06-17T04:52:09,2025-06-17T04:52:09
867,436.217.059-61,Otávio da Cunha,1949-07-15,sampaiosophia@example.com,47 4036-4882,Fogaça,RR,VAREJO,BLOQUEADO,2026-05-18T01:51:11,2026-05-18T01:51:11
868,735.298.406-29,Igor Lima,1979-05-08,garciaisis@example.com,0500 649 1259,Nunes do Amparo,RO,EMPRESARIAL,ATIVO,2022-05-29T15:29:55,2022-05-29T15:29:55
869,204.175.389-79,Carolina Albuquerque,2002-02-25,zleao@example.org,81 9962-3569,Pastor,SC,VAREJO,ATIVO,2020-01-18T04:53:58,2020-01-18T04:53:58
870,839.247.561-55,Sra. Milena Pimenta,1981-08-11,esthervasconcelos@example.com,+55 14 4134-8208,Pereira de Goiás,AM,EMPRESARIAL,INATIVO,2025-04-17T23:43:21,2025-04-17T23:43:21
871,983.640.157-10,Arthur Abreu,1962-11-03,da-rochaana-cecilia@example.org,84 6291-4304,Cunha,MA,ALTA_RENDA,ATIVO,2020-04-07T20:48:07,2020-04-07T20:48:07
872,387.214.906-78,Ágatha Lopes,1948-08-10,hadassa42@example.net,+55 61 4059-2082,Fernandes,TO,COOPERADO,ATIVO,2018-09-15T21:04:42,2018-09-15T21:04:42
873,976.340.281-69,Yago Andrade,1956-05-11,isadora82@example.org,+55 41 7530-7966,Moura,PA,COOPERADO,ATIVO,2018-10-30T07:10:54,2018-10-30T07:10:54
874,724.608.139-96,Dante Santos,1979-06-24,anna-lizcamara@example.org,+55 81 7956-1007,Monteiro de Costa,RS,ALTA_RENDA,ATIVO,2021-05-26T06:43:56,2021-05-26T06:43:56
875,750.139.642-61,Sra. Ana Sophia Pastor,1952-02-07,pietramendes@example.org,+55 85 7034-2444,da Paz de Novaes,RN,VAREJO,ATIVO,2019-03-10T16:52:36,2019-03-10T16:52:36
876,476.039.582-29,Sr. André Sales,1940-07-27,ujesus@example.org,+55 35 7085-1732,Barros Paulista,MS,COOPERADO,ATIVO,2025-03-13T14:03:53,2025-03-13T14:03:53
877,401.926.875-49,Anna Liz Siqueira,1966-08-30,duartemarcela@example.com,13 9653-9160,Melo de Abreu,AL,ALTA_RENDA,ATIVO,2020-03-15T09:21:20,2020-03-15T09:21:20
878,930.526.471-99,Josué Pereira,1959-12-18,luiz-henriquebarros@example.net,+55 17 3966-2038,Nogueira da Prata,MG,ALTA_RENDA,ATIVO,2018-08-30T04:18:24,2018-08-30T04:18:24
879,079.132.645-43,Mateus da Paz,1987-02-22,msantos@example.org,+55 84 3562-3039,da Rosa de da Luz,AC,COOPERADO,ATIVO,2020-12-07T22:35:40,2020-12-07T22:35:40
880,806.394.752-56,Dante Peixoto,1974-10-20,nogueiraalexia@example.org,+55 38 1326-6115,Novaes Alegre,PI,VAREJO,ATIVO,2026-04-15T17:47:43,2026-04-15T17:47:43
881,263.150.498-42,Juan Marques,1943-10-07,juanalmeida@example.com,+55 89 9707-7454,Mendes do Norte,PI,ALTA_RENDA,ATIVO,2021-06-25T10:22:03,2021-06-25T10:22:03
882,231.809.645-70,Maitê Siqueira,1986-10-06,yagoleao@example.com,54 6262-3596,Fonseca,ES,COOPERADO,ATIVO,2026-02-24T12:01:48,2026-02-24T12:01:48
883,261.549.037-07,Melissa Abreu,2006-12-30,hellenamoreira@example.com,+55 27 5063-0663,Albuquerque da Praia,AL,EMPRESARIAL,INATIVO,2018-09-06T07:55:14,2018-09-06T07:55:14
884,816.204.537-62,Ana Clara Pastor,1949-05-11,cavalcantedante@example.net,+55 93 0252-0945,Sales,DF,COOPERADO,INATIVO,2024-10-12T23:31:11,2024-10-12T23:31:11
885,579.104.638-39,Vitor Lopes,1992-10-13,carvalhomaria-fernanda@example.com,92 4544-9205,Souza da Prata,RN,EMPRESARIAL,ATIVO,2022-06-24T10:17:13,2022-06-24T10:17:13
886,453.908.627-83,Dra. Maria Julia Ferreira,1959-09-21,sofia34@example.com,34 6622-9521,Pimenta de Monteiro,AL,EMPRESARIAL,ATIVO,2024-06-18T15:10:35,2024-06-18T15:10:35
887,690.137.548-48,Mariana Alves,1961-12-28,salbuquerque@example.com,+55 66 6602-3515,Alves de Minas,MS,ALTA_RENDA,INATIVO,2024-07-07T01:01:04,2024-07-07T01:01:04
888,017.859.364-84,Dr. Benjamim Ferreira,2005-07-17,doliveira@example.com,+55 55 2441-3395,Macedo Verde,GO,EMPRESARIAL,ATIVO,2020-04-04T11:12:20,2020-04-04T11:12:20
889,645.102.387-62,Dr. Davi Oliveira,1944-06-01,teixeirasabrina@example.net,0800 664 6936,Gomes do Campo,PI,ALTA_RENDA,INATIVO,2024-08-07T20:51:14,2024-08-07T20:51:14
890,574.968.310-93,Dr. Benicio Vargas,1956-07-23,ryansouza@example.net,87 7184-3019,Castro,AC,EMPRESARIAL,ATIVO,2020-03-22T07:05:11,2020-03-22T07:05:11
891,673.195.802-68,Nathan da Rocha,1981-08-18,bruno28@example.org,32 3267-6992,Cavalcante dos Dourados,PR,ALTA_RENDA,ATIVO,2021-08-17T03:46:41,2021-08-17T03:46:41
892,923.548.106-60,Fernando Almeida,2003-01-24,da-cunhaalexandre@example.org,68 9332-8442,da Rosa,PR,COOPERADO,ATIVO,2020-07-30T15:00:57,2020-07-30T15:00:57
893,982.403.715-23,Dr. Luigi Cardoso,1985-06-19,caraujo@example.com,73 9991-3831,Abreu,RR,EMPRESARIAL,ATIVO,2019-03-02T09:36:10,2019-03-02T09:36:10
894,438.516.720-62,Thales Machado,1997-03-15,nmartins@example.org,+55 37 6806-6470,Abreu de Costela,PI,EMPRESARIAL,ATIVO,2021-11-29T03:15:18,2021-11-29T03:15:18
895,360.248.159-05,João Pedro Barros,1965-03-01,portomaria-julia@example.net,21 0274-0675,Lima,PB,COOPERADO,ATIVO,2019-01-04T17:22:06,2019-01-04T17:22:06
896,506.718.439-66,Thomas Ribeiro,1969-02-28,isis46@example.net,+55 35 4974-5979,Caldeira,PE,COOPERADO,ATIVO,2019-09-26T22:16:59,2019-09-26T22:16:59
897,974.680.231-31,Levi Dias,2003-07-13,da-pazoliver@example.org,66 6432-2394,Brito Grande,AM,ALTA_RENDA,ATIVO,2020-06-01T01:45:52,2020-06-01T01:45:52
898,891.502.437-05,José Almeida,1951-03-30,sampaiodiogo@example.org,79 6223-9847,Cavalcanti da Serra,MT,EMPRESARIAL,INATIVO,2024-09-04T15:54:16,2024-09-04T15:54:16
899,789.045.162-85,Valentina Ramos,1967-08-17,varaujo@example.net,18 1680-6134,Guerra da Mata,PB,VAREJO,ATIVO,2024-08-24T21:16:01,2024-08-24T21:16:01
900,984.302.671-31,Juliana Nunes,1991-06-09,rcorreia@example.net,+55 94 0972-3610,Oliveira,BA,COOPERADO,ATIVO,2023-06-16T08:50:06,2023-06-16T08:50:06
901,692.083.714-50,Sra. Sofia Jesus,1968-12-14,bianca78@example.com,32 5575-1247,da Mota do Sul,AC,COOPERADO,ATIVO,2019-04-12T00:18:53,2019-04-12T00:18:53
902,875.436.190-75,Sr. Oliver Garcia,1944-02-15,thomas51@example.org,+55 73 4441-8997,Abreu Grande,SE,EMPRESARIAL,INATIVO,2021-11-07T14:18:18,2021-11-07T14:18:18
903,396.480.152-60,Benício Machado,1998-04-09,da-cruzjulia@example.org,+55 24 9442-3860,Aparecida,SE,EMPRESARIAL,ATIVO,2025-08-26T16:07:36,2025-08-26T16:07:36
904,083.942.671-22,Alice Pacheco,1987-10-08,eporto@example.net,86 9797-2452,Camargo do Oeste,MS,ALTA_RENDA,ATIVO,2021-05-24T23:20:30,2021-05-24T23:20:30
905,480.267.391-40,Rebeca da Rosa,1967-01-19,oliveiraaurora@example.com,+55 89 9405-9802,Abreu da Serra,RR,ALTA_RENDA,ATIVO,2023-10-01T08:45:18,2023-10-01T08:45:18
906,420.617.839-96,Dr. Antony Martins,1982-07-20,ana-liviacassiano@example.org,+55 91 1977-7486,Fonseca de Pimenta,MS,VAREJO,ATIVO,2020-09-12T19:09:16,2020-09-12T19:09:16
907,416.529.807-76,Stephany Sá,2005-08-06,antonellaviana@example.net,99 6841-9623,Cavalcante,PA,EMPRESARIAL,ATIVO,2019-07-14T05:37:56,2019-07-14T05:37:56
908,586.942.137-37,Lavínia Moreira,1942-09-06,gael-henriquemacedo@example.org,+55 11 6629-3151,Martins,PI,VAREJO,ATIVO,2024-10-31T07:03:19,2024-10-31T07:03:19
909,426.785.910-85,Daniela da Costa,1974-08-19,maria-clarasilveira@example.org,+55 88 7179-8902,da Conceição,PR,ALTA_RENDA,ATIVO,2019-11-02T18:43:23,2019-11-02T18:43:23
910,908.532.461-06,Yuri da Mota,1986-10-16,lmachado@example.com,+55 99 1767-5539,Nogueira,PI,ALTA_RENDA,ATIVO,2025-08-09T01:49:43,2025-08-09T01:49:43
911,073.849.265-56,Dr. Benjamin Novais,1983-01-18,ester89@example.net,54 2683-8488,Jesus de Costela,PE,COOPERADO,ATIVO,2024-05-24T19:01:11,2024-05-24T19:01:11
912,207.381.496-40,Bianca Cirino,1942-02-13,piresbenjamin@example.net,35 1881-2988,Rezende do Campo,PE,ALTA_RENDA,ATIVO,2025-11-21T20:10:34,2025-11-21T20:10:34
913,079.364.852-10,Caroline Câmara,1992-10-04,jvasconcelos@example.net,+55 63 6893-3486,Pereira dos Dourados,AL,EMPRESARIAL,ATIVO,2019-09-14T19:06:16,2019-09-14T19:06:16
914,506.327.498-65,Lucca Fogaça,1957-01-27,zalbuquerque@example.com,75 3123-1555,Rodrigues,SP,VAREJO,INATIVO,2024-08-20T21:30:05,2024-08-20T21:30:05
915,052.894.376-65,Kamilly Santos,1962-03-23,vinicius04@example.com,96 8311-4147,Rezende,RR,VAREJO,ATIVO,2022-04-23T00:17:13,2022-04-23T00:17:13
916,235.601.894-89,Luan Pires,1947-07-14,ivasconcelos@example.net,+55 37 0977-9780,da Conceição,RS,ALTA_RENDA,ATIVO,2024-12-19T02:46:55,2024-12-19T02:46:55
917,456.928.317-91,Igor Vargas,2006-10-24,bsilveira@example.com,+55 16 1632-9573,Montenegro de Ribeiro,DF,VAREJO,INATIVO,2021-02-20T01:07:34,2021-02-20T01:07:34
918,579.381.426-46,Cauã Moraes,1999-09-03,xnovais@example.net,+55 85 0291-5854,da Conceição,ES,ALTA_RENDA,ATIVO,2019-07-30T20:17:26,2019-07-30T20:17:26
919,165.042.738-71,Marina Gomes,1952-06-22,martinsoliver@example.com,18 6746-2159,Nogueira da Mata,RS,ALTA_RENDA,INATIVO,2021-02-12T09:09:16,2021-02-12T09:09:16
920,741.306.598-39,Enzo Barbosa,1946-03-02,guerradiego@example.net,17 1344-7609,Novais do Oeste,RR,VAREJO,BLOQUEADO,2026-05-28T06:58:20,2026-05-28T06:58:20
921,740.518.623-80,Isaque Costa,1973-09-10,cassianolais@example.net,42 0996-2183,Garcia dos Dourados,PB,COOPERADO,ATIVO,2025-06-18T07:19:47,2025-06-18T07:19:47
922,698.305.172-68,João Lucas Cavalcanti,1948-12-10,carvalhojose-miguel@example.org,+55 88 4998-0137,Novaes de Goiás,PA,ALTA_RENDA,INATIVO,2023-09-01T12:12:13,2023-09-01T12:12:13
923,901.364.875-48,Liz da Mota,1973-10-14,rcampos@example.com,+55 17 9233-5174,Fonseca das Pedras,MA,EMPRESARIAL,ATIVO,2021-08-11T13:45:46,2021-08-11T13:45:46
924,601.437.589-93,Bernardo Nunes,1950-02-05,giovanna95@example.com,+55 67 2776-4149,Alves,DF,VAREJO,ATIVO,2025-12-14T13:11:11,2025-12-14T13:11:11
925,850.192.473-32,João Pedro Rodrigues,2003-09-01,isis67@example.org,+55 75 8839-0473,Azevedo,GO,VAREJO,INATIVO,2025-11-12T17:43:57,2025-11-12T17:43:57
926,461.253.890-06,Luiz Henrique Borges,2003-07-09,da-luzmaria-cecilia@example.net,98 7953-1204,Pacheco,MT,EMPRESARIAL,ATIVO,2021-08-21T05:56:36,2021-08-21T05:56:36
927,796.304.158-01,Ana Júlia Araújo,1959-12-27,silveirastella@example.com,+55 95 1439-1511,da Conceição das Pedras,PR,COOPERADO,ATIVO,2020-08-21T16:39:49,2020-08-21T16:39:49
928,210.347.659-06,Maria Luiza Pires,1976-12-17,lavinia42@example.com,81 0680-2693,Silveira,AP,ALTA_RENDA,ATIVO,2022-01-27T19:17:39,2022-01-27T19:17:39
929,230.875.149-50,Theodoro Lopes,1965-11-24,bruna05@example.org,+55 71 4114-2066,Andrade de Caldeira,MT,COOPERADO,ATIVO,2020-10-21T00:33:16,2020-10-21T00:33:16
930,520.739.168-21,Davi Luiz Carvalho,1945-09-10,breno05@example.org,+55 55 2205-6201,Barbosa,AM,VAREJO,ATIVO,2020-09-28T16:55:18,2020-09-28T16:55:18
931,489.167.032-04,Emanuella Fonseca,1992-02-27,pietragarcia@example.org,+55 86 2394-5645,Cunha,MA,COOPERADO,ATIVO,2020-05-01T10:56:18,2020-05-01T10:56:18
932,648.735.091-57,Sophie Lopes,1953-03-13,rcorreia@example.org,+55 28 9536-7734,Cavalcanti do Amparo,TO,ALTA_RENDA,ATIVO,2022-10-28T08:22:04,2022-10-28T08:22:04
933,615.783.492-73,Ana Luiza da Mata,1956-05-09,yteixeira@example.org,47 3809-6641,Melo da Praia,ES,EMPRESARIAL,ATIVO,2021-08-05T18:10:24,2021-08-05T18:10:24
934,952.736.814-64,Isabel Fernandes,1957-07-10,joanacardoso@example.net,37 3243-6792,Caldeira Alegre,PR,ALTA_RENDA,ATIVO,2022-01-02T05:23:44,2022-01-02T05:23:44
935,763.584.192-00,João Pedro Jesus,1946-02-17,melissa63@example.net,+55 17 6168-2497,Pimenta,RN,COOPERADO,ATIVO,2019-11-24T18:06:49,2019-11-24T18:06:49
936,816.029.734-31,Fernanda Sales,1991-09-28,bborges@example.org,+55 16 7372-6072,Brito,GO,EMPRESARIAL,ATIVO,2026-02-17T09:00:17,2026-02-17T09:00:17
937,670.413.298-87,Davi Lucca Campos,1977-01-21,isabella39@example.com,75 6254-2926,Ferreira das Flores,DF,VAREJO,ATIVO,2023-10-14T06:19:41,2023-10-14T06:19:41
938,317.854.209-41,Julia Montenegro,2002-12-23,rioshenry@example.org,65 6497-1967,Jesus,RO,ALTA_RENDA,ATIVO,2025-07-04T02:22:29,2025-07-04T02:22:29
939,395.140.786-75,Enzo Gabriel Ferreira,2001-01-22,camargoisadora@example.net,+55 96 9949-0133,da Mata,GO,ALTA_RENDA,ATIVO,2023-04-02T00:35:18,2023-04-02T00:35:18
940,673.524.018-90,Ísis Sales,1955-03-23,felipe01@example.com,92 9301-4811,Albuquerque da Mata,RJ,COOPERADO,ATIVO,2022-08-13T16:00:35,2022-08-13T16:00:35
941,910.728.634-13,Bárbara Guerra,1985-02-05,souzadiogo@example.net,+55 22 3421-3485,Novaes Paulista,BA,EMPRESARIAL,INATIVO,2024-08-10T02:41:34,2024-08-10T02:41:34
942,359.076.824-00,Beatriz Costela,2008-05-14,faraujo@example.com,88 1171-3219,Almeida Grande,MA,EMPRESARIAL,ATIVO,2019-01-28T04:37:06,2019-01-28T04:37:06
943,021.895.763-77,Letícia Dias,2002-03-26,maria-vitoriasampaio@example.org,+55 86 6785-7646,Pereira,AP,VAREJO,ATIVO,2022-07-06T10:17:20,2022-07-06T10:17:20
944,107.248.359-97,Josué Ramos,1956-10-25,isaacferreira@example.com,+55 27 1315-3506,Ribeiro da Serra,MG,EMPRESARIAL,ATIVO,2023-04-12T14:23:42,2023-04-12T14:23:42
945,845.216.793-82,Sra. Ana Vitória Abreu,1945-01-31,emanuellada-paz@example.com,+55 33 7989-9488,Lima das Flores,RN,VAREJO,ATIVO,2022-01-09T01:27:09,2022-01-09T01:27:09
946,930.726.518-68,Dr. Gustavo Henrique Fonseca,1959-10-11,mirella42@example.org,77 1726-6256,Alves Paulista,MG,COOPERADO,ATIVO,2022-11-16T06:11:35,2022-11-16T06:11:35
947,708.925.634-00,Sophia Ramos,2000-01-14,qcirino@example.org,97 7100-6689,Rocha,GO,COOPERADO,ATIVO,2018-08-19T21:16:31,2018-08-19T21:16:31
948,172.490.356-06,Theodoro Silveira,2007-10-25,camposclara@example.net,+55 68 2328-2228,da Paz,AC,EMPRESARIAL,ATIVO,2025-05-28T15:08:43,2025-05-28T15:08:43
949,752.419.603-25,Caleb Andrade,1977-01-15,marcela91@example.org,48 1135-0535,Casa Grande de Cavalcante,SP,EMPRESARIAL,ATIVO,2020-12-04T21:16:57,2020-12-04T21:16:57
950,920.638.741-31,Ana Cecília Peixoto,1984-04-30,pmoura@example.org,+55 54 8010-4194,da Cruz da Mata,AP,ALTA_RENDA,ATIVO,2023-01-29T14:28:17,2023-01-29T14:28:17
951,281.596.347-73,Laura Siqueira,1982-04-18,isisandrade@example.org,+55 41 8893-0635,Novais de Ramos,RR,ALTA_RENDA,ATIVO,2021-05-25T09:10:09,2021-05-25T09:10:09
952,371.580.629-02,Isaque Silveira,2006-06-10,kpeixoto@example.org,31 5855-7599,Sampaio do Sul,PI,COOPERADO,ATIVO,2018-10-11T12:36:04,2018-10-11T12:36:04
953,206.437.891-03,Sr. Vicente Pereira,1992-04-01,yalbuquerque@example.org,+55 27 6567-3374,Macedo do Norte,AP,EMPRESARIAL,ATIVO,2020-12-06T13:30:00,2020-12-06T13:30:00
954,276.013.854-26,Luiz Henrique Câmara,1967-09-21,moraesalana@example.org,87 6992-9644,Marques do Amparo,CE,COOPERADO,ATIVO,2021-04-10T02:49:49,2021-04-10T02:49:49
955,084.516.739-10,Kevin Moraes,1962-07-20,vargasbenicio@example.com,+55 38 7241-5536,Duarte,PI,ALTA_RENDA,ATIVO,2025-05-23T23:19:36,2025-05-23T23:19:36
956,740.316.892-50,Enzo Freitas,1963-07-26,paraujo@example.org,+55 88 2959-4523,Duarte,RS,VAREJO,ATIVO,2021-03-31T17:29:06,2021-03-31T17:29:06
957,286.109.537-77,Ester Sales,1977-02-28,macedolevi@example.org,89 4292-2041,Martins da Prata,SP,EMPRESARIAL,ATIVO,2026-05-28T10:17:19,2026-05-28T10:17:19
958,153.497.620-52,Alana Gonçalves,1952-08-06,josefogaca@example.org,+55 87 1392-8048,Abreu da Serra,BA,VAREJO,ATIVO,2026-04-07T07:41:02,2026-04-07T07:41:02
959,109.475.638-57,Raquel Barros,1943-08-19,abreudanilo@example.net,+55 16 2956-1622,Garcia Paulista,RR,ALTA_RENDA,ATIVO,2022-02-13T16:29:10,2022-02-13T16:29:10
960,859.420.376-47,Alexandre da Paz,1974-01-22,pedro-henrique23@example.org,53 7781-4564,Siqueira de da Paz,TO,ALTA_RENDA,ATIVO,2019-02-09T20:35:35,2019-02-09T20:35:35
961,014.628.937-40,Mariane Leão,1957-03-29,dfernandes@example.com,+55 74 7612-0928,Sampaio,RS,COOPERADO,ATIVO,2022-05-05T07:32:10,2022-05-05T07:32:10
962,806.594.732-83,Bernardo Rocha,1962-06-02,goncalvesmaria-liz@example.net,75 0676-3532,Costa,RO,ALTA_RENDA,ATIVO,2022-08-15T09:10:24,2022-08-15T09:10:24
963,852.013.749-05,Hellena Monteiro,1973-08-27,barrosallana@example.org,27 3000-3753,da Cruz,RR,COOPERADO,ATIVO,2019-08-12T12:26:28,2019-08-12T12:26:28
964,324.987.610-04,Rhavi Sá,1988-01-06,gustavo78@example.org,93 6591-5382,Brito,AM,COOPERADO,ATIVO,2019-03-10T07:33:21,2019-03-10T07:33:21
965,065.173.489-48,Melina Vieira,1993-07-27,emillyazevedo@example.org,89 2455-3375,Dias das Flores,RN,COOPERADO,ATIVO,2020-11-25T19:01:18,2020-11-25T19:01:18
966,487.926.305-29,João Pedro Santos,1972-06-30,isaque04@example.com,+55 62 5069-2965,Nascimento Alegre,AM,COOPERADO,ATIVO,2022-01-22T03:34:38,2022-01-22T03:34:38
967,062.835.497-56,Sra. Alícia Pimenta,1950-04-18,xpacheco@example.org,+55 98 4212-9146,Abreu da Serra,BA,VAREJO,ATIVO,2025-07-11T19:12:07,2025-07-11T19:12:07
968,478.950.213-97,Dra. Nicole Carvalho,1994-02-23,igor84@example.net,+55 28 7033-9821,Machado da Prata,RO,EMPRESARIAL,ATIVO,2020-03-25T15:16:02,2020-03-25T15:16:02
969,397.561.024-70,Sr. Miguel Mendonça,1997-10-14,uvargas@example.com,+55 14 6363-2863,Camargo,AP,COOPERADO,ATIVO,2019-10-16T11:54:31,2019-10-16T11:54:31
970,208.564.931-98,Mathias da Cunha,2007-10-29,nicolassa@example.org,68 7960-8289,Monteiro de Minas,RR,VAREJO,ATIVO,2019-09-28T18:53:12,2019-09-28T18:53:12
971,054.723.196-25,Lara Nunes,1954-08-22,camargomarcos-vinicius@example.org,+55 99 9519-3500,Caldeira,MT,VAREJO,ATIVO,2021-10-22T08:45:30,2021-10-22T08:45:30
972,175.640.832-71,José Miguel Porto,1960-06-02,araujoalexia@example.org,13 3156-6851,Farias,DF,EMPRESARIAL,ATIVO,2021-11-23T09:48:53,2021-11-23T09:48:53
973,143.726.590-16,Asafe Pinto,1976-02-12,caldeiraisis@example.net,31 6471-7784,Borges,RN,VAREJO,INATIVO,2023-12-17T18:22:01,2023-12-17T18:22:01
974,716.495.830-01,Ayla Caldeira,1943-02-04,pietra66@example.net,68 1199-7675,Ribeiro,DF,VAREJO,BLOQUEADO,2019-11-18T21:26:46,2019-11-18T21:26:46
975,170.528.634-80,Sr. José Miguel Fogaça,1951-06-10,pastorcecilia@example.com,33 7285-3533,da Paz,CE,COOPERADO,ATIVO,2022-01-31T18:01:23,2022-01-31T18:01:23
976,217.653.940-07,Lucas Nogueira,1966-12-17,lais68@example.com,+55 85 0302-8532,Cavalcanti de Mendes,SP,COOPERADO,ATIVO,2021-12-20T08:41:31,2021-12-20T08:41:31
977,983.260.574-10,Liam Cardoso,1966-09-17,ana-clara61@example.org,+55 12 8730-8972,Porto,PB,ALTA_RENDA,ATIVO,2022-03-23T00:03:55,2022-03-23T00:03:55
978,382.965.470-74,Theodoro da Rocha,1992-08-28,antonellacardoso@example.net,88 8630-9007,Casa Grande,AP,COOPERADO,ATIVO,2025-08-12T13:51:13,2025-08-12T13:51:13
979,249.175.308-14,Dr. Pietro Melo,1943-11-01,saleticia@example.org,86 1659-6566,Jesus de da Rocha,AL,COOPERADO,ATIVO,2025-08-08T07:37:13,2025-08-08T07:37:13
980,683.125.079-30,Enrico da Paz,1981-11-20,gabriellyrodrigues@example.net,46 3793-2219,Teixeira,GO,COOPERADO,ATIVO,2023-10-01T09:17:04,2023-10-01T09:17:04
981,079.256.348-47,Ana Julia Teixeira,1957-02-27,fariasmarina@example.net,+55 49 1501-0162,Albuquerque do Sul,PE,ALTA_RENDA,ATIVO,2023-11-15T00:33:47,2023-11-15T00:33:47
982,653.827.941-46,Gabrielly Câmara,1942-10-15,alicia88@example.net,+55 84 5719-2149,Melo Verde,AP,EMPRESARIAL,ATIVO,2019-09-17T01:55:35,2019-09-17T01:55:35
983,639.582.104-06,Caleb Monteiro,1996-03-29,joanalima@example.com,+55 64 8246-8549,Silveira,PR,COOPERADO,ATIVO,2020-09-16T10:43:40,2020-09-16T10:43:40
984,408.671.529-58,Ana Julia Borges,1986-02-22,gabriela05@example.org,+55 17 8543-2716,Siqueira,AL,ALTA_RENDA,ATIVO,2019-08-29T09:26:36,2019-08-29T09:26:36
985,395.871.620-21,Caio Araújo,2000-05-21,silveirabreno@example.net,+55 28 8993-1878,Siqueira,AC,VAREJO,BLOQUEADO,2024-01-19T21:10:46,2024-01-19T21:10:46
986,802.451.736-17,Lucas Gabriel Nogueira,1995-08-27,carlos-eduardopinto@example.net,+55 91 0437-6613,Gonçalves da Serra,PI,COOPERADO,ATIVO,2021-03-14T07:43:01,2021-03-14T07:43:01
987,081.763.952-77,Jade Vargas,2002-11-29,wabreu@example.net,+55 88 1105-8330,Monteiro do Oeste,RN,COOPERADO,ATIVO,2024-01-12T20:06:18,2024-01-12T20:06:18
988,842.095.671-67,Otávio Pereira,1971-01-15,maria-juliajesus@example.net,44 0167-6718,Mendes de Gonçalves,BA,ALTA_RENDA,ATIVO,2023-10-30T09:16:09,2023-10-30T09:16:09
989,836.194.205-05,Dra. Maria Laura Vasconcelos,1985-05-09,maria-claraguerra@example.org,+55 67 2666-7880,Machado,RS,EMPRESARIAL,ATIVO,2023-01-30T02:14:07,2023-01-30T02:14:07
990,652.148.097-94,Isabella Dias,1967-08-02,carvalhoayla@example.com,87 7726-5976,Alves da Prata,TO,ALTA_RENDA,INATIVO,2019-04-18T01:48:38,2019-04-18T01:48:38
991,850.279.641-02,Mathias Farias,1953-05-09,lnovaes@example.org,+55 34 2956-5188,Barros de Ramos,AM,VAREJO,ATIVO,2026-04-28T22:50:22,2026-04-28T22:50:22
992,860.752.934-00,João Gabriel Peixoto,1997-10-29,rebecamachado@example.net,91 5703-0293,Campos,AM,COOPERADO,ATIVO,2021-03-10T02:51:04,2021-03-10T02:51:04
993,250.784.396-92,Kamilly Cavalcante,1990-04-25,guerracatarina@example.org,+55 75 2336-9318,Gomes,CE,VAREJO,ATIVO,2026-01-10T09:02:43,2026-01-10T09:02:43
994,073.912.584-23,José Pedro Sampaio,2000-11-19,pfonseca@example.com,17 0571-4469,Jesus do Amparo,GO,VAREJO,ATIVO,2018-12-03T01:31:14,2018-12-03T01:31:14
995,687.912.453-46,José Miguel Farias,1943-12-12,da-motagabrielly@example.net,69 8865-8348,Viana,MA,VAREJO,ATIVO,2024-09-10T03:08:40,2024-09-10T03:08:40
996,356.819.407-48,Letícia Moreira,1978-10-11,rodrigo20@example.net,82 7587-0894,Castro,SP,VAREJO,ATIVO,2024-11-14T12:36:54,2024-11-14T12:36:54
997,683.592.401-24,Maitê Nascimento,2000-09-15,fogacabenicio@example.net,24 5050-9284,Martins da Serra,SC,VAREJO,ATIVO,2024-02-05T21:46:33,2024-02-05T21:46:33
998,073.214.569-43,Sra. Melissa da Conceição,1996-07-20,lcasa-grande@example.com,13 5038-0162,Novais da Praia,AM,ALTA_RENDA,ATIVO,2018-08-20T11:51:34,2018-08-20T11:51:34
999,204.981.573-50,Sr. Benício Carvalho,1964-09-04,qpeixoto@example.net,+55 92 3795-3111,da Costa,RO,VAREJO,ATIVO,2018-11-22T12:16:59,2018-11-22T12:16:59
1000,042.371.689-13,Maya Rocha,1964-07-22,zcirino@example.net,41 1085-7383,Ferreira da Mata,MT,EMPRESARIAL,ATIVO,2023-06-19T22:35:22,2023-06-19T22:35:22
