transacao_id,conta_id,cartao_id,tipo_transacao,valor,moeda,descricao,estabelecimento,cidade,status_transacao,data_hora_transacao,data_processamento,ingestion_at,source_batch
95ad6ac0-1e5c-4c12-ae16-988a3dc0e6da,901,,SAQUE,4347.13,BRL,Rerum animi ipsam.,,Gonçalves do Sul,APROVADA,2026-07-20T15:58:08,2026-07-20T18:20:08,2026-07-25T23:19:00,batch_002
cb09a5f6-7d10-4457-ac4c-78a79f3e2ed6,531,,PIX,19015.3,BRL,Nihil quibusdam magni explicabo.,,Nogueira,APROVADA,2026-07-23T14:23:02,2026-07-23T15:42:02,2026-07-25T23:19:00,batch_002
76362c8a-5579-47f3-8f3d-5bb109e5ef63,542,,BOLETO,6197.05,BRL,Aliquid ut libero.,,Marques,APROVADA,2026-07-21T05:02:53,2026-07-21T06:36:53,2026-07-25T23:19:00,batch_002
018e637f-fdd5-4048-8b53-dae2f7111c45,68,,CARTAO,1449.18,BRL,Exercitationem voluptas voluptatem eaque blanditiis.,Camargo Camargo - EI,Aragão,APROVADA,2026-07-20T15:44:04,2026-07-20T17:00:04,2026-07-25T23:19:00,batch_002
6a727476-f19b-4731-95bc-ab11be174b89,174,,SAQUE,4525.65,BRL,Tempore cumque quidem doloremque aliquid.,,Brito,APROVADA,2026-07-25T18:54:09,2026-07-25T21:43:09,2026-07-25T23:19:00,batch_002
61ae05c6-6a88-4021-9561-7f881fbe62c2,572,,BOLETO,18766.63,BRL,Delectus dolore quasi ipsam.,,Monteiro da Praia,NEGADA,2026-07-21T18:09:09,2026-07-21T18:16:09,2026-07-25T23:19:00,batch_002
a07fa549-5685-42d7-8371-7c6f6df3d7d7,251,,TED,6793.33,BRL,Nobis in error accusamus dolor ipsum.,,Porto,APROVADA,2026-07-20T10:24:29,2026-07-20T12:20:29,2026-07-25T23:19:00,batch_002
65e8f601-a99e-4f6c-aa34-5d392a58db4b,401,,SAQUE,5282.32,BRL,Minima fugiat in eaque ipsam ab.,,Rios,APROVADA,2026-07-23T19:12:44,2026-07-23T20:23:44,2026-07-25T23:19:00,batch_002
8a9792b2-94f1-442e-9e4e-4936ff7213f9,164,,BOLETO,14049.89,BRL,Quibusdam veritatis nulla harum laudantium non eum.,,Santos,APROVADA,2026-07-20T22:37:32,2026-07-21T00:02:32,2026-07-25T23:19:00,batch_002
1c631033-d94b-4234-b21a-bb6491df6001,437,,CARTAO,7934.65,BRL,Et totam voluptatibus mollitia omnis repellat.,Pastor,da Cunha de Vargas,APROVADA,2026-07-25T02:57:15,2026-07-25T05:57:15,2026-07-25T23:19:00,batch_002
5d6538fb-5586-4b1b-bdd7-a4534496b8f0,851,,PIX,17246.23,BRL,Voluptates blanditiis ducimus laboriosam velit.,,das Neves,NEGADA,2026-07-22T04:51:50,2026-07-22T05:58:50,2026-07-25T23:19:00,batch_002
17122f64-9899-45d4-905a-d05fdaca9740,879,,PIX,12927.0,BRL,Non repudiandae cum.,,Alves,APROVADA,2026-07-22T14:57:16,2026-07-22T16:55:16,2026-07-25T23:19:00,batch_002
5f8f1cdf-e0d7-4e45-92e7-59d246d8ccdb,849,406.0,CARTAO,18630.41,BRL,Harum corporis rem voluptates.,Leão Freitas e Filhos,da Rocha,APROVADA,2026-07-24T16:09:34,2026-07-24T17:59:34,2026-07-25T23:19:00,batch_002
632de409-3201-4a8c-8919-b9a0afacd1e1,248,,SAQUE,2986.98,BRL,Fugiat error natus quod.,,da Mota,APROVADA,2026-07-19T08:59:54,2026-07-19T11:50:54,2026-07-25T23:19:00,batch_002
eb8e7b24-3be7-41d6-b4c7-478e12c70ad9,1159,,SAQUE,16098.89,BRL,At voluptatibus id iusto eligendi.,,Nogueira,APROVADA,2026-07-23T13:11:28,2026-07-23T13:55:28,2026-07-25T23:19:00,batch_002
68092c42-51c2-4f61-86a0-ad238388a21c,51,,TED,1547.3,BRL,Placeat delectus corporis repellat nisi iste.,,Camargo Verde,APROVADA,2026-07-22T13:13:05,2026-07-22T14:49:05,2026-07-25T23:19:00,batch_002
e89e1277-2232-4a56-8d57-8a99ae410d32,98,,SAQUE,311.46,BRL,Laboriosam blanditiis dolore expedita sed iusto.,,Gonçalves de Câmara,APROVADA,2026-07-23T18:15:56,2026-07-23T19:49:56,2026-07-25T23:19:00,batch_002
430ee7a6-9858-49d1-8445-637c71e46b9c,290,,TED,6216.34,BRL,Ipsa cum assumenda pariatur fugit iusto.,,Montenegro do Amparo,APROVADA,2026-07-22T08:36:19,2026-07-22T08:47:19,2026-07-25T23:19:00,batch_002
e3b50457-5327-409c-a7e9-183f34a7288a,625,,BOLETO,15512.46,BRL,Praesentium necessitatibus quis excepturi explicabo.,,Novaes,APROVADA,2026-07-23T07:35:13,2026-07-23T10:21:13,2026-07-25T23:19:00,batch_002
4c0ca7b0-7168-40c6-aaa6-99234d8b467d,272,452.0,CARTAO,15551.28,BRL,Beatae ad expedita natus.,Lima Melo S.A.,Aparecida de Campos,APROVADA,2026-07-24T13:53:16,2026-07-24T15:02:16,2026-07-25T23:19:00,batch_002
e96799e3-2c1d-4dc7-8efa-839c6ddf0850,963,,PIX,219.98,BRL,Iure minus quo at pariatur id.,,da Rosa do Norte,APROVADA,2026-07-24T18:45:49,2026-07-24T21:36:49,2026-07-25T23:19:00,batch_002
13995770-9127-4838-9cec-441e3eb0f917,433,,BOLETO,6307.89,BRL,Voluptate quibusdam temporibus excepturi.,,da Cunha Alegre,APROVADA,2026-07-19T19:47:19,2026-07-19T21:55:19,2026-07-25T23:19:00,batch_002
022205b4-e2a6-47f1-a298-db0f9ac6d45b,39,,SAQUE,5641.33,BRL,Dignissimos sed recusandae odio commodi voluptatem.,,Nogueira Alegre,APROVADA,2026-07-24T09:31:54,2026-07-24T11:41:54,2026-07-25T23:19:00,batch_002
c3a35023-a190-48b4-878e-0aa87a7d6c80,779,,BOLETO,6052.77,BRL,Laudantium et veritatis quia.,,das Neves,PENDENTE,2026-07-19T06:27:02,2026-07-19T07:43:02,2026-07-25T23:19:00,batch_002
ddfb9a0f-12ac-42b1-8f0e-f3d00c51d984,273,,TED,17773.05,BRL,Distinctio veniam vel quos.,,Siqueira da Mata,APROVADA,2026-07-24T17:13:47,2026-07-24T19:04:47,2026-07-25T23:19:00,batch_002
1a74b138-da44-4197-9886-ee805b5ab08e,238,,SAQUE,615.87,BRL,Placeat reiciendis unde.,,Andrade Grande,APROVADA,2026-07-24T08:37:51,2026-07-24T11:30:51,2026-07-25T23:19:00,batch_002
0de06802-756e-4dde-957d-c1602a65dd91,265,,BOLETO,8775.93,BRL,Veritatis modi saepe pariatur praesentium dignissimos.,,da Mota de Minas,APROVADA,2026-07-23T03:35:43,2026-07-23T05:05:43,2026-07-25T23:19:00,batch_002
7bda0c3c-4dcc-42ef-90e6-2dfaf1aa309e,786,,BOLETO,12811.95,BRL,Quod voluptas consectetur est.,,Machado de Lopes,APROVADA,2026-07-24T12:35:38,2026-07-24T14:45:38,2026-07-25T23:19:00,batch_002
a3fba1b3-d8a8-4d87-950b-17ca3f22b00b,997,,PIX,11656.92,BRL,Porro alias a architecto modi.,,Fonseca do Galho,APROVADA,2026-07-21T18:58:47,2026-07-21T21:29:47,2026-07-25T23:19:00,batch_002
c631c35f-3378-4ba3-9cbe-da2dbd6be510,116,,PIX,19.34,BRL,Voluptas doloribus fugiat sit nemo tempore.,,Pires,APROVADA,2026-07-19T12:35:01,2026-07-19T14:03:01,2026-07-25T23:19:00,batch_002
211947fa-4c7d-4d46-a18e-410490081ca6,1136,,TED,4300.22,BRL,Odio corporis excepturi totam.,,Sales Paulista,APROVADA,2026-07-25T13:38:24,2026-07-25T15:07:24,2026-07-25T23:19:00,batch_002
42f0befa-3664-4b6b-bd8c-7ac7007e3073,650,,PIX,13629.02,BRL,Culpa ullam ex dolorum aliquid illum.,,Gomes do Sul,APROVADA,2026-07-23T06:02:13,2026-07-23T06:09:13,2026-07-25T23:19:00,batch_002
9c397b75-89c5-42be-bad2-064cd3193b65,321,,BOLETO,6944.63,BRL,Possimus officiis ad.,,Sá de Silveira,APROVADA,2026-07-18T23:20:47,2026-07-19T01:34:47,2026-07-25T23:19:00,batch_002
1a262235-665b-459a-ab8b-38dd9c8417fa,349,,CARTAO,16769.92,BRL,Quia et omnis tempore.,Ferreira Macedo e Filhos,Cassiano,APROVADA,2026-07-21T14:11:50,2026-07-21T14:35:50,2026-07-25T23:19:00,batch_002
2414d1c8-4820-429e-802f-33d498c6aef5,292,841.0,CARTAO,15024.29,BRL,Tempora incidunt in aliquid aut excepturi.,Marques,Pimenta,NEGADA,2026-07-20T23:43:59,2026-07-21T00:54:59,2026-07-25T23:19:00,batch_002
cfeaef78-6a18-4c9f-865a-0f30d6dd9e29,422,,SAQUE,19157.16,BRL,Sed molestias ex repellat iure.,,Caldeira,NEGADA,2026-07-22T03:11:30,2026-07-22T05:51:30,2026-07-25T23:19:00,batch_002
d84ff790-b833-4d41-9587-0518b599bb5c,209,,PIX,17336.05,BRL,Soluta illum possimus quae natus odio.,,Nogueira das Flores,APROVADA,2026-07-23T20:06:19,2026-07-23T22:31:19,2026-07-25T23:19:00,batch_002
20d9d0e8-791b-4e78-9cf5-661ab74ababf,402,,CARTAO,1056.84,BRL,Dolor consequuntur tempore dolorum cumque.,Cirino,da Cruz,APROVADA,2026-07-19T07:29:23,2026-07-19T08:38:23,2026-07-25T23:19:00,batch_002
4882414c-1bf2-4187-aa91-8ae2ef538f91,1051,,PIX,11924.96,BRL,Inventore repudiandae itaque laudantium.,,Sá de Camargo,APROVADA,2026-07-24T01:25:59,2026-07-24T01:26:59,2026-07-25T23:19:00,batch_002
1aa48524-556e-4389-9d77-e1f05286e360,36,,SAQUE,17529.82,BRL,Quia repellendus laboriosam neque minus cum.,,da Mata,APROVADA,2026-07-22T23:25:41,2026-07-23T00:06:41,2026-07-25T23:19:00,batch_002
d5fd1997-5519-4a8f-afa6-4a5e1385d954,252,,SAQUE,1675.09,BRL,Cupiditate pariatur eos expedita debitis.,,Rezende do Oeste,APROVADA,2026-07-20T14:39:54,2026-07-20T15:02:54,2026-07-25T23:19:00,batch_002
3e7f0fe2-1b8c-46e6-927c-f27c8150da7e,492,,PIX,545.75,BRL,Illum ab voluptas reiciendis architecto nesciunt.,,Silveira,APROVADA,2026-07-25T03:51:38,2026-07-25T04:32:38,2026-07-25T23:19:00,batch_002
afa87ae6-7f93-4d01-83a4-d3bbcc956539,110,,CARTAO,12925.01,BRL,Doloremque cum debitis voluptates quia vel.,Borges Gomes - EI,da Conceição,APROVADA,2026-07-23T07:58:53,2026-07-23T10:18:53,2026-07-25T23:19:00,batch_002
16a38a7a-cb0c-4e1d-9ff3-d49ed8c16c40,666,,TED,1721.19,BRL,Fugit cum nihil at excepturi maxime.,,Cavalcanti da Prata,APROVADA,2026-07-24T22:42:56,2026-07-25T01:02:56,2026-07-25T23:19:00,batch_002
e02fa755-8c57-47af-b538-23dfcd80971a,548,,SAQUE,12714.5,BRL,Repudiandae quae quibusdam aspernatur quod.,,da Mata,APROVADA,2026-07-24T18:37:36,2026-07-24T21:27:36,2026-07-25T23:19:00,batch_002
8ed5913e-5c55-4a4a-b779-bcafef2e3a86,1116,,TED,7650.9,BRL,Esse nam nulla nobis suscipit explicabo.,,Silveira,APROVADA,2026-07-20T12:02:45,2026-07-20T13:30:45,2026-07-25T23:19:00,batch_002
1cd05dcf-bd48-43ca-97f5-bd7e597931b4,566,,BOLETO,19510.03,BRL,Earum omnis aliquam corrupti tempore.,,Ribeiro,APROVADA,2026-07-21T18:36:19,2026-07-21T19:46:19,2026-07-25T23:19:00,batch_002
dd9771a9-cc10-4840-ad7a-ee73161998da,824,,BOLETO,18609.75,BRL,Molestiae asperiores dolores eaque.,,Siqueira,APROVADA,2026-07-25T02:59:02,2026-07-25T03:26:02,2026-07-25T23:19:00,batch_002
30a72c57-b8aa-44c2-872e-261ed399a8c4,263,,BOLETO,7066.08,BRL,Nesciunt tempora neque nam totam veniam.,,Araújo do Galho,APROVADA,2026-07-24T17:14:49,2026-07-24T18:30:49,2026-07-25T23:19:00,batch_002
6361c3f6-128f-4dc2-aab2-ddd4acd86b25,706,,PIX,9089.89,BRL,Occaecati officiis nobis modi distinctio quae.,,Monteiro,APROVADA,2026-07-19T02:13:47,2026-07-19T02:21:47,2026-07-25T23:19:00,batch_002
22874e0d-b5bc-46f4-9cf2-357f69be57e1,1150,,SAQUE,8993.05,BRL,Est expedita temporibus.,,Pacheco das Flores,APROVADA,2026-07-21T00:54:16,2026-07-21T03:13:16,2026-07-25T23:19:00,batch_002
72695069-89dd-46e5-a13c-bd9dd6fba801,699,,TED,16168.93,BRL,Maxime odit officiis quae.,,Silva,APROVADA,2026-07-19T10:54:23,2026-07-19T12:07:23,2026-07-25T23:19:00,batch_002
e3769b11-4c55-4bb0-bc73-8dede1f2bbd6,1162,,SAQUE,788.65,BRL,Sapiente a ullam ipsam expedita voluptatem.,,da Costa de Cavalcanti,APROVADA,2026-07-25T11:57:05,2026-07-25T13:11:05,2026-07-25T23:19:00,batch_002
dd2331de-07e0-47df-a150-c7cf21a24a84,1195,,PIX,18547.45,BRL,Error culpa aperiam.,,Vasconcelos,APROVADA,2026-07-20T10:22:24,2026-07-20T10:27:24,2026-07-25T23:19:00,batch_002
9d90727e-e054-4f46-aa98-614058a0a5d3,1178,,BOLETO,6712.39,BRL,Optio temporibus a ipsum.,,Castro do Amparo,APROVADA,2026-07-22T10:31:47,2026-07-22T10:34:47,2026-07-25T23:19:00,batch_002
28d46bcb-d5cb-4d78-a1a3-9ef502956006,786,,PIX,17709.18,BRL,Atque nam possimus minima impedit.,,Duarte,APROVADA,2026-07-25T10:57:32,2026-07-25T11:26:32,2026-07-25T23:19:00,batch_002
c813e9c8-5401-481b-91d6-e4be4134398a,43,,PIX,15365.22,BRL,Cum cumque soluta.,,Dias Verde,APROVADA,2026-07-21T06:49:29,2026-07-21T07:30:29,2026-07-25T23:19:00,batch_002
d4ee7cc7-46cf-4e2f-a473-21c163b03a7e,910,,PIX,9685.17,BRL,Velit quod aspernatur pariatur corporis.,,Cardoso Alegre,APROVADA,2026-07-25T21:33:24,2026-07-25T22:22:24,2026-07-25T23:19:00,batch_002
23763dd6-9e87-48ca-b8b7-f2f08eca9e56,47,64.0,CARTAO,5087.36,BRL,Error veritatis tempora esse.,Rocha,Nunes de Garcia,APROVADA,2026-07-23T11:55:15,2026-07-23T12:15:15,2026-07-25T23:19:00,batch_002
42ef443d-30fc-4ae6-85c5-ebddb40e2962,418,,PIX,8804.73,BRL,Aliquid accusamus sapiente.,,Nunes,APROVADA,2026-07-19T23:36:25,2026-07-20T00:49:25,2026-07-25T23:19:00,batch_002
37c487ee-8e94-4a7a-b02a-b75fbdc2a926,167,666.0,CARTAO,8619.93,BRL,Officia animi maiores aspernatur quidem reprehenderit.,Andrade,Costela,APROVADA,2026-07-20T09:40:02,2026-07-20T11:02:02,2026-07-25T23:19:00,batch_002
10c9cb3d-38ba-4f78-aad6-e087f67673ba,710,,BOLETO,15316.17,BRL,Labore amet rem ducimus.,,Andrade Alegre,APROVADA,2026-07-24T19:27:50,2026-07-24T21:20:50,2026-07-25T23:19:00,batch_002
7aa4fce7-2611-4078-9e62-cf3edfa473fb,1186,,CARTAO,6796.01,BRL,Facere at provident sequi voluptatum cupiditate.,da Mata - ME,Mendes,APROVADA,2026-07-24T11:47:36,2026-07-24T14:27:36,2026-07-25T23:19:00,batch_002
c29d77d4-ccda-4c17-a3fd-3d1235be6a3b,1167,,CARTAO,2609.9,BRL,Mollitia praesentium totam voluptate.,da Mata - EI,Peixoto,APROVADA,2026-07-25T11:05:03,2026-07-25T12:14:03,2026-07-25T23:19:00,batch_002
3507c56c-b1fa-4581-ac3d-acf8c6bf67ce,635,,PIX,8596.18,BRL,Occaecati inventore alias illo.,,Silva das Flores,APROVADA,2026-07-24T19:37:57,2026-07-24T22:00:57,2026-07-25T23:19:00,batch_002
3c69d967-a2ea-4e13-bd31-ec8b2198fbf1,1104,,TED,15271.46,BRL,Iusto quisquam excepturi nesciunt officia corrupti.,,Pires de Almeida,APROVADA,2026-07-23T09:56:34,2026-07-23T12:01:34,2026-07-25T23:19:00,batch_002
29e16d7e-abd1-4bbf-8b4e-787ffdad8902,1050,,CARTAO,1975.51,BRL,Reiciendis minus odit rem in.,Pastor,Lima,APROVADA,2026-07-22T06:29:33,2026-07-22T06:41:33,2026-07-25T23:19:00,batch_002
ce07a8d4-ed38-4f43-95e6-a1b5759f635a,229,,PIX,6043.83,BRL,Unde nostrum incidunt fugiat.,,Silva da Praia,NEGADA,2026-07-20T10:43:58,2026-07-20T12:48:58,2026-07-25T23:19:00,batch_002
5b6e5f16-5af3-4d47-9fda-532173742f9a,382,,CARTAO,2503.79,BRL,Dolorum quibusdam veritatis sapiente.,da Cunha,Moraes de Vasconcelos,APROVADA,2026-07-20T23:25:37,2026-07-21T01:10:37,2026-07-25T23:19:00,batch_002
d8bf7546-05b5-41d4-9b37-27ed6f2e0da8,38,217.0,CARTAO,13208.53,BRL,Eveniet sapiente aspernatur cumque tenetur.,Pereira Ltda.,Jesus do Norte,APROVADA,2026-07-22T13:06:55,2026-07-22T14:52:55,2026-07-25T23:19:00,batch_002
a69e8266-a342-4b25-9a86-fb60cd9fe6bc,276,,CARTAO,16152.71,BRL,Blanditiis delectus quaerat rem.,Sales,da Conceição,APROVADA,2026-07-24T10:46:44,2026-07-24T11:41:44,2026-07-25T23:19:00,batch_002
a5101cd3-d933-4250-bf04-9c5a09a56b20,901,,SAQUE,7613.07,BRL,Maxime soluta nulla.,,Cardoso do Galho,APROVADA,2026-07-23T03:39:33,2026-07-23T05:52:33,2026-07-25T23:19:00,batch_002
98b3e484-6b9b-4c41-8bd2-54bfb750cefb,1064,,BOLETO,8168.4,BRL,Unde totam ipsum quidem doloremque.,,Montenegro,APROVADA,2026-07-23T16:00:47,2026-07-23T17:23:47,2026-07-25T23:19:00,batch_002
b2264e96-63ab-414c-8cee-82f071d7a186,158,768.0,CARTAO,351.71,BRL,Fugit eos voluptatibus consequatur consequatur.,Barros Cavalcanti S.A.,Ferreira do Campo,APROVADA,2026-07-21T17:26:19,2026-07-21T18:44:19,2026-07-25T23:19:00,batch_002
0de38f67-d070-48de-8135-d5786d77c51e,676,,PIX,4616.91,BRL,Mollitia perspiciatis ducimus omnis.,,Moraes de Martins,APROVADA,2026-07-25T04:12:45,2026-07-25T04:37:45,2026-07-25T23:19:00,batch_002
9ca09fe7-1b26-4172-b085-b3c0fc0248d3,567,,BOLETO,5109.86,BRL,Ullam eaque minima illo ullam.,,Correia,APROVADA,2026-07-19T20:34:43,2026-07-19T21:37:43,2026-07-25T23:19:00,batch_002
4d8a623b-9f74-42e4-ae4e-e48d2d750a2e,437,,BOLETO,7281.75,BRL,Omnis voluptates fugiat eos.,,Camargo do Campo,APROVADA,2026-07-22T17:55:18,2026-07-22T19:52:18,2026-07-25T23:19:00,batch_002
64e70b81-d22e-4291-969b-d76c5882eaa1,977,,PIX,1616.45,BRL,Praesentium labore voluptatem expedita.,,Nogueira do Amparo,APROVADA,2026-07-22T01:24:44,2026-07-22T04:04:44,2026-07-25T23:19:00,batch_002
b806fc31-9d47-47b8-9c3b-3bfcebc014fc,836,,CARTAO,17578.65,BRL,Quaerat libero aliquid.,Pires Caldeira - EI,Cavalcante,NEGADA,2026-07-20T08:04:36,2026-07-20T09:17:36,2026-07-25T23:19:00,batch_002
d7cdd8d7-3f89-463b-9cef-9adc680701df,16,,PIX,18662.49,BRL,Quos eum harum nam.,,Moreira,APROVADA,2026-07-22T11:07:14,2026-07-22T11:43:14,2026-07-25T23:19:00,batch_002
25efe5b8-efc8-4e3b-a1fd-f2cd370eec47,1090,,PIX,18572.93,BRL,Id consectetur quasi cumque.,,Garcia,APROVADA,2026-07-22T21:52:33,2026-07-23T00:43:33,2026-07-25T23:19:00,batch_002
83b945cb-794a-4f32-ace6-8d335c908183,800,,PIX,16704.54,BRL,Excepturi esse numquam similique a.,,Barros,APROVADA,2026-07-24T14:55:40,2026-07-24T17:01:40,2026-07-25T23:19:00,batch_002
b34af956-5e35-4aa0-980f-abfe3bb81f84,168,,CARTAO,18058.58,BRL,Aut voluptatem ipsum dicta.,Silva,Brito,APROVADA,2026-07-24T00:45:07,2026-07-24T01:54:07,2026-07-25T23:19:00,batch_002
d4539bcd-ae5e-4640-bcb4-7c00f5a69080,288,481.0,CARTAO,16991.36,BRL,Doloremque ducimus quo placeat voluptatum reprehenderit.,Fonseca Melo - EI,Rezende,APROVADA,2026-07-20T09:48:57,2026-07-20T10:56:57,2026-07-25T23:19:00,batch_002
b5b471d8-ae7b-4a77-a886-a0a76169fbab,679,,BOLETO,12794.28,BRL,Accusamus pariatur explicabo ratione temporibus vitae.,,Ramos,APROVADA,2026-07-23T07:21:22,2026-07-23T09:36:22,2026-07-25T23:19:00,batch_002
265e9d69-e3cf-46e5-ac0a-81a6163c79f8,411,,TED,13618.56,BRL,Quam dignissimos iure non et quas.,,da Costa,APROVADA,2026-07-21T13:43:01,2026-07-21T16:30:01,2026-07-25T23:19:00,batch_002
1f57a76f-0784-4c38-9b8c-22cde7b078e9,360,,CARTAO,14888.15,BRL,Exercitationem labore labore sint inventore.,Machado,Marques,APROVADA,2026-07-25T02:36:16,2026-07-25T02:49:16,2026-07-25T23:19:00,batch_002
c2875fe4-654f-4724-a81d-8cb7aeaf087f,66,,PIX,2072.0,BRL,Debitis a inventore fugit vero voluptatibus.,,Cavalcante do Amparo,APROVADA,2026-07-20T20:06:03,2026-07-20T21:29:03,2026-07-25T23:19:00,batch_002
baf70107-7dd0-49c5-9f07-8fe80169939a,408,,PIX,1580.07,BRL,Tenetur aperiam excepturi non laboriosam.,,Nogueira,APROVADA,2026-07-21T01:43:09,2026-07-21T03:31:09,2026-07-25T23:19:00,batch_002
dd6ca4c4-82fa-4c22-944b-f1a275b3392a,408,,BOLETO,12449.39,BRL,Autem voluptatem sit expedita ducimus.,,Costela,APROVADA,2026-07-22T08:25:34,2026-07-22T09:54:34,2026-07-25T23:19:00,batch_002
55064f90-f2c4-4b5e-b529-8d8b49994f0c,317,,BOLETO,18613.16,BRL,Sit occaecati exercitationem asperiores.,,Oliveira,APROVADA,2026-07-19T21:51:03,2026-07-20T00:29:03,2026-07-25T23:19:00,batch_002
824fba95-fdbd-487d-b69b-abe8a1f593b8,347,,CARTAO,6816.93,BRL,Minus tempore ducimus nobis quam accusamus.,Pastor,Sales,APROVADA,2026-07-24T12:06:34,2026-07-24T14:15:34,2026-07-25T23:19:00,batch_002
a4488653-8f54-4977-b3cd-9d478eec4691,81,,PIX,16663.91,BRL,Veritatis similique neque quasi consequuntur.,,Pires do Galho,NEGADA,2026-07-19T13:53:49,2026-07-19T16:14:49,2026-07-25T23:19:00,batch_002
fd37a6cc-6f6f-4de7-bca3-431411301761,1115,,SAQUE,9186.76,BRL,Veritatis incidunt quis.,,Caldeira da Prata,APROVADA,2026-07-24T07:39:38,2026-07-24T09:55:38,2026-07-25T23:19:00,batch_002
c6aa46d9-8f9b-4d8d-ae4f-932877682edd,653,676.0,CARTAO,8619.92,BRL,Nisi eum commodi odio quaerat.,da Cruz da Cruz - EI,Sousa,NEGADA,2026-07-23T04:08:47,2026-07-23T04:09:47,2026-07-25T23:19:00,batch_002
b687c092-3bd7-4a0a-9ed6-a52d67d0fa64,212,,BOLETO,16321.0,BRL,Necessitatibus et esse.,,Siqueira,APROVADA,2026-07-21T11:15:21,2026-07-21T11:25:21,2026-07-25T23:19:00,batch_002
70654caa-efe0-4e5a-9eb3-5740c7179874,776,,PIX,7133.64,BRL,Optio quibusdam et.,,Lopes,APROVADA,2026-07-21T13:07:35,2026-07-21T13:09:35,2026-07-25T23:19:00,batch_002
7de35daa-cd64-4006-90d7-397cb08a1235,843,,CARTAO,14529.1,BRL,Quidem impedit odit nam esse magni distinctio.,Cirino Macedo Ltda.,Rios do Norte,APROVADA,2026-07-22T21:39:56,2026-07-22T22:25:56,2026-07-25T23:19:00,batch_002
956e5754-3094-4cbd-8d0d-249afdc850f3,503,899.0,CARTAO,8995.54,BRL,Nulla necessitatibus qui.,Cassiano,Silva,APROVADA,2026-07-21T16:21:42,2026-07-21T17:03:42,2026-07-25T23:19:00,batch_002
0dc9ea8d-b294-4995-ba10-da9628ea123f,630,,BOLETO,11848.54,BRL,Laboriosam laborum quisquam.,,Jesus de Goiás,APROVADA,2026-07-19T02:16:22,2026-07-19T02:28:22,2026-07-25T23:19:00,batch_002
43e7b9a6-e778-47e0-a850-299429e3a870,502,,PIX,3489.48,BRL,Repellat minus velit ducimus ab.,,Viana,APROVADA,2026-07-25T18:59:03,2026-07-25T19:51:03,2026-07-25T23:19:00,batch_002
f37e3e39-5e95-4d0f-a390-5443a720a340,113,,TED,19386.86,BRL,Debitis dolores hic ipsam occaecati.,,Sá Alegre,APROVADA,2026-07-24T21:31:21,2026-07-25T00:13:21,2026-07-25T23:19:00,batch_002
66256da1-7d79-4907-bf31-e6ebbd6901cd,49,395.0,CARTAO,10131.76,BRL,Facere fuga numquam molestiae veritatis nihil.,Martins Farias Ltda.,Sales de Albuquerque,APROVADA,2026-07-25T13:27:44,2026-07-25T14:22:44,2026-07-25T23:19:00,batch_002
2ca06ac6-66a9-409b-a3b4-8a639f73dd9e,1174,,TED,9900.22,BRL,Fugiat recusandae fugiat.,,Duarte das Flores,APROVADA,2026-07-22T17:46:53,2026-07-22T19:25:53,2026-07-25T23:19:00,batch_002
a3ddcdab-d427-4ae3-9b18-cd7eb19f12d1,686,,SAQUE,12127.94,BRL,Voluptates soluta harum quibusdam consequatur.,,da Mata das Pedras,APROVADA,2026-07-22T08:17:23,2026-07-22T08:38:23,2026-07-25T23:19:00,batch_002
4746ca8c-e864-4b14-957d-7a3ce21152b9,1070,,CARTAO,14626.21,BRL,Quam accusantium quisquam ut minima perspiciatis.,Moraes da Rosa - ME,Nunes,APROVADA,2026-07-20T11:17:02,2026-07-20T12:49:02,2026-07-25T23:19:00,batch_002
6803bf39-898d-4df9-a4e4-c109372fc3f5,167,,TED,7256.56,BRL,Nostrum maxime nesciunt.,,da Conceição do Norte,APROVADA,2026-07-19T12:18:56,2026-07-19T14:42:56,2026-07-25T23:19:00,batch_002
02dffa3a-5551-46b2-8d10-d9089331dd91,533,,TED,18796.32,BRL,Distinctio quia recusandae sapiente deserunt.,,da Mota,APROVADA,2026-07-23T21:04:28,2026-07-23T22:38:28,2026-07-25T23:19:00,batch_002
bc3ef2e3-855f-4efd-b624-75d0be3bd75f,1090,597.0,CARTAO,7553.18,BRL,Occaecati magnam itaque quos reprehenderit inventore.,Casa Grande,Garcia,APROVADA,2026-07-25T03:12:08,2026-07-25T04:36:08,2026-07-25T23:19:00,batch_002
908407e7-9bef-4cdb-9d0e-0b2e5dce9768,1220,,TED,12826.03,BRL,Animi deleniti quaerat reiciendis quo molestias.,,Carvalho,APROVADA,2026-07-20T23:43:00,2026-07-21T01:03:00,2026-07-25T23:19:00,batch_002
17886d87-1570-4392-bbcb-24e0e837b1fb,756,,SAQUE,10788.99,BRL,Ratione repellat velit facere ratione.,,Dias da Prata,NEGADA,2026-07-24T22:07:02,2026-07-24T23:36:02,2026-07-25T23:19:00,batch_002
4cf4155e-5839-4ad8-8632-2025dc2ec7b1,377,,CARTAO,12481.51,BRL,Suscipit dicta qui repellendus.,Andrade,Cassiano da Praia,APROVADA,2026-07-20T11:43:36,2026-07-20T12:56:36,2026-07-25T23:19:00,batch_002
194c32c1-27d1-4734-8585-f14e3a919cb8,102,,TED,7652.05,BRL,Quisquam voluptatem dolore mollitia ipsum ipsa.,,Martins,APROVADA,2026-07-19T11:54:10,2026-07-19T12:03:10,2026-07-25T23:19:00,batch_002
706e6495-7ba4-46b5-ac3a-004f420a0371,770,,SAQUE,3889.49,BRL,Qui corrupti repellendus.,,Cardoso,APROVADA,2026-07-23T13:37:48,2026-07-23T16:05:48,2026-07-25T23:19:00,batch_002
a0f88811-4fc8-4fba-8aee-f08dcc2a91a1,1148,,PIX,10061.34,BRL,Et maiores amet porro.,,Siqueira,APROVADA,2026-07-19T19:13:27,2026-07-19T21:10:27,2026-07-25T23:19:00,batch_002
6ba185bd-4052-49dc-afc4-e9b067a18454,384,,SAQUE,2588.79,BRL,Quisquam nobis esse suscipit consectetur.,,Silva,APROVADA,2026-07-22T05:08:31,2026-07-22T07:56:31,2026-07-25T23:19:00,batch_002
81e24cac-3f8e-48f0-9593-136018b08aa8,124,,TED,1133.09,BRL,Rem alias veritatis voluptatum.,,Fernandes Paulista,APROVADA,2026-07-23T11:23:16,2026-07-23T14:14:16,2026-07-25T23:19:00,batch_002
c7ab4d59-e908-4c9c-a3d2-df66aeb2489a,565,,BOLETO,19431.4,BRL,Numquam culpa iusto expedita.,,Costela,APROVADA,2026-07-20T23:14:07,2026-07-21T00:11:07,2026-07-25T23:19:00,batch_002
3aea0ea5-c96a-4055-ad12-3e4b4049370b,1205,,CARTAO,10220.84,BRL,Nihil numquam beatae repellendus dolorum.,Siqueira Brito - EI,Pastor da Praia,APROVADA,2026-07-24T01:08:22,2026-07-24T01:45:22,2026-07-25T23:19:00,batch_002
6c47af8f-a049-424a-a42f-75efc1f96f9a,1112,,TED,2848.47,BRL,Mollitia pariatur in ex.,,da Paz,APROVADA,2026-07-23T21:32:26,2026-07-23T23:38:26,2026-07-25T23:19:00,batch_002
2b15be4b-1c4d-40fd-bf67-f48a849298c0,411,,SAQUE,1989.63,BRL,Vero reiciendis odit.,,Barros,APROVADA,2026-07-23T21:13:01,2026-07-23T22:40:01,2026-07-25T23:19:00,batch_002
51cdcfa5-73e0-40cf-93b1-ac3be568f5e9,1075,,CARTAO,13351.74,BRL,Sequi esse aperiam accusamus.,da Costa S/A,Cassiano,APROVADA,2026-07-23T20:00:37,2026-07-23T22:16:37,2026-07-25T23:19:00,batch_002
75c5c6f0-5475-4987-8b4d-2eb6a4dff69b,261,,PIX,2214.7,BRL,Quis eius sapiente.,,Monteiro,APROVADA,2026-07-19T20:39:27,2026-07-19T23:02:27,2026-07-25T23:19:00,batch_002
aa4efe72-1c9d-4da8-a9b4-fc52aeb4f4d2,784,,TED,3320.65,BRL,Dolorem maiores quisquam.,,da Mata,APROVADA,2026-07-25T09:58:00,2026-07-25T10:57:00,2026-07-25T23:19:00,batch_002
11c469b2-77a6-49ad-9251-f7b833970abb,95,,TED,10034.42,BRL,Dolorem porro molestias ipsam numquam labore.,,Siqueira,NEGADA,2026-07-25T20:48:23,2026-07-25T21:46:23,2026-07-25T23:19:00,batch_002
dafcbeab-1a24-4e72-9ce5-f0650f48e153,361,,TED,1838.17,BRL,Fuga voluptatum voluptate dolorum repellendus nisi.,,Aparecida da Praia,APROVADA,2026-07-23T22:26:32,2026-07-24T00:18:32,2026-07-25T23:19:00,batch_002
c9b01816-87e0-478a-8e6e-e296094a8f34,798,425.0,CARTAO,14753.31,BRL,Neque ipsum esse fuga ut.,Mendonça,Costa,APROVADA,2026-07-23T21:27:55,2026-07-23T21:57:55,2026-07-25T23:19:00,batch_002
efd38088-1baf-46c2-9c15-7d91a317188a,1133,,SAQUE,3889.69,BRL,Dolorem eum veniam dicta repellat.,,Marques,APROVADA,2026-07-25T21:54:29,2026-07-25T22:31:29,2026-07-25T23:19:00,batch_002
f639afcd-6862-46b8-ba86-7b153b6c254c,32,,SAQUE,4320.02,BRL,Doloremque nostrum occaecati quod placeat repudiandae.,,Rios,APROVADA,2026-07-25T16:17:50,2026-07-25T19:15:50,2026-07-25T23:19:00,batch_002
18f6713b-d884-4ad5-bef8-24b4a5462403,512,,BOLETO,11809.02,BRL,Placeat nisi vel.,,Carvalho de Sampaio,APROVADA,2026-07-22T15:29:47,2026-07-22T16:54:47,2026-07-25T23:19:00,batch_002
e0891226-27ed-4528-b7da-7396dd438c32,856,853.0,CARTAO,8851.23,BRL,Nobis veniam laboriosam dolor corrupti maiores.,Albuquerque,Leão,APROVADA,2026-07-22T02:46:22,2026-07-22T05:17:22,2026-07-25T23:19:00,batch_002
e64f4838-e808-4e6f-aa34-3ad6d6fbb459,1116,,SAQUE,12024.7,BRL,Quo architecto similique deserunt.,,Farias,APROVADA,2026-07-22T14:03:30,2026-07-22T14:44:30,2026-07-25T23:19:00,batch_002
db8bc956-ab72-4f4b-b75f-c96201b4146c,850,,SAQUE,4532.57,BRL,Quasi blanditiis ipsam.,,Azevedo Verde,APROVADA,2026-07-20T06:55:51,2026-07-20T09:29:51,2026-07-25T23:19:00,batch_002
cf851477-8065-40cd-9542-84fffc8d9a0a,837,,CARTAO,16718.17,BRL,Dolor nihil quo.,Jesus - EI,Fernandes,APROVADA,2026-07-25T12:26:40,2026-07-25T14:35:40,2026-07-25T23:19:00,batch_002
40bcf65a-a6ba-4bdc-8985-593c761c5981,966,,CARTAO,1357.18,BRL,Aspernatur nemo animi.,Mendonça,Vasconcelos Verde,APROVADA,2026-07-20T23:38:14,2026-07-21T01:39:14,2026-07-25T23:19:00,batch_002
a0e338d3-7b7f-4469-8053-e028852748e4,1129,,PIX,16192.93,BRL,Voluptates eos nemo.,,da Luz Alegre,APROVADA,2026-07-21T00:54:07,2026-07-21T03:30:07,2026-07-25T23:19:00,batch_002
beed82e1-5746-43c0-affa-a72d859906e1,887,,SAQUE,19889.17,BRL,Accusantium laboriosam beatae error fuga fugit.,,Barbosa,NEGADA,2026-07-21T10:01:48,2026-07-21T11:58:48,2026-07-25T23:19:00,batch_002
392e3167-29ec-4a6c-9b22-085cf87f667e,519,,CARTAO,9359.16,BRL,Placeat earum autem ad.,Montenegro S/A,Pinto da Praia,APROVADA,2026-07-23T10:42:13,2026-07-23T11:47:13,2026-07-25T23:19:00,batch_002
61897705-a099-4c8d-9607-100b894bef32,813,,BOLETO,6826.96,BRL,Repellat amet vel quas molestias.,,Sampaio,APROVADA,2026-07-23T15:45:42,2026-07-23T16:34:42,2026-07-25T23:19:00,batch_002
140e7220-af61-4ba6-8b30-ab55e6371d96,639,339.0,CARTAO,12156.87,BRL,Reprehenderit vitae fuga nam harum.,Sampaio da Mota - EI,das Neves da Mata,APROVADA,2026-07-24T17:22:46,2026-07-24T18:02:46,2026-07-25T23:19:00,batch_002
936fd667-c90d-4ce4-94fd-4811077347ea,423,,PIX,9398.9,BRL,Magni quis error dolorum accusamus.,,Duarte,APROVADA,2026-07-23T13:18:14,2026-07-23T13:55:14,2026-07-25T23:19:00,batch_002
960bf3f5-b6cc-413f-955f-fd156a3d1448,748,654.0,CARTAO,16888.36,BRL,Ratione illo inventore.,Pires - ME,Lima,APROVADA,2026-07-24T13:57:33,2026-07-24T14:21:33,2026-07-25T23:19:00,batch_002
9c6d6101-ea9a-4250-8898-e1bdd42c2629,593,,PIX,13938.77,BRL,Dolor totam temporibus.,,Moreira Paulista,APROVADA,2026-07-21T20:10:39,2026-07-21T21:26:39,2026-07-25T23:19:00,batch_002
b11b71d6-fef9-4405-bdaa-6ca2778d7f67,540,,SAQUE,7529.07,BRL,Soluta tempora dolore.,,da Cunha de Novais,APROVADA,2026-07-23T14:09:04,2026-07-23T15:19:04,2026-07-25T23:19:00,batch_002
32f9944e-4099-4cab-a7c8-2b0ef919e6be,773,,BOLETO,1826.63,BRL,Aspernatur reprehenderit et adipisci.,,da Costa da Serra,PENDENTE,2026-07-20T03:28:37,2026-07-20T05:10:37,2026-07-25T23:19:00,batch_002
5387bf88-49a8-4856-bc6e-154534d861a3,557,,BOLETO,15901.78,BRL,Amet in quibusdam architecto natus.,,Azevedo Grande,APROVADA,2026-07-19T12:08:35,2026-07-19T14:27:35,2026-07-25T23:19:00,batch_002
f92e8e72-dba6-4c5d-a5e1-59ab56ef3e5f,604,,SAQUE,13679.71,BRL,Quos maiores rerum provident asperiores.,,Machado de Teixeira,APROVADA,2026-07-25T21:48:03,2026-07-25T22:25:03,2026-07-25T23:19:00,batch_002
dadc1eee-699c-46a9-a5c2-84147ec67d5f,982,,SAQUE,18777.0,BRL,Nostrum hic fuga inventore eos officiis.,,da Cunha de da Costa,APROVADA,2026-07-21T23:47:17,2026-07-22T00:16:17,2026-07-25T23:19:00,batch_002
5868ba2d-ed1b-4e47-af76-2be511dcdd28,1198,,BOLETO,10982.55,BRL,Nemo at voluptates deserunt porro nulla.,,Viana Verde,APROVADA,2026-07-25T11:28:40,2026-07-25T13:57:40,2026-07-25T23:19:00,batch_002
166e80ae-bffc-4950-8787-bd95985807ab,455,,BOLETO,6929.76,BRL,Eaque ea autem.,,Andrade do Norte,APROVADA,2026-07-23T04:09:59,2026-07-23T06:09:59,2026-07-25T23:19:00,batch_002
ae016b33-25b7-4317-9593-f5bdf9b1610e,1071,,BOLETO,7961.35,BRL,Dolor aliquam ut iusto consectetur.,,Rocha Paulista,APROVADA,2026-07-22T02:46:48,2026-07-22T05:06:48,2026-07-25T23:19:00,batch_002
3779cf93-557a-4557-b4a6-826613d1a4f2,892,,TED,17437.05,BRL,Deserunt accusamus consequatur atque.,,Montenegro de Rios,APROVADA,2026-07-22T06:25:22,2026-07-22T08:03:22,2026-07-25T23:19:00,batch_002
8cafc83a-a116-4eca-929c-2713f59137e3,329,,BOLETO,2927.13,BRL,Dolorum cum voluptate esse delectus sed.,,Pacheco,APROVADA,2026-07-24T12:31:38,2026-07-24T14:31:38,2026-07-25T23:19:00,batch_002
2811849e-9071-4099-8ac2-7fc06e2ab0db,734,,BOLETO,13972.33,BRL,Vel molestiae tempora totam.,,Sales do Campo,APROVADA,2026-07-21T04:45:10,2026-07-21T05:14:10,2026-07-25T23:19:00,batch_002
b619393a-76d3-4813-984e-17ffe8168929,692,,CARTAO,7070.08,BRL,Quisquam facere a modi est dolor.,Moreira,Cardoso de Duarte,NEGADA,2026-07-19T01:43:25,2026-07-19T04:08:25,2026-07-25T23:19:00,batch_002
78d52f27-115f-4d51-987a-d09a8f49bffa,173,,SAQUE,9242.96,BRL,Cumque debitis adipisci sapiente nihil.,,Macedo,APROVADA,2026-07-24T18:44:25,2026-07-24T18:50:25,2026-07-25T23:19:00,batch_002
64c12dcb-f58d-4d56-821b-2cc73a61cb1f,252,159.0,CARTAO,4065.87,BRL,Maxime quae vero officia animi.,da Cruz Ltda.,Brito,APROVADA,2026-07-21T15:56:11,2026-07-21T16:54:11,2026-07-25T23:19:00,batch_002
f3961d19-c208-4429-9739-33ae75315cfb,989,,PIX,2374.94,BRL,Velit molestias nostrum ut dolorem quam.,,Castro do Galho,APROVADA,2026-07-20T15:58:09,2026-07-20T18:04:09,2026-07-25T23:19:00,batch_002
8a8b8445-020b-4c78-9299-02d0fa4ea2a5,947,,TED,10597.79,BRL,Optio minima dignissimos harum ad nihil.,,Souza,APROVADA,2026-07-20T21:40:40,2026-07-20T22:02:40,2026-07-25T23:19:00,batch_002
83172035-18a9-45eb-97a0-5b84a688f8f3,811,,TED,18556.17,BRL,Ab tenetur eaque error.,,da Rocha,APROVADA,2026-07-20T09:54:30,2026-07-20T10:11:30,2026-07-25T23:19:00,batch_002
1b67b8c2-1e59-49d1-9ca8-ae933cd4b756,369,,PIX,15020.62,BRL,Dolorum porro ad deserunt suscipit.,,Vargas Alegre,APROVADA,2026-07-19T17:11:08,2026-07-19T18:38:08,2026-07-25T23:19:00,batch_002
65afd584-aa2e-4b16-af17-de9f1238ac81,883,,BOLETO,5052.55,BRL,Nam id iure sed sit.,,Araújo de Minas,NEGADA,2026-07-20T06:21:55,2026-07-20T08:15:55,2026-07-25T23:19:00,batch_002
8e68f8bc-e438-46c5-b2bb-e9878ed25d1c,1185,,TED,18934.15,BRL,Est debitis temporibus aspernatur voluptatem.,,da Paz de Barros,NEGADA,2026-07-23T20:54:23,2026-07-23T23:07:23,2026-07-25T23:19:00,batch_002
64b6127c-6f7d-4be2-a0e1-9855be82d35a,252,,PIX,19638.33,BRL,Dolores laudantium nesciunt ex repudiandae debitis.,,Lopes de Moura,APROVADA,2026-07-23T08:30:56,2026-07-23T10:49:56,2026-07-25T23:19:00,batch_002
4bc4770d-3c2c-4c53-800e-a9cdc90fb149,676,,PIX,15757.91,BRL,Accusantium excepturi ad iste.,,Novaes da Prata,APROVADA,2026-07-24T15:49:35,2026-07-24T17:09:35,2026-07-25T23:19:00,batch_002
ba2fd838-a524-400f-b15e-37fa64b30de5,891,,SAQUE,3295.32,BRL,Voluptas provident incidunt perferendis atque.,,da Rosa,APROVADA,2026-07-22T08:51:12,2026-07-22T10:52:12,2026-07-25T23:19:00,batch_002
e2479143-f99b-4d1c-ab81-d8b746b2f07b,342,,TED,9266.53,BRL,Excepturi natus ex at ab impedit.,,Siqueira,NEGADA,2026-07-21T00:08:38,2026-07-21T02:32:38,2026-07-25T23:19:00,batch_002
b151c9da-4314-404e-8976-8fdd7c0c8b77,1092,,SAQUE,19642.84,BRL,Impedit velit nihil delectus corrupti.,,Carvalho,APROVADA,2026-07-20T14:37:40,2026-07-20T16:30:40,2026-07-25T23:19:00,batch_002
c464eac7-d463-48ef-99e9-070c45702a5b,5,,CARTAO,18544.63,BRL,Consequuntur quas recusandae eligendi dicta accusamus.,da Cruz,Oliveira de Pimenta,APROVADA,2026-07-22T05:59:21,2026-07-22T06:07:21,2026-07-25T23:19:00,batch_002
26e4af20-b23c-488a-bdd8-19357f7d5888,315,,CARTAO,15330.13,BRL,Deleniti praesentium doloremque molestias ea culpa.,Fonseca,Sales de Gomes,NEGADA,2026-07-22T22:30:11,2026-07-23T00:47:11,2026-07-25T23:19:00,batch_002
bf1905bd-c5b5-4a9a-adbb-345ebd6b77bc,607,,BOLETO,13319.06,BRL,Ipsa quisquam quis necessitatibus veniam.,,Souza Paulista,APROVADA,2026-07-25T05:00:27,2026-07-25T05:52:27,2026-07-25T23:19:00,batch_002
3dcbf074-3680-4968-ac63-3d6caff09c84,1214,,SAQUE,18778.03,BRL,Quod vel tempore ipsa laborum ipsum.,,Vasconcelos de Goiás,APROVADA,2026-07-25T17:33:19,2026-07-25T17:51:19,2026-07-25T23:19:00,batch_002
2ca8dda3-cc7a-424a-a04d-261a112140a3,938,,CARTAO,15577.16,BRL,Ducimus impedit dolorem mollitia totam.,Rodrigues,Cardoso,NEGADA,2026-07-21T18:50:58,2026-07-21T19:22:58,2026-07-25T23:19:00,batch_002
6391c3f0-a020-425b-962d-364b89a2c3b1,632,,BOLETO,8960.51,BRL,Dolores alias odio dolore.,,Costa de Vargas,NEGADA,2026-07-22T16:04:45,2026-07-22T17:03:45,2026-07-25T23:19:00,batch_002
77715c8c-4259-417f-b8b6-34dfaa3c2dae,753,,PIX,16850.88,BRL,Vitae quos itaque earum.,,Cavalcanti do Campo,NEGADA,2026-07-23T20:14:43,2026-07-23T22:59:43,2026-07-25T23:19:00,batch_002
b6533e6d-6553-4d73-a38d-26620f488030,1099,,TED,15755.76,BRL,Autem quam accusamus sint.,,Sousa Grande,APROVADA,2026-07-19T22:13:51,2026-07-20T00:44:51,2026-07-25T23:19:00,batch_002
d36be0c8-c10b-4ffb-ac06-6373bcaede53,819,433.0,CARTAO,15964.48,BRL,Aut harum magnam unde atque.,Moura,Viana do Oeste,NEGADA,2026-07-25T10:59:11,2026-07-25T12:01:11,2026-07-25T23:19:00,batch_002
85ca99da-7063-425b-8d20-31f245b31193,450,,BOLETO,11257.21,BRL,Laudantium ducimus sint at illo eius.,,Costela,APROVADA,2026-07-22T14:22:43,2026-07-22T17:11:43,2026-07-25T23:19:00,batch_002
30e3ea91-4377-48e6-b23e-348c2d5aefd7,925,,PIX,12561.34,BRL,Mollitia animi ducimus porro ipsam rem.,,da Rocha,APROVADA,2026-07-22T13:35:37,2026-07-22T14:27:37,2026-07-25T23:19:00,batch_002
65927ef1-21d3-4631-8c29-388442e3fd89,294,274.0,CARTAO,13884.77,BRL,Consequatur distinctio doloribus.,Ramos S.A.,da Cruz,APROVADA,2026-07-20T09:45:51,2026-07-20T12:23:51,2026-07-25T23:19:00,batch_002
334fb7c7-3904-4ee0-a0f2-f94ce84a2aca,316,,TED,6624.17,BRL,Repellendus deserunt nisi.,,Alves das Pedras,APROVADA,2026-07-19T19:19:48,2026-07-19T19:30:48,2026-07-25T23:19:00,batch_002
6223dccb-502d-4a1b-a7ee-bb3ecd0fba9c,328,,BOLETO,4015.99,BRL,Temporibus necessitatibus at similique vero.,,Cassiano do Norte,APROVADA,2026-07-24T02:06:24,2026-07-24T02:11:24,2026-07-25T23:19:00,batch_002
983f9b6e-4a29-4ec4-8c6f-df0c89a1fb69,1,,PIX,13852.87,BRL,Esse dolor qui illum perspiciatis voluptate.,,Marques,APROVADA,2026-07-19T05:01:32,2026-07-19T05:07:32,2026-07-25T23:19:00,batch_002
a09c2220-a6c5-49e6-82b0-5a7c6660bb47,267,,BOLETO,15136.12,BRL,Reprehenderit autem officiis a.,,Cavalcante dos Dourados,NEGADA,2026-07-20T19:14:54,2026-07-20T20:17:54,2026-07-25T23:19:00,batch_002
92d7fd9f-019a-4396-9d49-79b4fdd2d25b,392,343.0,CARTAO,13165.97,BRL,Doloremque totam quis fuga.,Pinto Moura S.A.,Alves Verde,APROVADA,2026-07-21T22:30:18,2026-07-21T23:30:18,2026-07-25T23:19:00,batch_002
f897cf9b-be3e-4fe5-af17-f07b0b709929,719,,BOLETO,14120.97,BRL,Soluta iste aliquam dignissimos.,,Nunes Paulista,APROVADA,2026-07-22T09:10:37,2026-07-22T09:52:37,2026-07-25T23:19:00,batch_002
e3bcf6c7-5e76-493b-ac3d-6b7bce15a4e4,1029,,TED,8546.4,BRL,Assumenda nihil nam cum repudiandae nulla.,,Barros de Minas,APROVADA,2026-07-22T19:16:11,2026-07-22T19:27:11,2026-07-25T23:19:00,batch_002
425b156f-d362-4dcb-9510-f5ce5972b49a,205,,TED,6785.57,BRL,Doloribus et asperiores.,,Monteiro,APROVADA,2026-07-22T13:57:52,2026-07-22T16:17:52,2026-07-25T23:19:00,batch_002
7c4c8e1c-ee84-4873-aaba-d04e109f9a2e,464,,SAQUE,5213.63,BRL,Esse quibusdam odio nisi.,,Nascimento da Praia,APROVADA,2026-07-22T00:24:51,2026-07-22T02:44:51,2026-07-25T23:19:00,batch_002
d944f75a-0461-447a-9b50-ae7d834d4588,814,,CARTAO,8318.18,BRL,Eaque porro perspiciatis aliquid placeat.,Gonçalves Correia Ltda.,Borges da Prata,APROVADA,2026-07-21T00:04:30,2026-07-21T02:16:30,2026-07-25T23:19:00,batch_002
880b238c-bf25-4d80-8823-5856d7cd40c6,453,,PIX,8022.24,BRL,Molestiae earum veritatis doloremque.,,Pimenta Paulista,APROVADA,2026-07-21T00:50:55,2026-07-21T02:34:55,2026-07-25T23:19:00,batch_002
23bb1b2c-34f2-44be-b85a-6850689aa1d8,1143,,SAQUE,3658.19,BRL,Porro aliquid aliquam labore quaerat culpa.,,Nunes da Prata,APROVADA,2026-07-22T14:00:38,2026-07-22T16:18:38,2026-07-25T23:19:00,batch_002
331c2b36-dac4-4ec8-9ab2-af0eed810974,793,,PIX,14541.39,BRL,Est maiores labore exercitationem rerum.,,Jesus,APROVADA,2026-07-25T17:01:52,2026-07-25T17:36:52,2026-07-25T23:19:00,batch_002
5cc9c3c2-6b28-4cbd-8487-1536c70eb564,512,,TED,3327.54,BRL,Omnis nostrum hic.,,Vasconcelos,APROVADA,2026-07-19T05:58:31,2026-07-19T06:44:31,2026-07-25T23:19:00,batch_002
c26f3021-06a3-4803-a9bf-99421e0313ec,40,,TED,8387.98,BRL,Deserunt distinctio hic aliquid corporis.,,Sousa,APROVADA,2026-07-19T09:14:33,2026-07-19T11:11:33,2026-07-25T23:19:00,batch_002
05b55fe4-09a1-422c-86ba-3b94a907a041,1010,,TED,18199.09,BRL,Temporibus eum qui aperiam nobis molestiae.,,Sales,APROVADA,2026-07-19T06:36:11,2026-07-19T08:00:11,2026-07-25T23:19:00,batch_002
05e4003a-a700-48ac-b69c-c16217ecdd0d,1032,,PIX,16275.2,BRL,Delectus numquam tenetur animi.,,Alves da Mata,APROVADA,2026-07-25T09:14:10,2026-07-25T11:42:10,2026-07-25T23:19:00,batch_002
800cebad-d085-41ac-8257-ed675a1a370f,957,,SAQUE,19058.08,BRL,Est aliquam facilis.,,Moura,APROVADA,2026-07-22T12:35:34,2026-07-22T13:24:34,2026-07-25T23:19:00,batch_002
2201c0b2-cec8-4fd2-90f6-33298940581c,550,,TED,13736.46,BRL,Cupiditate blanditiis perspiciatis accusamus quas repudiandae.,,Souza,APROVADA,2026-07-23T10:47:50,2026-07-23T13:38:50,2026-07-25T23:19:00,batch_002
0ed9a055-442c-403f-9bfd-62f93365c7fb,607,,BOLETO,6977.49,BRL,Eveniet reiciendis pariatur.,,Mendonça,APROVADA,2026-07-20T22:01:08,2026-07-20T23:33:08,2026-07-25T23:19:00,batch_002
7e1329f1-9a46-4f85-ab8b-9b45c58bb85e,434,,SAQUE,10453.09,BRL,Rem quis magni.,,Mendonça de Barros,APROVADA,2026-07-24T05:33:13,2026-07-24T07:25:13,2026-07-25T23:19:00,batch_002
792793cf-d123-492a-9a4b-d4c66e8fc805,145,,SAQUE,11684.28,BRL,Pariatur cupiditate odio minima officia.,,Ribeiro,APROVADA,2026-07-24T18:04:07,2026-07-24T19:35:07,2026-07-25T23:19:00,batch_002
f8cbb91c-59ee-4ff7-a47e-8a7b9ed073cc,1039,,TED,16540.55,BRL,Consectetur velit perferendis nam officiis.,,Abreu de Barros,APROVADA,2026-07-23T06:06:53,2026-07-23T08:33:53,2026-07-25T23:19:00,batch_002
3a6d3a7d-8d07-44e3-aa2a-f061841d5138,851,,PIX,18736.1,BRL,Ut reiciendis ea perferendis qui culpa.,,da Mota Grande,APROVADA,2026-07-23T02:26:55,2026-07-23T04:04:55,2026-07-25T23:19:00,batch_002
31e2e5bc-e935-4801-a0eb-2952d6694089,350,,TED,9848.97,BRL,Cum maiores iste assumenda qui nisi.,,Mendonça da Praia,APROVADA,2026-07-23T02:57:34,2026-07-23T03:38:34,2026-07-25T23:19:00,batch_002
24305cd6-9e0f-4552-b0f3-56ace65a576e,1208,,PIX,18674.45,BRL,Sint soluta expedita dolores.,,Caldeira de Goiás,APROVADA,2026-07-22T18:05:20,2026-07-22T18:58:20,2026-07-25T23:19:00,batch_002
d5a78d7e-c387-4ab0-9aff-4b431fd9ce17,766,,TED,18807.54,BRL,Et inventore esse cupiditate ab.,,Moura,APROVADA,2026-07-21T17:33:38,2026-07-21T18:54:38,2026-07-25T23:19:00,batch_002
0ab1e79a-a2d7-4601-a493-5edde8130bff,1169,,TED,1578.68,BRL,Numquam molestiae rem.,,Camargo,APROVADA,2026-07-24T22:37:06,2026-07-25T01:03:06,2026-07-25T23:19:00,batch_002
dd5e390c-f647-41a0-8601-de250c819467,1083,,TED,16130.69,BRL,Sit facere totam atque dolorem ex.,,Vasconcelos de Costela,APROVADA,2026-07-20T01:30:29,2026-07-20T02:02:29,2026-07-25T23:19:00,batch_002
6d044893-8417-4044-8600-8d072272d4bd,1175,658.0,CARTAO,12363.34,BRL,Eius cupiditate impedit dolorem expedita.,Pinto Rezende - EI,da Conceição de Minas,APROVADA,2026-07-25T15:05:24,2026-07-25T16:35:24,2026-07-25T23:19:00,batch_002
2629584d-38a9-4277-9da5-1bbe91d8325d,76,,TED,13520.79,BRL,Voluptates repellendus labore repellendus.,,da Costa de Minas,APROVADA,2026-07-25T05:52:08,2026-07-25T06:12:08,2026-07-25T23:19:00,batch_002
208acb51-351e-47e8-91c5-c5d136512b71,1181,,PIX,12179.72,BRL,Id nihil cum.,,Garcia,APROVADA,2026-07-22T05:20:14,2026-07-22T06:43:14,2026-07-25T23:19:00,batch_002
5e551a28-aa45-48cd-919c-f23e7b46137e,400,,SAQUE,5176.86,BRL,Doloribus esse animi rerum.,,Alves de Silva,APROVADA,2026-07-21T05:12:16,2026-07-21T07:17:16,2026-07-25T23:19:00,batch_002
d48cdc33-ffa0-4885-bef7-336d30ca02a7,495,,PIX,5358.16,BRL,Debitis maiores quod.,,Silveira,APROVADA,2026-07-23T18:08:17,2026-07-23T20:51:17,2026-07-25T23:19:00,batch_002
dc7d4d09-4311-4a55-8da9-2a8baf9b6758,970,,SAQUE,11755.71,BRL,Fuga impedit autem explicabo ullam repudiandae.,,Ramos,APROVADA,2026-07-22T11:36:18,2026-07-22T14:04:18,2026-07-25T23:19:00,batch_002
1bb40f61-0985-413a-ab5b-9dbdc9eb5863,957,,SAQUE,1768.83,BRL,Labore debitis recusandae pariatur.,,Araújo,APROVADA,2026-07-25T08:03:35,2026-07-25T09:12:35,2026-07-25T23:19:00,batch_002
1965fdbf-8902-4c87-8654-a2cdab71b1f2,653,,PIX,17990.61,BRL,Voluptate praesentium vel tenetur fugit.,,Barros Grande,APROVADA,2026-07-24T00:16:22,2026-07-24T00:18:22,2026-07-25T23:19:00,batch_002
d2cd4df3-b021-4cdb-a2ca-218a86626f17,1161,,PIX,11993.34,BRL,Maxime ipsum labore commodi.,,Rocha,APROVADA,2026-07-25T06:31:02,2026-07-25T07:24:02,2026-07-25T23:19:00,batch_002
c1a72a94-b217-43b0-93a3-a2a626a62edb,140,,BOLETO,16462.39,BRL,Assumenda maiores alias id tempore.,,Aparecida Alegre,APROVADA,2026-07-20T12:02:11,2026-07-20T14:09:11,2026-07-25T23:19:00,batch_002
c305b905-2c0e-4f38-ae18-c70d31947e24,349,,PIX,6203.21,BRL,Odit consequuntur ducimus ducimus.,,Moraes,APROVADA,2026-07-23T00:58:52,2026-07-23T03:14:52,2026-07-25T23:19:00,batch_002
4fdcc2ba-4d07-4b06-91d0-003a4688f9fb,788,,SAQUE,7958.0,BRL,Cupiditate deleniti ipsum inventore.,,Jesus,APROVADA,2026-07-23T15:33:59,2026-07-23T17:45:59,2026-07-25T23:19:00,batch_002
31b04b2e-6c98-41cb-baea-580224f82469,933,,PIX,14248.28,BRL,Perferendis molestiae rem ut occaecati non.,,Almeida,APROVADA,2026-07-19T23:18:47,2026-07-20T01:35:47,2026-07-25T23:19:00,batch_002
bd1cde91-73ca-4267-aedb-f40a135c934c,907,,PIX,4038.03,BRL,Nulla modi dicta ipsam minima.,,Silveira,APROVADA,2026-07-25T18:38:41,2026-07-25T20:55:41,2026-07-25T23:19:00,batch_002
3f30ff5f-57a0-420c-ac57-a22e793ea302,717,,PIX,19613.91,BRL,Officia laboriosam et nulla.,,Farias,APROVADA,2026-07-19T14:21:32,2026-07-19T15:06:32,2026-07-25T23:19:00,batch_002
aa9f75ba-c3fd-4775-9e08-e2c1e6bf8975,247,,TED,6011.12,BRL,Blanditiis nihil eveniet deleniti doloremque.,,Sá das Pedras,APROVADA,2026-07-22T02:31:22,2026-07-22T02:46:22,2026-07-25T23:19:00,batch_002
5183401e-7b1f-4846-9dd2-380227d4920c,322,465.0,CARTAO,13270.28,BRL,Commodi ex recusandae alias voluptatum aut.,Moura,Silva das Flores,APROVADA,2026-07-23T09:26:53,2026-07-23T09:26:53,2026-07-25T23:19:00,batch_002
09f4fd54-37f0-44c1-8dfc-790fd4bae32a,383,,BOLETO,585.79,BRL,Architecto dolor neque.,,da Mata das Pedras,APROVADA,2026-07-19T04:53:48,2026-07-19T05:33:48,2026-07-25T23:19:00,batch_002
fcd77b04-f519-4d5c-94a0-54a9710523bd,1018,,SAQUE,10689.44,BRL,Temporibus tempora sed necessitatibus ea.,,Almeida da Prata,APROVADA,2026-07-21T13:15:04,2026-07-21T15:37:04,2026-07-25T23:19:00,batch_002
a52f7f27-3e2b-4573-a873-216140303e63,964,,SAQUE,16501.72,BRL,Ex error blanditiis fugiat ipsam.,,Camargo,APROVADA,2026-07-20T09:40:28,2026-07-20T11:02:28,2026-07-25T23:19:00,batch_002
ad8f68ef-154e-4191-9ddf-4eb28b176af3,391,,PIX,3251.44,BRL,At perferendis ipsam harum repellat occaecati.,,Mendonça Verde,APROVADA,2026-07-24T17:07:30,2026-07-24T18:34:30,2026-07-25T23:19:00,batch_002
37ac0553-e4c1-431c-93f1-ec880928fd2a,669,848.0,CARTAO,11416.94,BRL,Explicabo repellendus reprehenderit ad fugiat.,Almeida - EI,Moreira de Minas,NEGADA,2026-07-20T18:24:32,2026-07-20T18:44:32,2026-07-25T23:19:00,batch_002
ec80a826-5cee-4de9-b441-e75b42bba6ba,1200,,SAQUE,2866.08,BRL,Corrupti inventore quaerat nobis voluptate.,,Santos das Flores,NEGADA,2026-07-22T20:42:16,2026-07-22T22:51:16,2026-07-25T23:19:00,batch_002
bb954ed8-a74b-4e12-a3d4-375cfbdfc7ae,688,,TED,13541.54,BRL,Tenetur a tempora.,,Montenegro,APROVADA,2026-07-25T09:13:54,2026-07-25T10:22:54,2026-07-25T23:19:00,batch_002
9e891693-d103-48e7-9262-86fe9cff4c24,612,,PIX,17881.71,BRL,Quaerat voluptas veritatis.,,Farias da Prata,APROVADA,2026-07-20T18:36:46,2026-07-20T19:48:46,2026-07-25T23:19:00,batch_002
770e52ac-e05e-4cd3-9481-6cd4c11d4d05,921,,SAQUE,7583.96,BRL,Reprehenderit quidem rem voluptatum necessitatibus dolorem.,,Rezende,APROVADA,2026-07-23T04:18:52,2026-07-23T06:55:52,2026-07-25T23:19:00,batch_002
9c4d26ac-b6ec-4eed-bf94-046f642b347a,27,,PIX,3868.18,BRL,Nemo a consequatur laboriosam sapiente.,,da Mota,APROVADA,2026-07-20T02:05:12,2026-07-20T02:35:12,2026-07-25T23:19:00,batch_002
c5f45ed2-0017-4550-ae0a-d21ab135d9a1,1195,,PIX,12199.66,BRL,Facilis excepturi minima ratione.,,Siqueira,APROVADA,2026-07-23T11:43:49,2026-07-23T12:22:49,2026-07-25T23:19:00,batch_002
f8037450-5162-4674-a36f-16d79cd58b94,994,,SAQUE,13351.44,BRL,Veniam magni expedita.,,Sousa,APROVADA,2026-07-23T05:00:43,2026-07-23T05:34:43,2026-07-25T23:19:00,batch_002
04eb6080-05a5-492c-85a5-0066923e4171,423,,BOLETO,17021.06,BRL,Veritatis quasi nihil esse earum veniam.,,Melo,APROVADA,2026-07-25T09:57:07,2026-07-25T10:10:07,2026-07-25T23:19:00,batch_002
a2d3ae3e-3075-4364-aca9-177c8849e237,742,,CARTAO,18678.87,BRL,Quibusdam necessitatibus esse cum saepe.,Vasconcelos da Paz - ME,da Costa,APROVADA,2026-07-25T22:45:34,2026-07-26T01:18:34,2026-07-25T23:19:00,batch_002
f87f5605-c138-46a1-8630-360757589f67,618,,PIX,6430.05,BRL,Cumque magnam error eum nobis odit.,,Cirino de Farias,APROVADA,2026-07-19T18:09:08,2026-07-19T19:41:08,2026-07-25T23:19:00,batch_002
973da0f7-e2dd-46ef-9b79-7ab4913d70bb,182,,CARTAO,14105.3,BRL,Unde adipisci quisquam amet amet blanditiis.,Sampaio S.A.,da Luz de Caldeira,APROVADA,2026-07-24T10:42:39,2026-07-24T11:26:39,2026-07-25T23:19:00,batch_002
c3ba4184-23c9-43d1-b747-3661bca6d7df,755,,SAQUE,1095.16,BRL,Ea sed excepturi optio.,,da Mata,APROVADA,2026-07-22T15:54:11,2026-07-22T16:49:11,2026-07-25T23:19:00,batch_002
4116721c-8e00-4094-b1e5-ac4da87cc52d,981,,SAQUE,12816.91,BRL,Minus aliquid ea.,,Porto de Santos,APROVADA,2026-07-19T01:39:51,2026-07-19T04:38:51,2026-07-25T23:19:00,batch_002
f8850f99-55aa-402a-8886-66c0db051362,389,,PIX,19547.73,BRL,Possimus id assumenda id magnam.,,da Luz das Flores,APROVADA,2026-07-23T20:46:17,2026-07-23T22:54:17,2026-07-25T23:19:00,batch_002
85674c20-bc8c-408e-9c8b-b1c3fe647053,387,,SAQUE,14932.88,BRL,Quae ut laboriosam nobis labore.,,Leão do Amparo,APROVADA,2026-07-22T03:27:30,2026-07-22T06:08:30,2026-07-25T23:19:00,batch_002
f1a0ab84-bad9-4d70-a1a8-8f36d1e49f19,887,,PIX,671.73,BRL,Aliquid veniam quo.,,Vargas de Cardoso,APROVADA,2026-07-20T07:04:40,2026-07-20T08:09:40,2026-07-25T23:19:00,batch_002
8e19a148-a043-4030-97da-f1bb14d1d3f1,816,614.0,CARTAO,9382.5,BRL,Repellendus explicabo exercitationem cumque officiis.,Nogueira,Vasconcelos,APROVADA,2026-07-24T13:14:17,2026-07-24T14:40:17,2026-07-25T23:19:00,batch_002
a70198d4-e3fe-4d79-84e4-5ec9fdfd0dd7,896,,SAQUE,8078.86,BRL,Hic esse illo expedita sequi saepe.,,Silveira das Flores,APROVADA,2026-07-19T16:33:36,2026-07-19T17:16:36,2026-07-25T23:19:00,batch_002
1d9cbedc-b01c-47cc-9584-90d75021f350,968,,PIX,5440.22,BRL,Tempore fuga cum incidunt.,,Guerra,APROVADA,2026-07-21T15:09:55,2026-07-21T17:26:55,2026-07-25T23:19:00,batch_002
faa28858-336c-4975-94e5-541c774bdf5c,1090,,PIX,12785.72,BRL,Consequatur expedita perspiciatis similique esse natus.,,Melo da Prata,APROVADA,2026-07-19T17:50:38,2026-07-19T19:37:38,2026-07-25T23:19:00,batch_002
08ab3b1a-2099-4995-b2b3-c9b1ba0c5e7e,671,493.0,CARTAO,8566.48,BRL,Facilis quae dolorem praesentium neque.,Barros,Fonseca,PENDENTE,2026-07-25T09:10:40,2026-07-25T09:41:40,2026-07-25T23:19:00,batch_002
d6f93278-6c5e-41a3-a213-fac04bfebdf1,583,,BOLETO,12212.22,BRL,Praesentium cupiditate voluptate tenetur nisi.,,da Mota do Galho,APROVADA,2026-07-25T16:55:33,2026-07-25T18:31:33,2026-07-25T23:19:00,batch_002
ae58591f-851d-4546-948d-f67c3f906314,64,788.0,CARTAO,14210.15,BRL,Dolorem voluptates animi numquam.,Machado,Novaes,APROVADA,2026-07-22T00:23:40,2026-07-22T02:18:40,2026-07-25T23:19:00,batch_002
3dfbbf72-31f0-4de8-8cdf-f56b349bd964,613,,CARTAO,6127.85,BRL,Soluta voluptatem cupiditate mollitia veniam.,Casa Grande Leão e Filhos,Moura,APROVADA,2026-07-21T03:29:45,2026-07-21T04:44:45,2026-07-25T23:19:00,batch_002
98ea224b-1033-4fe8-aa10-cad8f3e204ad,899,,CARTAO,8066.77,BRL,Autem alias tenetur vel perspiciatis perspiciatis.,Jesus Novais - EI,das Neves,APROVADA,2026-07-24T11:53:43,2026-07-24T12:36:43,2026-07-25T23:19:00,batch_002
c4cb4684-4408-4e73-9f74-391b72047645,1203,,PIX,16693.22,BRL,Delectus rerum dolorem.,,Porto das Flores,PENDENTE,2026-07-20T20:58:49,2026-07-20T22:23:49,2026-07-25T23:19:00,batch_002
beb29bac-fd9b-4261-b882-cfcc0696671c,833,,PIX,14644.22,BRL,Odio quos quidem voluptate id mollitia.,,Campos de Caldeira,APROVADA,2026-07-25T19:13:16,2026-07-25T19:43:16,2026-07-25T23:19:00,batch_002
95bd81e3-1cef-41af-96ba-707964e9ecbc,228,,TED,6698.28,BRL,Earum beatae in at dignissimos accusamus.,,Rezende,APROVADA,2026-07-22T04:48:40,2026-07-22T07:30:40,2026-07-25T23:19:00,batch_002
414e8e81-c88e-4937-8d06-1a0bdc885e00,1072,,CARTAO,13846.14,BRL,Sapiente eius quo provident praesentium consequuntur.,Abreu,Correia,APROVADA,2026-07-22T09:57:30,2026-07-22T10:23:30,2026-07-25T23:19:00,batch_002
b69e8dcb-a680-410c-b0b2-57adad9c6b25,1065,,PIX,12399.84,BRL,Fugit ipsam quasi vitae quo quasi.,,da Cruz,APROVADA,2026-07-19T09:25:15,2026-07-19T11:38:15,2026-07-25T23:19:00,batch_002
d8037f7f-7f9b-4c76-a4b8-20bddfce5301,793,568.0,CARTAO,8933.38,BRL,Vel at quidem consequuntur aspernatur.,Santos,Vargas da Praia,APROVADA,2026-07-23T17:01:24,2026-07-23T18:00:24,2026-07-25T23:19:00,batch_002
128d4f9d-acce-492a-85f2-4a0e55c550d8,185,,SAQUE,4544.11,BRL,Neque eos repellendus.,,Vargas Paulista,APROVADA,2026-07-19T21:41:41,2026-07-19T22:55:41,2026-07-25T23:19:00,batch_002
5f700aff-a711-4f38-b130-dda42af1dcce,193,,BOLETO,2661.6,BRL,Excepturi ipsa vero quam.,,Viana dos Dourados,APROVADA,2026-07-24T09:03:46,2026-07-24T11:57:46,2026-07-25T23:19:00,batch_002
cbbabbc7-1371-465d-b526-74ac2c1596e1,326,,PIX,3476.76,BRL,Sunt rem asperiores cupiditate reprehenderit.,,Montenegro,APROVADA,2026-07-24T23:24:16,2026-07-25T02:07:16,2026-07-25T23:19:00,batch_002
602fa752-f10a-47e4-b9ee-7b6f768b40eb,718,330.0,CARTAO,10226.31,BRL,Eos debitis doloremque.,Leão,Machado de Ribeiro,APROVADA,2026-07-25T18:18:33,2026-07-25T21:11:33,2026-07-25T23:19:00,batch_002
d728be1a-b6b6-4a9c-91b1-b88fe6db3b9f,312,868.0,CARTAO,13083.86,BRL,Occaecati in repellat omnis at cupiditate.,Campos,Correia Verde,APROVADA,2026-07-25T14:58:23,2026-07-25T17:29:23,2026-07-25T23:19:00,batch_002
d4e0d869-9bd9-4278-9954-3466648b2f31,1103,,BOLETO,10301.66,BRL,Neque veritatis nihil veniam.,,Fonseca de Mendes,APROVADA,2026-07-25T01:01:25,2026-07-25T02:49:25,2026-07-25T23:19:00,batch_002
52e86f5c-86c4-451f-acbf-fd07fab0785b,544,508.0,CARTAO,8052.02,BRL,Facere non occaecati impedit delectus aperiam.,Vargas,Nogueira,NEGADA,2026-07-23T03:54:55,2026-07-23T06:39:55,2026-07-25T23:19:00,batch_002
355404fe-fe62-4982-b534-5241b7d626a9,164,,TED,6224.81,BRL,Provident ipsum ipsa adipisci.,,Almeida de Almeida,APROVADA,2026-07-24T14:20:36,2026-07-24T15:56:36,2026-07-25T23:19:00,batch_002
baf9c585-68ba-4b2c-bb85-a6b907450974,606,,PIX,16613.92,BRL,Voluptatem aspernatur consequatur sint minima iste.,,Garcia,APROVADA,2026-07-25T08:55:04,2026-07-25T09:23:04,2026-07-25T23:19:00,batch_002
124c24bb-1cb7-4a91-ab14-c2d7c6aa5f51,521,,TED,14018.23,BRL,Corrupti asperiores fugit voluptas.,,da Rocha das Flores,APROVADA,2026-07-21T17:40:42,2026-07-21T19:50:42,2026-07-25T23:19:00,batch_002
71732894-765d-4208-8bd1-56afa61118ac,711,,SAQUE,10864.09,BRL,Voluptate a similique porro.,,Macedo de Dias,APROVADA,2026-07-20T06:19:47,2026-07-20T08:38:47,2026-07-25T23:19:00,batch_002
83f5125b-e5e6-4550-9e28-6e6ec00ddf48,992,,PIX,987.31,BRL,Quo tenetur nam ad pariatur assumenda.,,Porto do Oeste,APROVADA,2026-07-19T06:56:13,2026-07-19T09:02:13,2026-07-25T23:19:00,batch_002
dc62e5cb-a046-41ac-9f44-d1298bf266f0,94,,BOLETO,16959.77,BRL,Sapiente vitae rerum amet possimus sapiente.,,Marques,APROVADA,2026-07-21T21:22:56,2026-07-21T21:48:56,2026-07-25T23:19:00,batch_002
9e94edd1-d085-4bbd-8d2d-550ba8f4d28c,1033,,PIX,3299.96,BRL,Asperiores aspernatur harum ipsam.,,Vargas das Pedras,APROVADA,2026-07-19T22:41:06,2026-07-19T23:34:06,2026-07-25T23:19:00,batch_002
5393ded8-c2db-4c6d-aa85-c8efdfbabac5,658,,PIX,7775.28,BRL,Recusandae adipisci reprehenderit eveniet.,,Mendonça,APROVADA,2026-07-25T07:52:25,2026-07-25T08:14:25,2026-07-25T23:19:00,batch_002
fc3724f7-de31-4fff-8255-3382274015d3,1057,,CARTAO,5317.83,BRL,Exercitationem sapiente explicabo tenetur.,Sá Andrade - ME,Azevedo de Vargas,APROVADA,2026-07-21T15:56:27,2026-07-21T16:38:27,2026-07-25T23:19:00,batch_002
8007761b-c88f-4548-aa2e-a910e61ed837,942,,TED,17811.16,BRL,Cum modi adipisci adipisci.,,Silva da Praia,APROVADA,2026-07-23T21:15:01,2026-07-24T00:03:01,2026-07-25T23:19:00,batch_002
f2796c1f-868c-4cae-90de-b33ce3a4babb,742,,CARTAO,16945.32,BRL,Pariatur architecto ad similique perspiciatis ipsum.,Brito Ltda.,Souza,APROVADA,2026-07-22T17:50:00,2026-07-22T18:24:00,2026-07-25T23:19:00,batch_002
e68203be-400f-4351-9b6e-aa740b1ebecb,7,,PIX,1703.62,BRL,Ad earum neque aperiam odit debitis.,,Marques de Araújo,APROVADA,2026-07-25T12:36:48,2026-07-25T13:18:48,2026-07-25T23:19:00,batch_002
2349219a-4d09-4123-be04-0e1c74ed3924,701,,BOLETO,5596.67,BRL,Saepe tempora suscipit quasi placeat doloribus.,,Rios,APROVADA,2026-07-20T05:26:15,2026-07-20T07:57:15,2026-07-25T23:19:00,batch_002
2be8a0df-3fe9-48d9-bd35-fa13d6433fff,262,,PIX,13067.24,BRL,Assumenda consequuntur ducimus reprehenderit.,,Cardoso,APROVADA,2026-07-22T20:57:35,2026-07-22T21:57:35,2026-07-25T23:19:00,batch_002
c96e88b9-3815-43d7-b105-27f0c46c9407,265,55.0,CARTAO,19960.28,BRL,Delectus ut aliquam nesciunt est quibusdam.,Fogaça Lopes S.A.,Casa Grande Paulista,APROVADA,2026-07-23T13:26:06,2026-07-23T13:59:06,2026-07-25T23:19:00,batch_002
8fc4edab-fa0a-4c5c-85cd-1f8bd2c2a747,748,,BOLETO,11942.22,BRL,Corrupti rerum beatae expedita.,,Câmara,APROVADA,2026-07-22T02:58:23,2026-07-22T04:29:23,2026-07-25T23:19:00,batch_002
20e5bf1d-c5e5-45e4-a828-0cead8ffde02,1160,,PIX,5064.28,BRL,Magni accusamus illum dolores ea autem.,,Machado,APROVADA,2026-07-22T16:32:08,2026-07-22T19:21:08,2026-07-25T23:19:00,batch_002
40302f4e-078f-4362-b066-c0ce448d1b5c,123,,TED,3316.51,BRL,Aspernatur nisi voluptate.,,Abreu das Flores,APROVADA,2026-07-23T08:00:33,2026-07-23T10:29:33,2026-07-25T23:19:00,batch_002
a6bff308-6413-447d-ac1f-3017a8803ca5,421,,BOLETO,9248.64,BRL,Provident sapiente nam odit.,,Pinto,APROVADA,2026-07-19T10:43:18,2026-07-19T12:04:18,2026-07-25T23:19:00,batch_002
4ed9e3cd-f9d9-4c71-be85-032cc5e5b537,863,,PIX,4798.47,BRL,Facere quod tempora dolor vitae excepturi.,,Azevedo,APROVADA,2026-07-25T23:04:02,2026-07-26T00:43:02,2026-07-25T23:19:00,batch_002
e5f776f3-57fb-4d55-ad93-3c7565a3f6e1,970,,PIX,9518.03,BRL,Laborum nesciunt rem officiis quidem.,,Dias da Praia,APROVADA,2026-07-22T01:03:55,2026-07-22T02:52:55,2026-07-25T23:19:00,batch_002
aea44df4-81fe-4dbe-b075-d7ad1cee9c74,918,,BOLETO,1016.0,BRL,Quo repellendus suscipit nesciunt.,,Camargo,APROVADA,2026-07-21T01:05:58,2026-07-21T01:50:58,2026-07-25T23:19:00,batch_002
6fdd29c3-3de9-4a3a-b144-caf09f4d6110,1169,,PIX,14269.01,BRL,Necessitatibus ad explicabo nulla.,,Vargas do Oeste,APROVADA,2026-07-23T05:04:52,2026-07-23T05:17:52,2026-07-25T23:19:00,batch_002
58216d38-80d4-4aad-8242-6b14589cf010,494,,SAQUE,14481.24,BRL,Ratione aliquam id numquam voluptatibus.,,Camargo,APROVADA,2026-07-25T05:49:46,2026-07-25T06:31:46,2026-07-25T23:19:00,batch_002
8d73006f-d9db-42e3-aa6d-2882d59f51c2,1017,,TED,15646.03,BRL,Vero rerum aliquid dolore.,,Castro de Sousa,APROVADA,2026-07-22T16:01:35,2026-07-22T16:17:35,2026-07-25T23:19:00,batch_002
96f97a22-c947-4735-a3b2-fc447acd19e2,693,,SAQUE,3208.57,BRL,Perspiciatis expedita cupiditate odit quae deserunt.,,Macedo da Prata,APROVADA,2026-07-22T17:54:14,2026-07-22T20:38:14,2026-07-25T23:19:00,batch_002
e262e122-d995-46ba-8fe8-6735262ae4f9,340,,SAQUE,5572.97,BRL,Illum asperiores molestiae.,,Monteiro,APROVADA,2026-07-23T06:54:36,2026-07-23T08:16:36,2026-07-25T23:19:00,batch_002
f268b9df-825c-445c-8b30-9ed1084b0c74,717,,CARTAO,3832.14,BRL,Nemo omnis numquam.,Fogaça Viana - ME,Machado,APROVADA,2026-07-23T17:38:08,2026-07-23T17:52:08,2026-07-25T23:19:00,batch_002
aebf8b26-eb73-42b7-ad54-6aab6c520ea3,429,,PIX,5044.71,BRL,Maxime impedit corrupti fugit eaque.,,da Conceição,APROVADA,2026-07-24T21:48:59,2026-07-25T00:17:59,2026-07-25T23:19:00,batch_002
93b0a222-6d08-4aaa-a37d-1704ae776f8f,708,,PIX,4406.44,BRL,Facilis impedit doloribus amet sunt.,,Pimenta de da Luz,APROVADA,2026-07-19T17:36:02,2026-07-19T19:32:02,2026-07-25T23:19:00,batch_002
e89d6ff4-6f55-4773-bcb7-c43b261a93c8,1191,,SAQUE,16503.05,BRL,Architecto exercitationem nemo consequuntur labore.,,Alves de Fogaça,APROVADA,2026-07-25T02:17:16,2026-07-25T05:12:16,2026-07-25T23:19:00,batch_002
38d23f56-d9f1-49f8-b076-84dbf5809648,622,,PIX,4808.85,BRL,Nam nostrum quae deleniti et.,,Rodrigues,APROVADA,2026-07-19T19:07:38,2026-07-19T19:32:38,2026-07-25T23:19:00,batch_002
7a9a9eab-d599-483f-839f-8d840871a600,103,,CARTAO,19068.22,BRL,Esse reiciendis doloribus illo.,Borges,Campos do Campo,APROVADA,2026-07-21T16:05:46,2026-07-21T18:33:46,2026-07-25T23:19:00,batch_002
1132efb3-832a-4c89-aac4-18bd4a6d599c,613,,TED,2760.63,BRL,Nihil vitae nulla sed voluptas minus.,,Freitas do Sul,APROVADA,2026-07-19T17:46:06,2026-07-19T19:55:06,2026-07-25T23:19:00,batch_002
2d8f10c5-14e6-4f1d-8179-695c9a4d1fcb,903,,PIX,19056.84,BRL,Alias ducimus quaerat.,,Pinto,APROVADA,2026-07-19T07:29:57,2026-07-19T09:48:57,2026-07-25T23:19:00,batch_002
4120cba4-89ca-420d-8ca1-6a53690ffcc4,1197,,BOLETO,2044.21,BRL,Velit eos magnam quidem vero iste.,,Melo,APROVADA,2026-07-19T06:22:42,2026-07-19T07:50:42,2026-07-25T23:19:00,batch_002
e4a7e86b-2a28-469b-9d1e-1278f9226c78,651,,SAQUE,3404.93,BRL,Optio laborum nisi error illum.,,Oliveira Alegre,APROVADA,2026-07-21T08:22:27,2026-07-21T09:10:27,2026-07-25T23:19:00,batch_002
44ce2287-563a-48db-a84a-ab61cbf26e08,562,,SAQUE,4252.61,BRL,Eligendi dolorum inventore sit facilis.,,Alves,APROVADA,2026-07-20T19:03:20,2026-07-20T21:40:20,2026-07-25T23:19:00,batch_002
b6bb8afb-0154-41ea-a623-07cd1027b557,55,,TED,16268.49,BRL,Dolorum eaque ea dolorum.,,Azevedo,APROVADA,2026-07-19T11:58:27,2026-07-19T13:19:27,2026-07-25T23:19:00,batch_002
0730b726-535b-4eba-a03a-36f3e2acc34e,629,,TED,2951.0,BRL,Eligendi dolores aliquid.,,Sousa do Amparo,APROVADA,2026-07-19T21:35:08,2026-07-20T00:24:08,2026-07-25T23:19:00,batch_002
7701ab66-d101-4e35-97e2-af5c25136006,1056,,CARTAO,8942.3,BRL,Qui vitae quasi.,Macedo - ME,Leão da Prata,APROVADA,2026-07-21T23:54:10,2026-07-22T01:16:10,2026-07-25T23:19:00,batch_002
92b8b43d-aa9e-4b79-a8c1-9d5d829c470d,581,,BOLETO,5721.07,BRL,Voluptate ipsa accusantium alias.,,Farias,APROVADA,2026-07-21T01:21:58,2026-07-21T04:01:58,2026-07-25T23:19:00,batch_002
51fb2101-99c7-45f7-a246-a81e03777ec8,625,,SAQUE,16497.18,BRL,Quos iusto nostrum temporibus incidunt eos.,,Santos,APROVADA,2026-07-25T23:11:09,2026-07-25T23:58:09,2026-07-25T23:19:00,batch_002
50ec1f3d-28ee-493a-9c67-587388f4a43c,907,,CARTAO,18888.18,BRL,Consequatur sit nemo nulla sint dolore.,Dias Ltda.,da Cunha,APROVADA,2026-07-24T08:30:44,2026-07-24T08:44:44,2026-07-25T23:19:00,batch_002
b1d593fd-4d7c-439a-ab29-5cc42512dc52,458,,PIX,12397.14,BRL,Quae veritatis natus tenetur maxime.,,Casa Grande do Norte,APROVADA,2026-07-25T05:09:26,2026-07-25T07:11:26,2026-07-25T23:19:00,batch_002
06323dbd-9b12-4334-a8c0-6945bda718e9,318,,TED,14268.77,BRL,Officiis eaque molestias reprehenderit esse vel.,,da Luz de Rios,APROVADA,2026-07-23T15:51:39,2026-07-23T17:54:39,2026-07-25T23:19:00,batch_002
57dd1ae2-bb06-4b3c-8ee5-7db22973e9a3,150,,BOLETO,8249.26,BRL,Debitis corporis aliquid.,,Cardoso do Sul,APROVADA,2026-07-20T16:44:57,2026-07-20T18:30:57,2026-07-25T23:19:00,batch_002
7495c3ab-26f7-4e53-a3f2-0c8297278a61,393,,SAQUE,6956.93,BRL,Veritatis molestias perferendis fuga error distinctio.,,Carvalho do Sul,APROVADA,2026-07-20T15:19:37,2026-07-20T15:21:37,2026-07-25T23:19:00,batch_002
a6ab164d-2b84-49d6-bcd4-08cf7e7af1b6,114,,PIX,15739.55,BRL,Quae facilis tempora a quibusdam optio.,,da Mata de Minas,APROVADA,2026-07-23T23:29:06,2026-07-24T00:14:06,2026-07-25T23:19:00,batch_002
dbe4766c-fcfb-49e3-9ee5-f7d867aecf43,488,,TED,7819.96,BRL,Labore saepe dolore corrupti error.,,Sousa,APROVADA,2026-07-24T12:58:44,2026-07-24T15:38:44,2026-07-25T23:19:00,batch_002
cfdbd4b3-43bf-4254-aece-e8eab04dbd9b,826,756.0,CARTAO,18856.23,BRL,Aut vitae accusamus dolorem placeat nobis.,Sales Fernandes S.A.,Sousa do Campo,APROVADA,2026-07-20T20:27:34,2026-07-20T22:01:34,2026-07-25T23:19:00,batch_002
00115fd8-0235-4736-84e5-b9d27105e8b0,729,,SAQUE,19555.32,BRL,Eius veniam consectetur distinctio fugit eaque.,,Moura do Campo,APROVADA,2026-07-21T22:16:23,2026-07-22T00:21:23,2026-07-25T23:19:00,batch_002
8c4181d2-18d2-46fb-998b-6b096b495ad6,1156,,TED,9243.64,BRL,Deserunt error a accusamus iusto in.,,Martins de Cavalcanti,APROVADA,2026-07-22T23:28:15,2026-07-23T02:24:15,2026-07-25T23:19:00,batch_002
c3d2b7f7-1e24-4107-bbd6-7ae9c5c0ce3e,31,307.0,CARTAO,7478.54,BRL,Vel reprehenderit sunt delectus.,Vargas,Rios,APROVADA,2026-07-23T00:14:01,2026-07-23T01:49:01,2026-07-25T23:19:00,batch_002
0ca750e7-a5d2-44a4-bf3a-93f9c3cfe66e,625,233.0,CARTAO,17196.72,BRL,Fuga cupiditate voluptas repellat.,Vieira da Luz e Filhos,Montenegro do Norte,APROVADA,2026-07-22T06:27:26,2026-07-22T07:38:26,2026-07-25T23:19:00,batch_002
1c8808e9-deba-408f-9ead-8992ac64638c,958,,CARTAO,17488.21,BRL,Veniam id quod reiciendis rerum placeat.,Vieira,Souza,APROVADA,2026-07-24T12:40:10,2026-07-24T15:37:10,2026-07-25T23:19:00,batch_002
d24043e6-caed-4e04-9e31-a0df7aac60db,279,,SAQUE,16145.4,BRL,Commodi ratione molestias provident voluptatum.,,Cavalcanti,APROVADA,2026-07-21T13:56:54,2026-07-21T14:27:54,2026-07-25T23:19:00,batch_002
27c8be28-fe20-4a19-84f3-0931db4119b1,1169,,PIX,2885.25,BRL,Officia rem odit.,,Albuquerque de Pereira,APROVADA,2026-07-19T17:58:42,2026-07-19T20:44:42,2026-07-25T23:19:00,batch_002
a27f6fcf-d482-42fb-88b4-88ee1e5016ea,1071,,SAQUE,13540.75,BRL,Deserunt voluptate molestias tempore ducimus.,,Caldeira das Flores,APROVADA,2026-07-22T10:38:37,2026-07-22T11:54:37,2026-07-25T23:19:00,batch_002
19a16b15-06ed-439b-b4fa-f3d164453e96,822,,PIX,19220.97,BRL,Quia officiis blanditiis magni.,,Porto,APROVADA,2026-07-24T08:09:18,2026-07-24T08:23:18,2026-07-25T23:19:00,batch_002
df881796-1431-4b6c-9305-fdf478db150b,1134,,SAQUE,5193.48,BRL,Unde hic inventore totam.,,Jesus das Flores,APROVADA,2026-07-23T19:04:33,2026-07-23T20:20:33,2026-07-25T23:19:00,batch_002
06bdf40b-55a8-452d-8390-76cd16e92592,480,,PIX,8088.77,BRL,Doloremque nesciunt asperiores molestias molestiae recusandae.,,Leão,APROVADA,2026-07-24T01:32:35,2026-07-24T02:24:35,2026-07-25T23:19:00,batch_002
3247c4e1-df90-4498-a351-33f0889dfa51,562,,TED,16833.65,BRL,Quae explicabo asperiores temporibus magni expedita.,,Ramos,APROVADA,2026-07-22T02:27:29,2026-07-22T02:51:29,2026-07-25T23:19:00,batch_002
2a2de2e0-bdc1-4e63-8d67-5d1c72592941,561,,SAQUE,11542.31,BRL,Odio eius cum accusantium.,,Rios do Norte,APROVADA,2026-07-21T08:47:18,2026-07-21T11:15:18,2026-07-25T23:19:00,batch_002
6c9a5289-1b3e-4040-82ca-3467ba64b739,946,,BOLETO,7188.78,BRL,Repellat soluta dolore aliquid.,,Nunes,APROVADA,2026-07-24T02:31:23,2026-07-24T02:36:23,2026-07-25T23:19:00,batch_002
a07ba83d-9aa2-46b1-a449-160b0cd8efd1,776,,TED,10264.1,BRL,Molestiae maiores totam nisi reiciendis.,,Cardoso,APROVADA,2026-07-25T21:39:39,2026-07-26T00:36:39,2026-07-25T23:19:00,batch_002
0fa6f8e9-04cc-4b3d-843d-42873e258357,375,,SAQUE,18977.1,BRL,Ducimus illo alias delectus deleniti.,,Campos,APROVADA,2026-07-24T11:26:35,2026-07-24T12:01:35,2026-07-25T23:19:00,batch_002
2fd70bb7-cee6-4fa0-a18c-7249fb260bfa,1005,760.0,CARTAO,16155.58,BRL,Ex officia delectus.,Barbosa e Filhos,Leão,NEGADA,2026-07-25T13:36:31,2026-07-25T15:08:31,2026-07-25T23:19:00,batch_002
154dc5a5-1625-4a08-81d6-ca80ba6e6ea8,837,,BOLETO,16450.68,BRL,Voluptatum perspiciatis vitae facilis tempore ab.,,da Cruz,APROVADA,2026-07-19T03:27:55,2026-07-19T04:23:55,2026-07-25T23:19:00,batch_002
28b1e8f0-6310-419e-888c-2e11f951d527,993,,TED,2846.99,BRL,Dolorem fuga voluptatibus.,,Casa Grande de Costa,APROVADA,2026-07-21T00:16:59,2026-07-21T01:43:59,2026-07-25T23:19:00,batch_002
5bc6e334-4f24-42e3-9b82-a2676ffcd406,1044,,BOLETO,673.43,BRL,Quibusdam officiis recusandae deleniti molestias.,,Mendonça do Sul,APROVADA,2026-07-20T20:39:11,2026-07-20T22:10:11,2026-07-25T23:19:00,batch_002
01e95559-cc27-4933-8913-c639f2de325b,89,,SAQUE,15306.76,BRL,Repudiandae nihil ratione ex tempora.,,Ferreira do Campo,PENDENTE,2026-07-20T14:39:16,2026-07-20T15:35:16,2026-07-25T23:19:00,batch_002
9f61fbed-2d1c-4c22-85bc-a0fff9a1ec51,1136,,BOLETO,5325.48,BRL,Voluptatum placeat praesentium.,,Pimenta,APROVADA,2026-07-25T09:35:26,2026-07-25T10:21:26,2026-07-25T23:19:00,batch_002
19945408-fa6d-4ea2-ab38-0414e075b91f,959,,BOLETO,1405.99,BRL,Aperiam consectetur molestiae.,,Andrade da Prata,APROVADA,2026-07-23T08:07:21,2026-07-23T08:35:21,2026-07-25T23:19:00,batch_002
0d0b7fa3-e000-46c1-824e-95c3f6a5d8fa,1152,,TED,2611.97,BRL,At deleniti voluptatem minus necessitatibus magni.,,Pastor,APROVADA,2026-07-19T08:51:32,2026-07-19T10:11:32,2026-07-25T23:19:00,batch_002
03b04702-141a-4af6-a715-405dd468dd5f,1049,721.0,CARTAO,11017.66,BRL,Laboriosam reiciendis recusandae.,Pastor - EI,Cavalcanti,APROVADA,2026-07-23T09:04:30,2026-07-23T09:26:30,2026-07-25T23:19:00,batch_002
287b67d6-7585-4670-8df8-adbcd6b361ac,548,851.0,CARTAO,11990.98,BRL,Cum officia praesentium amet.,Cassiano,Cavalcante de Minas,APROVADA,2026-07-22T08:34:52,2026-07-22T08:40:52,2026-07-25T23:19:00,batch_002
dde71d19-4300-4d38-b9e6-47f1209f75c3,266,,SAQUE,12389.42,BRL,Quaerat quam sunt repellat.,,Rodrigues,APROVADA,2026-07-24T03:07:25,2026-07-24T04:41:25,2026-07-25T23:19:00,batch_002
fb56530a-ee50-4740-88cd-dc645d21f741,464,,SAQUE,687.27,BRL,At nihil ab ducimus odit.,,Borges,NEGADA,2026-07-25T19:50:30,2026-07-25T21:15:30,2026-07-25T23:19:00,batch_002
98e3c435-35f4-4d5d-9a6b-aa52356de340,692,,CARTAO,3294.51,BRL,Amet asperiores ab adipisci perferendis.,Rodrigues,Moura,APROVADA,2026-07-19T20:45:33,2026-07-19T21:24:33,2026-07-25T23:19:00,batch_002
0f0681fb-68b7-4203-a368-043425e8430b,964,,BOLETO,6962.83,BRL,Dolorem velit pariatur voluptas fugiat quis.,,Guerra de Machado,APROVADA,2026-07-19T23:06:34,2026-07-20T00:53:34,2026-07-25T23:19:00,batch_002
bce22994-42b3-449b-955e-b478ecdaaf7e,722,,SAQUE,19977.61,BRL,Voluptatem iusto nam harum.,,Monteiro,NEGADA,2026-07-19T06:40:37,2026-07-19T08:18:37,2026-07-25T23:19:00,batch_002
6f4784c0-4dbb-4824-8c89-a30ea2113d9e,911,,CARTAO,3609.72,BRL,Repellendus eaque unde repellendus.,Ribeiro Carvalho Ltda.,Guerra,APROVADA,2026-07-24T22:33:08,2026-07-24T22:57:08,2026-07-25T23:19:00,batch_002
66e716c6-21d3-4da8-b664-423a0d4f7198,1220,,SAQUE,11673.24,BRL,Iste dicta culpa.,,Martins,APROVADA,2026-07-24T20:20:09,2026-07-24T22:57:09,2026-07-25T23:19:00,batch_002
6479d10f-5f8e-43ac-8dbf-974fdf9533cb,755,,BOLETO,3969.91,BRL,Fugit nihil maiores sunt.,,Cunha Paulista,APROVADA,2026-07-21T14:21:31,2026-07-21T15:35:31,2026-07-25T23:19:00,batch_002
906db290-20c7-4679-ab36-d79248b54cde,857,,SAQUE,6679.47,BRL,Quo libero at.,,Melo do Sul,NEGADA,2026-07-21T07:13:31,2026-07-21T08:25:31,2026-07-25T23:19:00,batch_002
89dc8b84-bed0-4cb6-8beb-3fddf6b3b9ad,829,,PIX,19198.53,BRL,Neque occaecati ad dignissimos nesciunt et.,,Gomes,APROVADA,2026-07-24T19:25:37,2026-07-24T22:09:37,2026-07-25T23:19:00,batch_002
6aeedd54-cc53-455a-9961-d466343ec983,861,,PIX,1705.63,BRL,Error tempore deleniti.,,Fernandes de das Neves,APROVADA,2026-07-19T16:42:16,2026-07-19T19:01:16,2026-07-25T23:19:00,batch_002
e572d3f9-f1bb-42cd-bac9-d2d45e7a9434,629,,PIX,12636.5,BRL,Incidunt consequuntur nobis sapiente molestiae.,,Souza,APROVADA,2026-07-25T03:17:48,2026-07-25T03:29:48,2026-07-25T23:19:00,batch_002
1d8b17e6-dec6-431e-b96a-7be1cf9d65da,483,,PIX,3654.04,BRL,Odit dolorum porro minima asperiores.,,da Cunha da Prata,APROVADA,2026-07-21T17:25:20,2026-07-21T17:43:20,2026-07-25T23:19:00,batch_002
10f7ff4b-0b8c-48f8-a29d-23ee6f7f93ad,289,47.0,CARTAO,16900.03,BRL,Aperiam ad suscipit.,Rezende,Azevedo,APROVADA,2026-07-20T03:23:40,2026-07-20T05:29:40,2026-07-25T23:19:00,batch_002
4ea38cb1-08ae-4d13-899a-b90bb3cff36a,1088,,PIX,4591.21,BRL,Illum quae eius sequi repellendus libero.,,Novais,APROVADA,2026-07-23T08:16:57,2026-07-23T11:02:57,2026-07-25T23:19:00,batch_002
c05e46e7-f71d-4d88-a855-a14c9468cc3a,415,885.0,CARTAO,6749.48,BRL,Accusantium deserunt nesciunt.,Câmara,Abreu Alegre,APROVADA,2026-07-24T04:32:27,2026-07-24T06:00:27,2026-07-25T23:19:00,batch_002
154ca588-2e5c-4f09-9f47-35da10531073,903,,PIX,12500.86,BRL,Incidunt sapiente et.,,Correia,APROVADA,2026-07-19T13:06:24,2026-07-19T13:46:24,2026-07-25T23:19:00,batch_002
3546d47d-5cfd-43e8-b63d-1516e1b937fc,838,,BOLETO,7475.35,BRL,Animi at adipisci.,,Sá do Galho,PENDENTE,2026-07-21T19:07:29,2026-07-21T19:28:29,2026-07-25T23:19:00,batch_002
48a74251-1567-4ec1-b462-bc9a0c0872a8,513,,TED,16310.35,BRL,Consequuntur libero hic nulla cupiditate sed.,,Aparecida de Goiás,APROVADA,2026-07-23T15:18:17,2026-07-23T16:53:17,2026-07-25T23:19:00,batch_002
6da46fd6-983d-487c-ab3c-2530500e53a2,96,,SAQUE,15296.53,BRL,Atque fugiat perferendis fuga.,,Martins,APROVADA,2026-07-20T23:41:51,2026-07-21T02:09:51,2026-07-25T23:19:00,batch_002
378f2e29-1fda-4451-8f69-ee213cd55fd4,983,,BOLETO,336.43,BRL,Quisquam totam ut.,,Cavalcanti,APROVADA,2026-07-25T20:45:04,2026-07-25T21:03:04,2026-07-25T23:19:00,batch_002
ed9a6a12-d7ff-48bb-ae78-009abffd618e,361,,SAQUE,11017.56,BRL,Vel minus nisi ducimus sunt.,,Lima,APROVADA,2026-07-20T10:21:53,2026-07-20T10:44:53,2026-07-25T23:19:00,batch_002
fbdd0eec-fa69-4e42-bdc2-72a9d1b7a272,411,,SAQUE,16774.11,BRL,Porro impedit reprehenderit.,,Costela do Galho,APROVADA,2026-07-23T18:39:23,2026-07-23T20:01:23,2026-07-25T23:19:00,batch_002
6349588d-303e-4b81-a411-13c173c94c85,259,,TED,4009.72,BRL,Magnam itaque quo.,,Pinto,APROVADA,2026-07-20T15:00:45,2026-07-20T15:42:45,2026-07-25T23:19:00,batch_002
e4021374-4983-4e42-9b99-15229bde8577,930,,SAQUE,12060.36,BRL,Quibusdam quam architecto quo voluptas.,,das Neves,APROVADA,2026-07-24T13:23:28,2026-07-24T15:12:28,2026-07-25T23:19:00,batch_002
5e6244e0-55ce-4dcf-9f09-10d3998e31e8,445,,CARTAO,16205.55,BRL,Tempora repudiandae odit consectetur.,Santos,Albuquerque de Minas,PENDENTE,2026-07-22T12:51:10,2026-07-22T13:16:10,2026-07-25T23:19:00,batch_002
af025836-275e-40ff-a02d-43c41dcb35e3,1168,,SAQUE,3270.07,BRL,Cum porro modi voluptatibus.,,Peixoto,APROVADA,2026-07-20T04:14:54,2026-07-20T04:48:54,2026-07-25T23:19:00,batch_002
9e0a4987-cd14-4593-a031-7f495c46d3a6,531,,SAQUE,12035.22,BRL,Facilis cupiditate ipsum fugiat.,,Aragão Grande,NEGADA,2026-07-23T09:07:06,2026-07-23T11:10:06,2026-07-25T23:19:00,batch_002
f0750857-7d88-460b-b690-3f6d80b5a2fb,538,,TED,18782.83,BRL,Quidem praesentium quo amet.,,Nascimento,APROVADA,2026-07-19T00:48:30,2026-07-19T02:00:30,2026-07-25T23:19:00,batch_002
61521299-b5cf-431a-bf65-3683c056433c,896,,PIX,4706.59,BRL,Corrupti qui nihil.,,Pires,APROVADA,2026-07-23T02:48:28,2026-07-23T04:04:28,2026-07-25T23:19:00,batch_002
070b4863-14da-4cf9-9bb5-909fd00c0dad,415,,TED,1403.57,BRL,Odio iure sed.,,Alves dos Dourados,APROVADA,2026-07-24T18:50:28,2026-07-24T19:40:28,2026-07-25T23:19:00,batch_002
2895c2dc-3963-459b-beda-30d9eb68f448,1008,,PIX,6691.97,BRL,Dicta doloremque cupiditate earum.,,Mendonça do Norte,APROVADA,2026-07-19T18:28:37,2026-07-19T19:01:37,2026-07-25T23:19:00,batch_002
c3431760-1526-446c-8655-194f0b5ca683,242,,SAQUE,8851.54,BRL,Qui dignissimos nobis deleniti esse praesentium.,,Farias,APROVADA,2026-07-21T06:37:00,2026-07-21T08:18:00,2026-07-25T23:19:00,batch_002
1910cdb5-b346-4fa7-a4a2-63ec882cf376,136,,SAQUE,10791.43,BRL,Voluptates inventore sit ut nobis quam.,,Rezende da Prata,APROVADA,2026-07-24T03:25:45,2026-07-24T04:49:45,2026-07-25T23:19:00,batch_002
fdeac490-a1ee-4ba8-9490-d0610cc7b2f4,1205,,SAQUE,15385.81,BRL,Mollitia molestias accusamus illum aspernatur.,,da Luz de Novaes,APROVADA,2026-07-24T16:22:32,2026-07-24T18:49:32,2026-07-25T23:19:00,batch_002
939f7d5e-610b-448e-817e-3bcec38d0370,421,816.0,CARTAO,293.85,BRL,Aliquid quam iure.,Pereira,Moraes das Flores,APROVADA,2026-07-20T06:00:28,2026-07-20T08:07:28,2026-07-25T23:19:00,batch_002
ecf6b6a7-32bf-4a84-9672-0987d28537ed,120,,BOLETO,13073.18,BRL,Consequuntur dignissimos asperiores.,,Dias do Campo,APROVADA,2026-07-22T21:16:07,2026-07-22T23:41:07,2026-07-25T23:19:00,batch_002
8c6e817b-9920-45cf-a0e5-77ce5fad7c12,1186,,CARTAO,15471.32,BRL,Tenetur esse deleniti eligendi explicabo.,Sousa,Porto do Norte,APROVADA,2026-07-22T14:27:03,2026-07-22T15:10:03,2026-07-25T23:19:00,batch_002
76ebba67-58ad-4b7b-a4a5-f3e70c670b3e,56,382.0,CARTAO,1987.25,BRL,Tempore nostrum unde quibusdam excepturi.,Teixeira,Martins,APROVADA,2026-07-25T07:34:23,2026-07-25T08:40:23,2026-07-25T23:19:00,batch_002
7280c9b4-a482-4f0c-bd8e-13b6d8c3f2a0,674,,TED,16482.06,BRL,Sapiente est magni cum ab.,,das Neves de Montenegro,APROVADA,2026-07-24T08:34:12,2026-07-24T09:37:12,2026-07-25T23:19:00,batch_002
b14ce881-e3e4-4f8a-ba66-4e544ecee443,987,,PIX,1060.9,BRL,Fugiat placeat aliquam asperiores sint quo.,,Marques de Ferreira,APROVADA,2026-07-22T06:44:38,2026-07-22T08:22:38,2026-07-25T23:19:00,batch_002
406338bb-f00f-46fb-8d85-90d39fac16cb,218,,TED,1466.93,BRL,Enim nisi quis voluptas.,,Freitas de Marques,APROVADA,2026-07-24T10:42:32,2026-07-24T13:09:32,2026-07-25T23:19:00,batch_002
12c1ffb9-1818-464c-913c-07e4cf029e74,561,895.0,CARTAO,6808.9,BRL,Quos assumenda temporibus voluptas perferendis.,Freitas,Aparecida,APROVADA,2026-07-19T08:27:14,2026-07-19T10:35:14,2026-07-25T23:19:00,batch_002
db70cd9f-e54c-4ea3-a248-391f9f3f7995,22,764.0,CARTAO,7724.06,BRL,Laboriosam beatae vero ut mollitia.,Carvalho Jesus Ltda.,Fernandes,APROVADA,2026-07-22T02:43:41,2026-07-22T02:56:41,2026-07-25T23:19:00,batch_002
56128178-2be8-47e0-874a-e0c595bd05b7,1118,,PIX,11306.45,BRL,Id reprehenderit quis magnam.,,Macedo,APROVADA,2026-07-19T19:59:20,2026-07-19T22:00:20,2026-07-25T23:19:00,batch_002
42391d88-1fbc-4f1a-8ebe-e85c40cc6c5d,755,,CARTAO,6875.59,BRL,Autem illum ad.,Sales,Ribeiro Grande,APROVADA,2026-07-20T04:40:23,2026-07-20T07:20:23,2026-07-25T23:19:00,batch_002
48267347-5f34-4808-96f7-246b2bb0fedf,378,,CARTAO,18978.05,BRL,Consequuntur dolorem expedita quos.,Aragão - EI,Gonçalves,APROVADA,2026-07-24T11:31:01,2026-07-24T12:50:01,2026-07-25T23:19:00,batch_002
7d71fe09-6c4f-44f0-9b70-2e3169e7ed53,595,,BOLETO,8532.22,BRL,At dolorem magnam dolor earum quod.,,Lima,APROVADA,2026-07-21T15:12:58,2026-07-21T16:28:58,2026-07-25T23:19:00,batch_002
750aa156-1133-4da3-b23e-2409eb11dd5a,509,,PIX,11015.97,BRL,Quia harum eaque.,,Nunes,APROVADA,2026-07-21T19:56:51,2026-07-21T20:32:51,2026-07-25T23:19:00,batch_002
7a6ef809-2149-4159-9158-682ca35c4782,1070,,BOLETO,13920.22,BRL,Molestias suscipit eveniet.,,Cardoso,NEGADA,2026-07-22T06:49:11,2026-07-22T09:37:11,2026-07-25T23:19:00,batch_002
74c337df-d0d0-4bba-9646-e5e145bdae0e,229,,BOLETO,4841.43,BRL,Illo saepe repellendus nulla magni eius.,,Sousa Verde,APROVADA,2026-07-20T09:46:27,2026-07-20T12:16:27,2026-07-25T23:19:00,batch_002
826f4d44-c5ff-4302-89d8-4330441f0139,1199,,SAQUE,4732.12,BRL,Ratione maiores fugit nostrum aut.,,Castro de Fogaça,APROVADA,2026-07-25T03:42:45,2026-07-25T04:50:45,2026-07-25T23:19:00,batch_002
0c2885f8-6247-4fb3-a6a2-34a2fe6391ee,620,,SAQUE,7906.71,BRL,Omnis ipsa tenetur.,,Martins das Flores,APROVADA,2026-07-22T22:16:03,2026-07-22T23:53:03,2026-07-25T23:19:00,batch_002
eb2d9e89-36e2-4876-9d1b-9db2fe9c8c36,120,,TED,14498.39,BRL,Hic ad modi.,,Abreu de Pimenta,APROVADA,2026-07-21T19:58:12,2026-07-21T22:20:12,2026-07-25T23:19:00,batch_002
05d62c7a-03fb-479f-9998-de309280d46e,199,272.0,CARTAO,17470.69,BRL,Enim quaerat ipsam eos eum ut.,da Cunha Vieira S.A.,da Costa do Amparo,APROVADA,2026-07-24T07:29:01,2026-07-24T07:37:01,2026-07-25T23:19:00,batch_002
cd2a4a2d-a478-49da-9951-0648c692c014,1065,517.0,CARTAO,3630.6,BRL,Cum nam facilis.,Dias,da Rocha da Prata,NEGADA,2026-07-19T19:55:43,2026-07-19T20:06:43,2026-07-25T23:19:00,batch_002
dc9b69e6-d201-4fae-9c39-29ef615247c3,830,,PIX,18638.19,BRL,At quis velit ea eos ab.,,da Cunha,APROVADA,2026-07-20T22:55:41,2026-07-21T01:52:41,2026-07-25T23:19:00,batch_002
4eab510c-7897-43a5-84c2-f3b92d8ca432,136,863.0,CARTAO,18512.9,BRL,Laudantium optio nihil libero.,Cavalcante,Casa Grande da Prata,APROVADA,2026-07-24T01:54:04,2026-07-24T02:10:04,2026-07-25T23:19:00,batch_002
61e6ddee-0f7e-4226-9461-d41094aae6c6,319,,SAQUE,14156.19,BRL,Ea architecto sequi illum blanditiis.,,Pimenta,APROVADA,2026-07-20T22:06:15,2026-07-21T00:17:15,2026-07-25T23:19:00,batch_002
b79ed735-d4f9-4c52-89f6-d4d07502b38c,926,,PIX,6832.06,BRL,Ipsa explicabo error eum.,,Marques,APROVADA,2026-07-22T04:06:04,2026-07-22T05:09:04,2026-07-25T23:19:00,batch_002
fe5f8b35-1d47-431d-bb2b-c61c98ff34ef,1055,,SAQUE,18857.19,BRL,Corrupti ipsa repellendus repellendus illo.,,da Paz Alegre,APROVADA,2026-07-21T03:14:20,2026-07-21T05:04:20,2026-07-25T23:19:00,batch_002
cd50e24a-9088-449e-a7ad-59f80950d6bd,290,,CARTAO,9454.5,BRL,Amet sunt ex nulla pariatur.,Farias,Lima de Vieira,APROVADA,2026-07-22T04:12:32,2026-07-22T07:01:32,2026-07-25T23:19:00,batch_002
6289ef21-dfa1-4742-adc4-1c20752bd5f9,1068,,BOLETO,5119.26,BRL,Itaque laborum magni distinctio.,,Souza,APROVADA,2026-07-20T13:03:13,2026-07-20T15:06:13,2026-07-25T23:19:00,batch_002
f39606d8-8cb3-4b8e-8f14-0716d8c747f8,1172,,SAQUE,1843.61,BRL,Ex dolore quas molestiae aliquid nisi.,,Fernandes,PENDENTE,2026-07-21T22:19:59,2026-07-21T23:08:59,2026-07-25T23:19:00,batch_002
8d0116a1-6221-4a85-975e-dd131b405354,733,,SAQUE,6928.08,BRL,Quis placeat quaerat voluptatum totam.,,Machado da Serra,APROVADA,2026-07-20T22:09:58,2026-07-20T22:37:58,2026-07-25T23:19:00,batch_002
0a20ca7b-059d-4886-8d03-bbc6b166c5a2,535,,PIX,8473.14,BRL,Tempore harum occaecati minus corporis.,,Pimenta Alegre,APROVADA,2026-07-23T14:51:29,2026-07-23T15:00:29,2026-07-25T23:19:00,batch_002
0d7d7144-4b58-471d-9885-b042af558677,103,,CARTAO,19726.24,BRL,Necessitatibus deleniti assumenda minus.,Pinto,Mendes,APROVADA,2026-07-20T15:15:35,2026-07-20T15:26:35,2026-07-25T23:19:00,batch_002
0d4591fa-9d72-446e-8813-d32cdee0999e,961,,TED,12370.35,BRL,Quasi labore distinctio autem delectus ipsum.,,Sousa de Gonçalves,APROVADA,2026-07-25T01:30:13,2026-07-25T04:22:13,2026-07-25T23:19:00,batch_002
8aead096-f07b-4871-ab80-373fb443f9db,555,,CARTAO,5998.28,BRL,Eligendi officia architecto error possimus molestiae voluptatibus.,Rios - EI,Andrade,APROVADA,2026-07-24T03:46:33,2026-07-24T06:44:33,2026-07-25T23:19:00,batch_002
ac14ffd9-16a8-497f-8522-3f3fc784303c,277,,SAQUE,1965.53,BRL,Temporibus tempore alias omnis ad error.,,Ramos do Campo,APROVADA,2026-07-19T18:45:00,2026-07-19T20:53:00,2026-07-25T23:19:00,batch_002
12dcc52e-b1c2-4e46-8d36-b5ec1f3eecd6,937,,SAQUE,4996.52,BRL,Deleniti corporis ut delectus perferendis tempora.,,Ferreira do Sul,APROVADA,2026-07-21T18:37:06,2026-07-21T20:52:06,2026-07-25T23:19:00,batch_002
31c3e970-ba95-4ca3-8391-a3801a39d203,627,,PIX,3699.41,BRL,Amet temporibus ratione impedit.,,Rodrigues,APROVADA,2026-07-22T08:54:53,2026-07-22T09:07:53,2026-07-25T23:19:00,batch_002
832f6fdf-145e-40aa-9c89-e6f3854cb0bc,1197,,TED,5613.86,BRL,Perspiciatis nostrum id.,,Cunha das Flores,APROVADA,2026-07-19T06:12:55,2026-07-19T08:50:55,2026-07-25T23:19:00,batch_002
74bbcb7c-3e54-41c4-b06c-4c2fe022edea,860,,PIX,19927.61,BRL,Incidunt alias temporibus.,,Ferreira Paulista,APROVADA,2026-07-20T13:42:34,2026-07-20T15:11:34,2026-07-25T23:19:00,batch_002
8bc6e199-5061-4902-b2c4-6ab52f5cbe01,245,,PIX,12473.56,BRL,Aut consequuntur pariatur.,,da Costa da Praia,APROVADA,2026-07-21T01:35:17,2026-07-21T03:02:17,2026-07-25T23:19:00,batch_002
7413a69e-19ad-4af5-97f6-4deea6e163d2,2,,TED,10691.34,BRL,Placeat voluptatem voluptatem.,,da Mota da Mata,APROVADA,2026-07-19T15:54:11,2026-07-19T16:49:11,2026-07-25T23:19:00,batch_002
f644c8b6-0fe6-4fbd-9b95-21054cfe89c4,17,,BOLETO,10423.64,BRL,Aliquam itaque ipsa commodi laboriosam.,,Rios,APROVADA,2026-07-20T20:46:36,2026-07-20T21:19:36,2026-07-25T23:19:00,batch_002
221383c6-a592-4498-b320-8f2aa8d8bc4d,663,,BOLETO,7738.73,BRL,Velit numquam quibusdam eaque consequuntur.,,Moura Alegre,APROVADA,2026-07-24T03:06:54,2026-07-24T05:45:54,2026-07-25T23:19:00,batch_002
c9fea974-ced6-4988-b979-a15147a02514,67,,BOLETO,16862.49,BRL,Dolores voluptatibus iure exercitationem.,,Gonçalves das Pedras,APROVADA,2026-07-19T23:51:35,2026-07-20T02:28:35,2026-07-25T23:19:00,batch_002
12a06919-d1e9-4722-8b53-6b97835dc668,16,,BOLETO,4440.98,BRL,Totam eaque et.,,Castro,APROVADA,2026-07-25T20:16:39,2026-07-25T22:05:39,2026-07-25T23:19:00,batch_002
d8097bb7-fb7f-490a-83a2-cb2b262bdbaa,122,,SAQUE,1253.26,BRL,Sed incidunt pariatur fugit id rem.,,Souza,APROVADA,2026-07-23T04:19:18,2026-07-23T04:53:18,2026-07-25T23:19:00,batch_002
d2345851-de6d-40b2-adfd-4391431050fa,193,,TED,14743.71,BRL,Accusantium soluta eos aperiam.,,Novais,NEGADA,2026-07-25T14:04:25,2026-07-25T16:23:25,2026-07-25T23:19:00,batch_002
b7629eee-d99d-4a67-ace7-ee7447a55f2b,774,,SAQUE,7791.12,BRL,Necessitatibus tempore ipsa dolorum excepturi sunt.,,da Cruz do Campo,APROVADA,2026-07-24T20:36:14,2026-07-24T21:06:14,2026-07-25T23:19:00,batch_002
b590c111-1862-49a4-9a26-ff85c05fb1f5,177,356.0,CARTAO,12885.72,BRL,Harum modi optio quasi quos tenetur.,Sales S.A.,Cirino Grande,APROVADA,2026-07-24T06:53:19,2026-07-24T08:54:19,2026-07-25T23:19:00,batch_002
aa9f736d-edd2-416a-b25d-8acef374888b,1072,,TED,13739.09,BRL,Quas ipsam magni vel.,,Pastor de Aparecida,NEGADA,2026-07-22T20:08:11,2026-07-22T22:35:11,2026-07-25T23:19:00,batch_002
ba42d2ea-4acf-46b5-9294-6595e5c9db19,1210,908.0,CARTAO,14966.98,BRL,Eius voluptatem blanditiis praesentium ad placeat.,Silva,Vargas do Sul,APROVADA,2026-07-20T17:43:47,2026-07-20T17:45:47,2026-07-25T23:19:00,batch_002
2d55d70e-6563-4ca1-a7dd-89f4e2ccc88a,684,725.0,CARTAO,6030.09,BRL,Ipsam labore dicta at.,da Rocha e Filhos,Vasconcelos,APROVADA,2026-07-21T08:42:33,2026-07-21T11:20:33,2026-07-25T23:19:00,batch_002
18c8c3dd-e0d2-4de0-b3e0-74a37a0030b7,126,669.0,CARTAO,15533.08,BRL,Iusto asperiores amet.,Rezende,da Paz de Rios,APROVADA,2026-07-19T19:00:52,2026-07-19T19:35:52,2026-07-25T23:19:00,batch_002
26876bb6-74aa-4b45-a2c4-b706f0468635,404,,CARTAO,15465.79,BRL,A eum exercitationem et recusandae.,Moura Nascimento Ltda.,Ramos,APROVADA,2026-07-23T07:32:23,2026-07-23T09:09:23,2026-07-25T23:19:00,batch_002
d8eb7785-5e15-497b-b3b6-63aaf88c349c,1145,,BOLETO,13328.87,BRL,Officia veniam placeat tenetur illo.,,Pastor Grande,NEGADA,2026-07-19T05:05:54,2026-07-19T07:06:54,2026-07-25T23:19:00,batch_002
55a2fcdd-353b-4cef-ae7d-30960292d0f3,722,,PIX,14663.54,BRL,Nihil eaque numquam enim.,,Borges da Mata,APROVADA,2026-07-24T05:05:26,2026-07-24T06:35:26,2026-07-25T23:19:00,batch_002
5229ebc8-e740-40ea-8c15-475fd3c477ef,634,,TED,7427.07,BRL,Necessitatibus dolor cupiditate laboriosam.,,Novais do Amparo,APROVADA,2026-07-25T10:14:15,2026-07-25T11:47:15,2026-07-25T23:19:00,batch_002
b1a44d17-a851-4a39-bb15-c6230439d8ec,716,,BOLETO,5740.49,BRL,Quam voluptatibus laudantium.,,Araújo Alegre,APROVADA,2026-07-23T00:15:12,2026-07-23T02:38:12,2026-07-25T23:19:00,batch_002
3238e320-c071-4c4c-89f2-92e171ee2e41,491,712.0,CARTAO,1381.35,BRL,Eum et adipisci.,Cassiano,Cardoso,APROVADA,2026-07-24T00:32:18,2026-07-24T01:17:18,2026-07-25T23:19:00,batch_002
49933c63-074a-47a6-9829-7d20af1158a7,190,,BOLETO,8749.29,BRL,Consequatur officia blanditiis.,,Azevedo de Marques,APROVADA,2026-07-24T01:22:20,2026-07-24T01:27:20,2026-07-25T23:19:00,batch_002
bd49e866-e2cf-4821-9c2a-0d8a4bf7bf7d,815,,CARTAO,17411.95,BRL,Minima minima vitae.,Ribeiro,Sousa,APROVADA,2026-07-20T23:49:28,2026-07-21T01:50:28,2026-07-25T23:19:00,batch_002
d9370a7b-dcdb-4a52-b21e-24b93d275c5e,760,,SAQUE,11072.24,BRL,Voluptas at expedita quod reiciendis officiis.,,Sousa do Amparo,APROVADA,2026-07-22T20:10:19,2026-07-22T21:31:19,2026-07-25T23:19:00,batch_002
2634a18b-712d-439b-aa45-fb59021ac317,552,829.0,CARTAO,1062.24,BRL,Nesciunt eos magnam.,Gomes,Nunes,APROVADA,2026-07-19T20:59:31,2026-07-19T22:35:31,2026-07-25T23:19:00,batch_002
1409d221-81c3-4098-9494-99f3b1497725,96,,CARTAO,12161.54,BRL,Sint eum error.,Farias,Araújo de Dias,APROVADA,2026-07-19T06:18:13,2026-07-19T07:44:13,2026-07-25T23:19:00,batch_002
643f43fc-aa09-4a60-ab82-e09f2701a7d9,1151,,CARTAO,9074.94,BRL,Necessitatibus voluptatibus officiis non doloremque qui.,da Cruz S/A,Melo,APROVADA,2026-07-19T00:26:29,2026-07-19T02:55:29,2026-07-25T23:19:00,batch_002
b8af62e8-eb1a-4b4c-ba75-90e4dcde6772,850,,CARTAO,2701.49,BRL,Totam itaque eligendi quis deleniti.,Silva Ramos - EI,Moreira das Pedras,APROVADA,2026-07-23T23:08:46,2026-07-24T01:03:46,2026-07-25T23:19:00,batch_002
c6bce65e-67bc-4f47-930f-9c62c3abfea5,849,,SAQUE,18795.16,BRL,Animi magnam quo corporis iusto.,,Moreira da Prata,APROVADA,2026-07-22T10:52:28,2026-07-22T11:39:28,2026-07-25T23:19:00,batch_002
7737a59c-6be3-4419-ae04-b6e5eb1dfc02,307,,TED,3545.13,BRL,Velit quibusdam quis cum dolore dolorem.,,Sampaio de Montenegro,APROVADA,2026-07-24T21:57:46,2026-07-24T22:32:46,2026-07-25T23:19:00,batch_002
4d8f4167-6586-45db-9807-533576553c44,554,,SAQUE,2815.52,BRL,Quia rem earum nobis repudiandae.,,Vasconcelos de Siqueira,APROVADA,2026-07-22T06:01:24,2026-07-22T07:58:24,2026-07-25T23:19:00,batch_002
a49c476f-db80-4d56-a760-a282bb16b80d,584,,TED,16986.51,BRL,Sequi quasi nesciunt.,,Barros,APROVADA,2026-07-23T19:01:43,2026-07-23T21:02:43,2026-07-25T23:19:00,batch_002
468fb5ec-86eb-43f1-9cdd-0fe550fea280,508,,BOLETO,18286.77,BRL,Dolor earum enim tempore.,,Macedo,APROVADA,2026-07-23T03:54:27,2026-07-23T05:17:27,2026-07-25T23:19:00,batch_002
ec7ee276-0972-4b14-8e40-cdb4d51bd087,1137,,TED,13499.52,BRL,Ex voluptatem dolore.,,Fernandes,PENDENTE,2026-07-25T12:48:25,2026-07-25T15:35:25,2026-07-25T23:19:00,batch_002
838a6df0-b14b-43eb-9eef-55b5aab6529f,1116,,BOLETO,5227.25,BRL,Praesentium porro delectus veniam voluptas aut.,,Pinto,APROVADA,2026-07-25T01:23:48,2026-07-25T02:44:48,2026-07-25T23:19:00,batch_002
b9477ae4-669c-4b2d-99c6-661886419a3e,739,,BOLETO,13885.11,BRL,Iusto ab vero quidem rerum.,,Moreira,APROVADA,2026-07-21T01:27:04,2026-07-21T03:13:04,2026-07-25T23:19:00,batch_002
8fa0482f-6c39-4e58-965c-a94b211deaef,896,,BOLETO,15269.42,BRL,Eius eligendi sapiente vel.,,da Cunha,APROVADA,2026-07-25T21:56:44,2026-07-25T23:05:44,2026-07-25T23:19:00,batch_002
4b480d12-9110-4d8d-b600-d4f1e5fbd5c0,521,,SAQUE,11056.2,BRL,Nam sit eligendi dolorem possimus quasi.,,Vieira,APROVADA,2026-07-22T05:42:36,2026-07-22T07:33:36,2026-07-25T23:19:00,batch_002
e47f1f36-961f-44f6-81c8-714de98309dd,1086,,BOLETO,462.07,BRL,Tempora nisi illo.,,Pacheco de Ribeiro,APROVADA,2026-07-24T20:56:00,2026-07-24T21:52:00,2026-07-25T23:19:00,batch_002
9fa28ed6-6261-447c-aa4d-7a45f7a923c2,475,,CARTAO,5112.48,BRL,Error vitae alias delectus quas.,da Cruz Ltda.,Montenegro,APROVADA,2026-07-23T03:54:33,2026-07-23T04:52:33,2026-07-25T23:19:00,batch_002
ec1b1f06-d214-4154-823b-2495cbac9bc4,84,,SAQUE,18006.58,BRL,Illo libero mollitia nobis.,,Dias das Flores,APROVADA,2026-07-23T23:44:27,2026-07-24T01:30:27,2026-07-25T23:19:00,batch_002
c9d3cddb-23f2-44b2-a77a-3b4f382981e0,315,,TED,6098.33,BRL,Sequi libero aspernatur exercitationem doloremque.,,Barbosa de Ramos,APROVADA,2026-07-24T23:12:48,2026-07-25T01:11:48,2026-07-25T23:19:00,batch_002
af701406-c33e-4a59-b302-1afe44d7b18f,77,,TED,4450.83,BRL,Voluptates non quisquam sapiente est.,,Peixoto de da Costa,APROVADA,2026-07-22T07:04:10,2026-07-22T08:46:10,2026-07-25T23:19:00,batch_002
06680916-22e4-4e65-9e05-ac45bdddb17d,449,,SAQUE,9143.36,BRL,Libero molestias deleniti laudantium dignissimos.,,Fernandes,APROVADA,2026-07-21T02:15:34,2026-07-21T03:46:34,2026-07-25T23:19:00,batch_002
d5b08228-69b2-49b5-aa88-f145a8886102,367,,PIX,14759.72,BRL,Non sequi omnis assumenda cupiditate labore.,,Lopes,APROVADA,2026-07-22T07:35:08,2026-07-22T09:52:08,2026-07-25T23:19:00,batch_002
6d0b83f7-351e-468f-af56-17d671059818,33,,SAQUE,17272.36,BRL,Quaerat sequi ducimus quae.,,Fonseca,APROVADA,2026-07-24T17:35:03,2026-07-24T18:09:03,2026-07-25T23:19:00,batch_002
dedae23f-4c3b-4455-b89d-022e4b2b09c3,1095,,BOLETO,2068.09,BRL,Ea dolorum amet dignissimos veniam.,,Moreira das Flores,APROVADA,2026-07-21T02:48:55,2026-07-21T04:56:55,2026-07-25T23:19:00,batch_002
1463116b-a62c-4f1d-b103-2b4e73775f4e,301,,SAQUE,1931.02,BRL,Excepturi nesciunt explicabo vero distinctio.,,Nascimento,APROVADA,2026-07-21T00:04:44,2026-07-21T01:21:44,2026-07-25T23:19:00,batch_002
288952d2-ee68-4d5d-88ae-801618f388b5,1083,,BOLETO,15778.88,BRL,Est nam itaque porro.,,Sá Paulista,APROVADA,2026-07-20T12:43:38,2026-07-20T15:14:38,2026-07-25T23:19:00,batch_002
d63e0678-ab9e-4bf0-b9f0-502df032ec11,1009,,PIX,5102.04,BRL,Quidem quibusdam natus.,,Pimenta,APROVADA,2026-07-25T04:35:29,2026-07-25T04:58:29,2026-07-25T23:19:00,batch_002
fbc041e1-4f5d-4560-86cd-ac461bf63dab,732,,BOLETO,2120.02,BRL,Consequuntur ipsum reprehenderit nostrum beatae.,,Montenegro,APROVADA,2026-07-21T12:00:45,2026-07-21T12:53:45,2026-07-25T23:19:00,batch_002
b2d2c776-9fe3-49e7-82ff-dad015af35d2,607,,SAQUE,11043.98,BRL,Asperiores unde necessitatibus incidunt.,,Gomes das Pedras,APROVADA,2026-07-23T03:01:20,2026-07-23T04:06:20,2026-07-25T23:19:00,batch_002
0295a991-21c6-4112-a041-e36ae009e4f4,910,,PIX,16064.75,BRL,Quidem facilis consequuntur illum libero.,,Câmara,NEGADA,2026-07-20T19:42:20,2026-07-20T20:57:20,2026-07-25T23:19:00,batch_002
0dd72648-2a53-4a44-88e9-93b3459ed71a,243,,PIX,2744.01,BRL,Non itaque sed repellendus.,,Pastor,APROVADA,2026-07-22T13:55:19,2026-07-22T14:58:19,2026-07-25T23:19:00,batch_002
4c10a3d5-14f0-4f74-8dd1-54bfa1cebc19,887,,PIX,12874.12,BRL,Placeat repudiandae nihil rerum molestias.,,Fonseca da Serra,APROVADA,2026-07-20T00:26:04,2026-07-20T00:45:04,2026-07-25T23:19:00,batch_002
3cfa09e1-13e3-4033-8a16-5bc059ca15f7,501,,PIX,18350.32,BRL,Doloremque ad iusto vel odit harum.,,Nogueira,APROVADA,2026-07-22T06:17:21,2026-07-22T06:20:21,2026-07-25T23:19:00,batch_002
1018a96d-5c3b-4d91-a97e-05e9e0118cbf,423,,TED,8117.35,BRL,Aut laboriosam deleniti quae.,,Garcia de Novais,APROVADA,2026-07-23T16:26:48,2026-07-23T18:07:48,2026-07-25T23:19:00,batch_002
a64d557b-54fe-4b9e-8c1c-b1034e10ec69,51,,BOLETO,8434.21,BRL,Consectetur quisquam aliquid.,,Sampaio de Silva,APROVADA,2026-07-24T23:44:53,2026-07-25T02:36:53,2026-07-25T23:19:00,batch_002
39ff891e-9c36-4f6a-92fa-7a5ee449a4f6,1167,,SAQUE,1815.05,BRL,Iure vero omnis nesciunt iure.,,Rocha,APROVADA,2026-07-19T23:40:22,2026-07-20T01:56:22,2026-07-25T23:19:00,batch_002
5ad8e4c9-8a13-433c-9f1e-c5f5e40529e6,538,,TED,16258.74,BRL,Quis maxime maiores labore reprehenderit.,,Araújo,APROVADA,2026-07-21T17:34:53,2026-07-21T20:33:53,2026-07-25T23:19:00,batch_002
446a92ef-d83d-49b0-9253-9f57421791ac,70,,SAQUE,396.9,BRL,Occaecati fugit dolores libero.,,Macedo de Abreu,APROVADA,2026-07-25T06:17:41,2026-07-25T07:13:41,2026-07-25T23:19:00,batch_002
df74b498-ce00-4605-bcd3-b66aee3f5526,844,,TED,19537.94,BRL,Quidem dicta pariatur odio corporis ullam.,,Sá do Amparo,APROVADA,2026-07-19T23:09:04,2026-07-19T23:47:04,2026-07-25T23:19:00,batch_002
1336c708-2fd8-498d-a927-dda03ebf30fc,583,,TED,2138.44,BRL,Eum est nam.,,Sousa,APROVADA,2026-07-20T04:41:03,2026-07-20T04:41:03,2026-07-25T23:19:00,batch_002
1eb1e8f5-6432-43e0-9c5a-ca1ebc7ba698,600,,CARTAO,18751.63,BRL,Nisi vitae maxime nesciunt sint odit.,Moura e Filhos,Teixeira,APROVADA,2026-07-22T10:39:24,2026-07-22T11:44:24,2026-07-25T23:19:00,batch_002
8513dcae-d810-476d-9526-288a66da761c,480,,TED,7384.88,BRL,Facere rem asperiores.,,Freitas,APROVADA,2026-07-20T20:18:18,2026-07-20T22:56:18,2026-07-25T23:19:00,batch_002
e54ddc0e-a731-48d6-8bd8-6559f7921a3b,1077,,TED,7277.19,BRL,Rerum repellat architecto quidem quos totam.,,da Cruz,APROVADA,2026-07-22T10:01:02,2026-07-22T11:12:02,2026-07-25T23:19:00,batch_002
b17e7485-0bd9-4271-9927-dcc22cf952ff,556,,TED,9083.45,BRL,Facere fugiat porro quasi.,,Moura,APROVADA,2026-07-24T15:40:15,2026-07-24T16:32:15,2026-07-25T23:19:00,batch_002
ade252a8-9026-462d-91d7-7f62ffa02f77,865,,SAQUE,5255.98,BRL,Repellendus doloribus saepe iure in.,,Pereira,APROVADA,2026-07-19T13:03:23,2026-07-19T15:17:23,2026-07-25T23:19:00,batch_002
926e5877-d4f8-453b-b9bd-1c801a375920,1214,,SAQUE,7364.23,BRL,Quisquam animi ullam mollitia iusto.,,Lopes de Goiás,APROVADA,2026-07-24T20:28:24,2026-07-24T21:48:24,2026-07-25T23:19:00,batch_002
11c2e3ec-b6b5-42b1-8dd8-ac51f215210d,552,466.0,CARTAO,14714.73,BRL,Aliquam ex voluptate.,Pimenta Marques S/A,Rocha,APROVADA,2026-07-22T20:40:57,2026-07-22T21:42:57,2026-07-25T23:19:00,batch_002
b7ac214c-5de3-42fc-b2df-ce7352c5aab7,40,,CARTAO,9395.02,BRL,Aliquid dolores magnam inventore modi.,Monteiro,Souza,APROVADA,2026-07-24T13:25:00,2026-07-24T15:32:00,2026-07-25T23:19:00,batch_002
e67a53ec-6747-4f61-9d08-fb5b19485c36,514,,TED,6111.2,BRL,Nulla doloribus eos necessitatibus cumque.,,Caldeira da Mata,APROVADA,2026-07-19T00:19:46,2026-07-19T03:01:46,2026-07-25T23:19:00,batch_002
9527f5f0-1834-46c4-a95c-feab2442e714,765,,SAQUE,17868.43,BRL,Architecto minus vel consectetur praesentium adipisci.,,Cavalcanti Verde,APROVADA,2026-07-19T22:20:13,2026-07-19T23:54:13,2026-07-25T23:19:00,batch_002
47f2821d-089f-4914-a3a2-9a422ce964c4,343,,CARTAO,5291.82,BRL,Exercitationem nam similique.,Pires,Sá,APROVADA,2026-07-23T22:32:26,2026-07-24T01:25:26,2026-07-25T23:19:00,batch_002
8bceea47-c616-4dce-a857-d307a8185280,306,,PIX,5989.72,BRL,Nihil beatae nostrum error.,,Cardoso do Oeste,APROVADA,2026-07-19T23:40:00,2026-07-20T01:21:00,2026-07-25T23:19:00,batch_002
6fc7f1c6-e8ac-4cf7-b787-96eb1f8ae936,392,499.0,CARTAO,1746.3,BRL,Inventore ex voluptatum corrupti doloremque in.,Silveira,Sá de Peixoto,APROVADA,2026-07-24T10:59:59,2026-07-24T11:42:59,2026-07-25T23:19:00,batch_002
b8c9ee96-baec-48a5-a323-73f98ac256e8,1108,207.0,CARTAO,19092.0,BRL,Occaecati exercitationem voluptates porro accusantium.,Sá,Novais,APROVADA,2026-07-23T16:53:14,2026-07-23T18:25:14,2026-07-25T23:19:00,batch_002
3fc6fcc3-7e57-4a14-91ab-7215c333793f,526,,CARTAO,11299.48,BRL,Omnis odit impedit eum.,Moura,Pastor,APROVADA,2026-07-21T07:44:44,2026-07-21T10:37:44,2026-07-25T23:19:00,batch_002
13c0be61-f7e5-4268-907a-9b8f8f277bc9,85,,PIX,9533.74,BRL,Ad laborum vero.,,Moura de Goiás,APROVADA,2026-07-21T11:51:41,2026-07-21T12:31:41,2026-07-25T23:19:00,batch_002
a3ffa3f5-52ce-4e29-b443-f8de7d1b4ce3,601,,SAQUE,8462.75,BRL,Optio nobis quam molestiae voluptatem aperiam.,,Garcia,APROVADA,2026-07-19T23:35:55,2026-07-20T01:57:55,2026-07-25T23:19:00,batch_002
a8d2a040-571f-499a-844c-871c7f3723a5,672,,CARTAO,9889.59,BRL,Itaque vel accusantium.,da Rosa,Aragão,APROVADA,2026-07-20T20:17:28,2026-07-20T23:13:28,2026-07-25T23:19:00,batch_002
0f5ec01c-6431-4532-ae56-be050822cf43,709,,SAQUE,18146.25,BRL,Illum quaerat dolorum ratione.,,Farias da Prata,APROVADA,2026-07-21T06:03:10,2026-07-21T08:56:10,2026-07-25T23:19:00,batch_002
6147f278-18c1-4e37-87f0-5447e59487a5,139,,SAQUE,10779.38,BRL,A iste sed eos ab labore.,,Novais da Praia,APROVADA,2026-07-19T17:21:35,2026-07-19T19:45:35,2026-07-25T23:19:00,batch_002
79a840cf-c916-4c19-8ecc-14a2ac61f0d6,93,,PIX,7522.99,BRL,Dolore ut officiis assumenda deleniti hic.,,Rios Grande,APROVADA,2026-07-25T11:46:44,2026-07-25T13:26:44,2026-07-25T23:19:00,batch_002
efd7edd0-e941-4761-9391-7b03cfa04933,270,,PIX,2001.49,BRL,Deleniti vero nesciunt consectetur adipisci soluta.,,Guerra do Sul,APROVADA,2026-07-19T02:04:01,2026-07-19T02:10:01,2026-07-25T23:19:00,batch_002
992d250b-35ed-41db-a5be-c81293d6ff16,662,,PIX,14835.12,BRL,Deleniti facere architecto cum sequi magni.,,Sá de Vieira,APROVADA,2026-07-25T10:42:20,2026-07-25T13:15:20,2026-07-25T23:19:00,batch_002
c4ed61d0-8aa4-416c-a328-c72ae64015cc,879,,SAQUE,19443.94,BRL,Voluptas aliquam eligendi sint aperiam porro.,,Montenegro,APROVADA,2026-07-23T18:03:15,2026-07-23T18:54:15,2026-07-25T23:19:00,batch_002
4a96eff8-d0b0-4e15-9959-19ea0d7c4fe9,375,,SAQUE,6636.94,BRL,Magni quo cupiditate culpa officiis.,,Ferreira do Norte,APROVADA,2026-07-20T16:36:33,2026-07-20T18:39:33,2026-07-25T23:19:00,batch_002
dc4f0bdc-4cba-4adf-be71-254312ec8769,1110,,CARTAO,17818.62,BRL,Nulla ipsa eaque.,Nogueira,Novaes do Galho,APROVADA,2026-07-22T23:53:01,2026-07-23T02:25:01,2026-07-25T23:19:00,batch_002
e974a6a1-c0d9-4e4f-83b5-a5e1c877b138,600,,PIX,6250.65,BRL,Nulla saepe alias modi.,,Gonçalves das Pedras,APROVADA,2026-07-23T20:22:32,2026-07-23T21:54:32,2026-07-25T23:19:00,batch_002
1abd16be-cd50-4e35-8522-be6247e847b9,1057,,PIX,10474.19,BRL,Velit aut quidem ea alias.,,Cirino da Serra,APROVADA,2026-07-19T09:49:54,2026-07-19T10:33:54,2026-07-25T23:19:00,batch_002
66a45a56-9e8c-4ed0-9a4d-85dfc491db82,245,446.0,CARTAO,11499.98,BRL,Fugiat laudantium expedita minus odio.,Albuquerque Silveira Ltda.,Andrade,APROVADA,2026-07-20T19:15:53,2026-07-20T19:36:53,2026-07-25T23:19:00,batch_002
266cf1b7-f7bc-431e-af78-0e573dc7abe0,329,,PIX,6536.59,BRL,Quasi tempora omnis alias veritatis.,,Moreira do Amparo,APROVADA,2026-07-19T08:50:09,2026-07-19T11:40:09,2026-07-25T23:19:00,batch_002
4169629e-38ec-4e91-afc7-0d15dd11571b,353,,TED,9777.5,BRL,Consectetur ab numquam voluptas.,,Jesus do Galho,NEGADA,2026-07-21T14:49:08,2026-07-21T17:33:08,2026-07-25T23:19:00,batch_002
c7f56d19-c9f9-4f11-97aa-7c4afb99967d,413,,SAQUE,13222.59,BRL,Aliquid expedita nulla deleniti esse.,,Moura da Praia,APROVADA,2026-07-24T04:56:24,2026-07-24T05:17:24,2026-07-25T23:19:00,batch_002
7d10f2f3-f344-4ec3-9c76-d4c7f90da3a1,976,691.0,CARTAO,3520.24,BRL,Officia labore non quidem assumenda.,Oliveira - ME,Freitas,APROVADA,2026-07-19T12:20:22,2026-07-19T14:33:22,2026-07-25T23:19:00,batch_002
f90f4ba9-6da7-4d73-8a72-470f5c6b4d9a,1199,,PIX,13174.78,BRL,Iusto error ratione dolorum eligendi consequatur.,,da Costa,APROVADA,2026-07-20T14:02:34,2026-07-20T14:34:34,2026-07-25T23:19:00,batch_002
54cda802-9e61-482a-8d31-0c14a994a036,1122,,SAQUE,4829.63,BRL,Distinctio repellat earum.,,da Conceição,APROVADA,2026-07-20T04:49:28,2026-07-20T06:55:28,2026-07-25T23:19:00,batch_002
429c4074-59e0-45a6-b668-e670c4288e34,15,,PIX,14298.84,BRL,Sapiente enim sunt.,,Abreu,APROVADA,2026-07-22T07:21:41,2026-07-22T10:19:41,2026-07-25T23:19:00,batch_002
c77e771f-3436-4656-896f-3a2744f51a36,538,,SAQUE,14761.6,BRL,Eum possimus cum repellat quod soluta.,,Vasconcelos de Araújo,APROVADA,2026-07-23T06:20:59,2026-07-23T07:57:59,2026-07-25T23:19:00,batch_002
5d15f159-6efb-4929-874d-79918e03c9dc,569,,TED,6845.23,BRL,Officia sapiente corporis.,,Machado,APROVADA,2026-07-24T05:30:37,2026-07-24T07:42:37,2026-07-25T23:19:00,batch_002
feb2af98-315c-4a09-9825-3ca0fff22217,927,,SAQUE,1661.01,BRL,Vitae eveniet laboriosam consequuntur dignissimos.,,Barbosa,APROVADA,2026-07-24T02:27:00,2026-07-24T04:59:00,2026-07-25T23:19:00,batch_002
19395465-db86-42a5-85a9-db3e36a5aa0b,1076,444.0,CARTAO,7330.54,BRL,Rem itaque ipsa.,Barros S/A,da Mota,APROVADA,2026-07-20T07:51:28,2026-07-20T10:41:28,2026-07-25T23:19:00,batch_002
40b900ad-6bcd-4567-97b6-229fecd71d6c,359,,TED,6927.3,BRL,A assumenda placeat.,,Vasconcelos do Galho,APROVADA,2026-07-24T17:58:13,2026-07-24T19:10:13,2026-07-25T23:19:00,batch_002
86ded505-2462-4761-a81b-da51f6345396,224,,TED,4552.49,BRL,Provident commodi provident.,,Vieira das Flores,PENDENTE,2026-07-20T08:12:53,2026-07-20T09:33:53,2026-07-25T23:19:00,batch_002
30433782-b50e-480c-984f-3b5d45fce0eb,885,165.0,CARTAO,3502.28,BRL,Labore saepe facere ipsum.,Ramos Vasconcelos - ME,da Luz,APROVADA,2026-07-21T12:48:05,2026-07-21T12:52:05,2026-07-25T23:19:00,batch_002
1315d2a1-e007-4bbb-be1f-c460b0761439,1087,,BOLETO,17343.7,BRL,Repudiandae labore consequatur.,,da Paz das Pedras,APROVADA,2026-07-20T19:37:40,2026-07-20T22:16:40,2026-07-25T23:19:00,batch_002
0249398a-2a5a-435f-ada5-d1b6dafb6a29,135,,SAQUE,14454.73,BRL,Consequuntur expedita libero.,,Gomes,APROVADA,2026-07-22T08:41:14,2026-07-22T09:09:14,2026-07-25T23:19:00,batch_002
5cf3c5c7-a784-476a-9c09-615708e85ff0,185,,SAQUE,17380.19,BRL,Nisi praesentium quae corporis eveniet.,,Lopes,APROVADA,2026-07-25T14:13:10,2026-07-25T15:53:10,2026-07-25T23:19:00,batch_002
cf322a7d-208e-4851-b521-d4dd61877ffe,197,,TED,4585.69,BRL,Porro maiores error quibusdam.,,Sá do Campo,APROVADA,2026-07-22T00:54:16,2026-07-22T02:55:16,2026-07-25T23:19:00,batch_002
3087eeec-33d1-4357-b170-b24c5ac57ad0,427,,SAQUE,6615.24,BRL,Corrupti magnam ducimus velit aliquid vero.,,da Luz do Campo,APROVADA,2026-07-23T17:13:04,2026-07-23T19:03:04,2026-07-25T23:19:00,batch_002
fd3bc825-7797-4194-9dda-96a08722a57e,845,,TED,17996.26,BRL,Dolore alias at assumenda.,,Martins do Norte,APROVADA,2026-07-19T12:04:42,2026-07-19T14:42:42,2026-07-25T23:19:00,batch_002
627ab266-4899-4b0c-ac33-162310844c33,780,,TED,1560.69,BRL,Quaerat quibusdam recusandae sit.,,Machado,APROVADA,2026-07-19T05:56:54,2026-07-19T07:02:54,2026-07-25T23:19:00,batch_002
5fbb8495-0201-470d-93fa-e20a6435c0f2,52,,BOLETO,9523.2,BRL,Eum facere eaque cupiditate molestiae vitae.,,da Luz do Norte,APROVADA,2026-07-25T05:21:25,2026-07-25T07:59:25,2026-07-25T23:19:00,batch_002
bf44e6ec-740f-4f9e-9137-dd9127c1e502,626,,TED,1750.34,BRL,Aspernatur molestias ab laudantium iste.,,Pereira do Oeste,APROVADA,2026-07-23T10:33:23,2026-07-23T12:15:23,2026-07-25T23:19:00,batch_002
3619bd74-4a5e-4832-ae79-7dbb929255e2,527,,SAQUE,4828.41,BRL,Perspiciatis nam fugiat cumque culpa ad impedit.,,Porto,NEGADA,2026-07-21T07:33:03,2026-07-21T08:04:03,2026-07-25T23:19:00,batch_002
6a71aafe-37cc-4442-87b8-b6529e10e440,773,,TED,3459.91,BRL,Nesciunt nemo debitis quia dolores quis.,,Rios,APROVADA,2026-07-20T17:16:05,2026-07-20T17:30:05,2026-07-25T23:19:00,batch_002
6bf3e7d3-614b-47d1-905a-0c44cfe45dbf,308,,BOLETO,19468.05,BRL,Quam officiis esse.,,Siqueira de Fernandes,APROVADA,2026-07-25T09:03:29,2026-07-25T10:43:29,2026-07-25T23:19:00,batch_002
2b5604cb-158e-4cc9-abb6-6519b1b09421,275,,TED,5373.77,BRL,Earum cupiditate doloribus ex iste.,,Almeida,APROVADA,2026-07-24T11:17:09,2026-07-24T11:41:09,2026-07-25T23:19:00,batch_002
2e78f681-8656-4389-ab2f-a1e5ce8fbf83,138,774.0,CARTAO,7440.38,BRL,Blanditiis repudiandae velit sapiente sunt.,Abreu,Vargas de Carvalho,APROVADA,2026-07-23T13:54:19,2026-07-23T14:20:19,2026-07-25T23:19:00,batch_002
cb4c8ab0-fb97-4c47-8424-f27bc09dd0ed,413,,CARTAO,6868.17,BRL,Consectetur doloremque dolorem.,Castro,Rios da Mata,APROVADA,2026-07-19T14:16:47,2026-07-19T16:32:47,2026-07-25T23:19:00,batch_002
ad2b9a7b-6950-42e5-9441-d859c42a69eb,494,,SAQUE,5272.53,BRL,Quasi modi explicabo.,,Carvalho,APROVADA,2026-07-24T04:55:20,2026-07-24T05:43:20,2026-07-25T23:19:00,batch_002
c7d9ee20-2e08-4f65-bc76-256793f4c5ec,1018,,PIX,1142.79,BRL,Error pariatur quos blanditiis.,,da Rosa de Goiás,APROVADA,2026-07-19T17:12:33,2026-07-19T18:57:33,2026-07-25T23:19:00,batch_002
b4c75eac-5c34-43c2-a6a4-443b276539d5,780,,BOLETO,1652.65,BRL,Dolore quisquam neque animi corporis.,,Castro,APROVADA,2026-07-19T08:32:57,2026-07-19T11:11:57,2026-07-25T23:19:00,batch_002
c5aa1fd3-ff9c-4c8b-b4d6-c832abf3e16b,1064,,TED,10366.14,BRL,Eius ipsam recusandae doloremque laborum.,,Siqueira da Prata,APROVADA,2026-07-20T11:30:41,2026-07-20T13:32:41,2026-07-25T23:19:00,batch_002
c9c57274-382f-4260-a27e-accfb95fdc28,254,,TED,13450.53,BRL,Vero numquam tempora.,,Fogaça do Campo,APROVADA,2026-07-23T22:23:35,2026-07-23T22:44:35,2026-07-25T23:19:00,batch_002
7682346b-ce94-4ef9-b2c4-b67dcb23504b,921,,SAQUE,7755.11,BRL,Explicabo iure placeat.,,Montenegro,APROVADA,2026-07-19T13:33:19,2026-07-19T15:29:19,2026-07-25T23:19:00,batch_002
e7b3bf7d-0b71-4f3e-9ac4-6b3e4174524f,606,,SAQUE,12211.82,BRL,Aperiam sunt nulla dolore.,,Pires,APROVADA,2026-07-24T06:17:39,2026-07-24T07:42:39,2026-07-25T23:19:00,batch_002
6e5b7c73-8afa-4c6b-a4db-ae8468c2781f,687,,CARTAO,12804.6,BRL,Doloribus velit tempora amet dicta distinctio.,Mendes,Abreu das Flores,APROVADA,2026-07-21T17:18:06,2026-07-21T18:23:06,2026-07-25T23:19:00,batch_002
3d0bdc33-c2f4-4567-8375-e08eef7d0d96,1042,,CARTAO,14017.76,BRL,Saepe eligendi reiciendis dignissimos expedita pariatur.,Melo Fogaça - ME,Araújo do Sul,APROVADA,2026-07-20T20:51:20,2026-07-20T22:29:20,2026-07-25T23:19:00,batch_002
1520adef-0844-44ab-807a-c1fbec199de1,631,,TED,16898.36,BRL,Modi totam aspernatur minima sit hic.,,Peixoto de Mendonça,APROVADA,2026-07-20T00:27:05,2026-07-20T02:17:05,2026-07-25T23:19:00,batch_002
c4b1ac86-0aba-4b0d-974e-4db74dfbb349,1,,TED,8223.77,BRL,Suscipit cupiditate nesciunt.,,Silva,APROVADA,2026-07-23T10:29:20,2026-07-23T12:32:20,2026-07-25T23:19:00,batch_002
5aa68fc1-581b-492a-9583-52a1a0e3158c,896,,SAQUE,14473.95,BRL,Nostrum magnam architecto veniam illo.,,Almeida das Flores,APROVADA,2026-07-19T18:13:51,2026-07-19T21:13:51,2026-07-25T23:19:00,batch_002
480644b8-8439-4ed8-855a-e9f61b941ed7,667,,SAQUE,608.81,BRL,Reiciendis culpa mollitia ipsam.,,Almeida,APROVADA,2026-07-22T10:01:40,2026-07-22T12:11:40,2026-07-25T23:19:00,batch_002
fc9e95c2-37b5-4f88-afb9-2b4884271767,467,,PIX,11217.06,BRL,Expedita rerum qui.,,Ramos,APROVADA,2026-07-21T22:41:36,2026-07-22T01:18:36,2026-07-25T23:19:00,batch_002
b89fba51-4492-4b16-a396-32d406f334ee,1093,,PIX,4055.17,BRL,Non ea sit.,,Sá do Galho,APROVADA,2026-07-21T22:53:44,2026-07-22T01:07:44,2026-07-25T23:19:00,batch_002
15254a41-2978-4f67-ba1b-9d8f0632ed96,414,,PIX,19539.88,BRL,Fugiat molestiae quam animi.,,Costela,APROVADA,2026-07-21T08:25:56,2026-07-21T10:28:56,2026-07-25T23:19:00,batch_002
a259039b-b9a8-4335-995a-3a5d076af952,644,,SAQUE,12333.61,BRL,Aperiam sed voluptas in.,,Sales do Oeste,APROVADA,2026-07-22T14:54:23,2026-07-22T16:19:23,2026-07-25T23:19:00,batch_002
9765bf11-b31a-4b87-9dac-2a03c929eb5f,529,34.0,CARTAO,8920.98,BRL,Vitae eligendi veniam consectetur velit.,Araújo,Martins,APROVADA,2026-07-25T07:42:20,2026-07-25T08:31:20,2026-07-25T23:19:00,batch_002
bffbafea-7ed9-4666-90a7-86eae244367d,225,,TED,4475.11,BRL,Dolorum nulla doloribus.,,Almeida dos Dourados,APROVADA,2026-07-20T12:05:53,2026-07-20T14:45:53,2026-07-25T23:19:00,batch_002
b4d7a0d2-6b1b-4440-9f5a-575cc1e10e69,837,,CARTAO,11394.98,BRL,Autem exercitationem at facere.,Pereira e Filhos,Peixoto,APROVADA,2026-07-23T09:14:43,2026-07-23T10:18:43,2026-07-25T23:19:00,batch_002
f57d27dd-7160-4e83-af04-3f2b59f4fc8a,70,,BOLETO,2041.63,BRL,Praesentium magnam excepturi.,,Fogaça dos Dourados,APROVADA,2026-07-23T00:05:50,2026-07-23T02:20:50,2026-07-25T23:19:00,batch_002
e3e3b62c-cf05-4859-a304-1d9653ad4b54,538,,BOLETO,388.06,BRL,Id tenetur illo doloremque.,,das Neves,APROVADA,2026-07-20T10:33:32,2026-07-20T11:29:32,2026-07-25T23:19:00,batch_002
436440ce-54ef-45a0-878d-ff8759082efb,182,,SAQUE,3221.6,BRL,Harum fugiat eum deserunt incidunt.,,Cassiano,APROVADA,2026-07-25T13:03:47,2026-07-25T14:12:47,2026-07-25T23:19:00,batch_002
ca62f765-b8a5-4bcc-9c39-ef072694f968,847,,TED,6443.14,BRL,Quas magnam velit illo eaque.,,Castro,APROVADA,2026-07-20T15:20:45,2026-07-20T16:51:45,2026-07-25T23:19:00,batch_002
2c801c9e-18dd-42cb-9203-5a5724bec190,993,,SAQUE,10907.06,BRL,Omnis hic saepe corporis.,,Cavalcante,APROVADA,2026-07-24T13:58:46,2026-07-24T14:02:46,2026-07-25T23:19:00,batch_002
32312ac7-57eb-4eb0-8e12-31a87085e227,1124,,PIX,7419.61,BRL,Deleniti esse dolore cumque.,,Martins,APROVADA,2026-07-25T02:01:35,2026-07-25T02:30:35,2026-07-25T23:19:00,batch_002
cfc46015-155f-456d-9a83-61b13eae9eef,35,,BOLETO,17755.33,BRL,Voluptatibus suscipit nisi debitis soluta recusandae.,,Fonseca de Minas,APROVADA,2026-07-24T15:23:57,2026-07-24T15:52:57,2026-07-25T23:19:00,batch_002
de8c6684-72e1-4938-89f0-b95bc1c5ba0c,969,,SAQUE,1859.81,BRL,Cumque magnam repellendus veritatis.,,Sampaio,APROVADA,2026-07-21T13:41:49,2026-07-21T15:34:49,2026-07-25T23:19:00,batch_002
af619c32-70c7-496a-b0e9-30069a5d8388,313,,BOLETO,7849.41,BRL,Fuga adipisci corrupti.,,Moraes,APROVADA,2026-07-21T18:05:09,2026-07-21T18:52:09,2026-07-25T23:19:00,batch_002
114891c3-4050-46d7-ae7a-5ee68e718a3b,744,,BOLETO,11621.77,BRL,Sequi iure rem eum.,,Pires,APROVADA,2026-07-25T16:33:41,2026-07-25T18:17:41,2026-07-25T23:19:00,batch_002
5ecc716b-d01f-4523-9b63-a6aafc7e1a0c,729,,SAQUE,16305.9,BRL,Facilis aut beatae.,,Souza,APROVADA,2026-07-21T04:10:01,2026-07-21T04:16:01,2026-07-25T23:19:00,batch_002
2bc8ed6f-5dcb-48d5-93cb-3fec13930707,769,,SAQUE,894.44,BRL,Magnam fuga consectetur sed asperiores saepe.,,Castro,APROVADA,2026-07-21T12:39:30,2026-07-21T14:51:30,2026-07-25T23:19:00,batch_002
57608d3c-fed7-491c-99c0-31a099b8d56a,164,,SAQUE,6415.83,BRL,Aut atque commodi ut vel totam.,,Cardoso,APROVADA,2026-07-19T23:13:17,2026-07-20T01:02:17,2026-07-25T23:19:00,batch_002
3d8a5348-92bf-4b80-a29e-51682c323b24,232,,BOLETO,12064.84,BRL,Soluta accusamus aliquid assumenda eveniet facere.,,da Conceição,NEGADA,2026-07-24T21:36:18,2026-07-24T22:58:18,2026-07-25T23:19:00,batch_002
8515d850-5bb0-4090-8936-98708650326b,782,,SAQUE,18143.2,BRL,Doloribus recusandae debitis.,,Ribeiro Grande,NEGADA,2026-07-21T13:25:21,2026-07-21T13:26:21,2026-07-25T23:19:00,batch_002
7255d44e-8be9-457c-a566-aaf5e04c9298,1111,,TED,10041.6,BRL,Perferendis magni a tempora.,,Moreira,APROVADA,2026-07-21T16:36:34,2026-07-21T17:14:34,2026-07-25T23:19:00,batch_002
1f137107-6ebc-4004-918f-5804698413e2,37,,BOLETO,19400.44,BRL,Mollitia nihil incidunt consequuntur.,,da Rocha,NEGADA,2026-07-23T16:52:53,2026-07-23T17:57:53,2026-07-25T23:19:00,batch_002
b812e762-615e-41c4-99c7-589fa852fb83,685,,SAQUE,12828.09,BRL,Perferendis excepturi magni reiciendis ratione.,,Vieira Verde,APROVADA,2026-07-24T23:39:07,2026-07-25T02:06:07,2026-07-25T23:19:00,batch_002
22c7f13a-ded4-4f3d-973f-a63eb0c07c49,1160,,TED,1968.48,BRL,Quos eaque voluptate nulla saepe facere.,,Monteiro,APROVADA,2026-07-19T09:27:51,2026-07-19T10:55:51,2026-07-25T23:19:00,batch_002
1dd0d011-9e4d-4d0c-881e-8756ed40c5ba,1173,,PIX,11481.02,BRL,Ipsam omnis laborum distinctio et vitae.,,Monteiro do Amparo,NEGADA,2026-07-24T20:18:56,2026-07-24T20:21:56,2026-07-25T23:19:00,batch_002
3913ddbc-0d61-4171-89cb-2c866df5ed7c,893,,TED,5627.86,BRL,Quisquam corporis facere amet.,,Gomes de Viana,APROVADA,2026-07-19T21:24:04,2026-07-19T22:50:04,2026-07-25T23:19:00,batch_002
9aa7f789-fffe-42a2-a498-565d956fb3da,1080,,PIX,14682.84,BRL,Atque fugiat nostrum nam reprehenderit.,,Moura Paulista,APROVADA,2026-07-21T18:44:31,2026-07-21T20:53:31,2026-07-25T23:19:00,batch_002
cddf222e-6d84-452e-a1da-ba5a8005168b,1161,169.0,CARTAO,10721.1,BRL,Iusto unde unde ducimus debitis delectus.,Leão,Caldeira,APROVADA,2026-07-23T21:27:19,2026-07-23T23:42:19,2026-07-25T23:19:00,batch_002
3233ec2b-7882-427f-868d-99cd92780c1d,1020,,TED,14621.82,BRL,Ipsam at unde beatae.,,Carvalho da Prata,APROVADA,2026-07-20T13:03:50,2026-07-20T14:21:50,2026-07-25T23:19:00,batch_002
f7095b9b-a778-46df-a7b5-4b2527b97afc,552,,PIX,9463.09,BRL,Eligendi hic eligendi.,,da Paz,APROVADA,2026-07-24T07:20:02,2026-07-24T09:33:02,2026-07-25T23:19:00,batch_002
013c168d-a119-4c83-84ec-2fe98d3f9483,1160,,SAQUE,6053.31,BRL,Amet hic dolorum.,,Porto de Machado,APROVADA,2026-07-21T22:27:09,2026-07-22T00:36:09,2026-07-25T23:19:00,batch_002
3a1cf007-c06a-4c2d-955b-abe4b5c2269c,1187,,TED,15599.78,BRL,Temporibus quas labore perferendis sit aliquid.,,da Mota do Galho,APROVADA,2026-07-21T13:21:13,2026-07-21T16:12:13,2026-07-25T23:19:00,batch_002
7d0b2c15-9220-436f-8f72-31f5425660d5,466,,TED,1298.02,BRL,Voluptate at maiores.,,Guerra,APROVADA,2026-07-24T18:13:48,2026-07-24T20:22:48,2026-07-25T23:19:00,batch_002
6a215169-712b-467d-a02e-1ab5d905d1ac,610,,SAQUE,6398.62,BRL,Odit atque quibusdam.,,da Conceição,APROVADA,2026-07-22T12:50:24,2026-07-22T15:34:24,2026-07-25T23:19:00,batch_002
e527d1fd-65b9-4894-984d-21a207a2c754,47,,BOLETO,3723.64,BRL,Voluptates eum autem.,,Costa das Flores,APROVADA,2026-07-22T06:27:57,2026-07-22T08:22:57,2026-07-25T23:19:00,batch_002
7005a443-372f-4448-8349-84928a98b8be,1165,,SAQUE,584.49,BRL,Quis dolores nihil sit saepe deleniti veniam.,,Gomes,APROVADA,2026-07-21T04:39:02,2026-07-21T04:52:02,2026-07-25T23:19:00,batch_002
f298352c-d902-44eb-917a-992cc8085064,1000,,PIX,175.43,BRL,Nesciunt numquam quas laboriosam.,,da Cruz,APROVADA,2026-07-24T21:44:53,2026-07-24T22:15:53,2026-07-25T23:19:00,batch_002
8127ca44-d4a7-4007-9446-971a0a42e627,263,,BOLETO,5177.32,BRL,Maxime inventore pariatur nesciunt quaerat.,,Novaes Verde,APROVADA,2026-07-19T00:08:33,2026-07-19T01:15:33,2026-07-25T23:19:00,batch_002
6f8a0389-e38e-4797-a883-9b1b41de1c38,326,824.0,CARTAO,18950.22,BRL,Quod placeat quisquam illum.,Siqueira Marques Ltda.,Mendonça do Sul,APROVADA,2026-07-19T11:54:51,2026-07-19T11:56:51,2026-07-25T23:19:00,batch_002
727fbb23-a821-4790-9fc0-06677d61db0f,166,,SAQUE,15994.58,BRL,Officia esse laboriosam.,,Fonseca da Serra,APROVADA,2026-07-21T21:40:09,2026-07-21T23:32:09,2026-07-25T23:19:00,batch_002
2c1f3077-29af-448a-adf9-c57df1761cc7,826,756.0,CARTAO,5317.72,BRL,Itaque voluptatibus animi debitis quibusdam.,da Rocha,Brito,APROVADA,2026-07-20T05:02:45,2026-07-20T06:23:45,2026-07-25T23:19:00,batch_002
14e1bfd6-0e83-4cb0-a187-689fae61e6a5,818,,BOLETO,10007.45,BRL,Voluptate maxime ad nemo.,,Costa Paulista,APROVADA,2026-07-21T20:37:18,2026-07-21T22:14:18,2026-07-25T23:19:00,batch_002
97b59e72-5619-4ea4-b82f-aa3adb09f71b,536,,BOLETO,14213.32,BRL,Eaque expedita autem occaecati.,,da Cunha da Praia,NEGADA,2026-07-22T23:53:27,2026-07-23T01:55:27,2026-07-25T23:19:00,batch_002
58ea5b0c-40ff-4030-ad76-1f8f925eb592,969,,BOLETO,8333.4,BRL,Placeat voluptatum vitae earum tenetur.,,Cavalcanti de Aragão,PENDENTE,2026-07-25T09:04:43,2026-07-25T11:55:43,2026-07-25T23:19:00,batch_002
6f67dc0d-c718-473c-904f-5083fb6b7ef0,5,,PIX,12831.95,BRL,Praesentium consequatur inventore deserunt perferendis facilis.,,Lopes,APROVADA,2026-07-25T09:27:07,2026-07-25T10:17:07,2026-07-25T23:19:00,batch_002
807be54f-d55d-45b8-ad66-e479de5489ee,953,,TED,9198.37,BRL,Maxime voluptates fuga delectus architecto.,,Sampaio do Amparo,APROVADA,2026-07-21T08:04:48,2026-07-21T09:34:48,2026-07-25T23:19:00,batch_002
2a4b79f4-a8ae-41e3-9ed4-1b3ee8689851,954,736.0,CARTAO,13750.37,BRL,Aperiam ducimus optio ab omnis incidunt.,Siqueira,Abreu,APROVADA,2026-07-23T09:11:02,2026-07-23T11:29:02,2026-07-25T23:19:00,batch_002
6bff9aa0-948b-483f-bc79-669e81b371cd,1169,,TED,17162.35,BRL,Aperiam ea sunt.,,Jesus,APROVADA,2026-07-22T02:39:33,2026-07-22T02:54:33,2026-07-25T23:19:00,batch_002
492a709a-d7b7-442c-84af-2fc6e4486f7b,1167,,BOLETO,1062.35,BRL,Adipisci ducimus totam blanditiis minus.,,Barbosa da Praia,APROVADA,2026-07-19T10:34:48,2026-07-19T12:02:48,2026-07-25T23:19:00,batch_002
08aa238e-598c-48fc-8b80-cf9050c195d7,732,,BOLETO,16740.68,BRL,A voluptatum quasi odit facere quia.,,Moreira do Norte,APROVADA,2026-07-25T05:29:20,2026-07-25T07:12:20,2026-07-25T23:19:00,batch_002
0246a0fe-84bd-4522-a234-c349fdd7877d,449,565.0,CARTAO,7377.27,BRL,Doloribus enim eligendi.,Novaes,Guerra de Alves,APROVADA,2026-07-23T00:04:57,2026-07-23T01:53:57,2026-07-25T23:19:00,batch_002
7dc2769f-be08-4ac6-9bdd-b355455c0459,1078,,TED,8083.27,BRL,Cumque ea expedita voluptatibus dolores reprehenderit.,,Garcia da Praia,APROVADA,2026-07-25T07:44:58,2026-07-25T08:18:58,2026-07-25T23:19:00,batch_002
55716b9e-aadf-47fc-b5d8-31cd2fdbe0d6,421,816.0,CARTAO,17146.47,BRL,Facilis quisquam vel iste deserunt.,Rios,Camargo de Rezende,APROVADA,2026-07-22T19:44:19,2026-07-22T22:08:19,2026-07-25T23:19:00,batch_002
1ba57427-8cb9-49aa-80d1-19272ef23beb,784,,BOLETO,13319.63,BRL,Necessitatibus ex earum sunt.,,Viana,NEGADA,2026-07-20T19:54:16,2026-07-20T22:12:16,2026-07-25T23:19:00,batch_002
9fe743be-1187-46e0-88a7-0cf8dc29095a,1082,,BOLETO,7295.07,BRL,Qui ex fugit nobis corrupti.,,Mendonça,APROVADA,2026-07-25T18:22:18,2026-07-25T19:20:18,2026-07-25T23:19:00,batch_002
79308513-5745-4348-bc64-d19391e8c3a9,1134,,SAQUE,11015.16,BRL,Optio explicabo repellendus quasi.,,Martins de Minas,APROVADA,2026-07-25T20:28:22,2026-07-25T21:23:22,2026-07-25T23:19:00,batch_002
b43a19d1-b943-40c9-a1cb-76e903cc1c2a,749,,SAQUE,18714.7,BRL,Deserunt fuga accusamus.,,Novaes,APROVADA,2026-07-19T05:12:21,2026-07-19T07:48:21,2026-07-25T23:19:00,batch_002
13ffd93b-e32d-4cd9-a872-b01352a5d0f0,359,645.0,CARTAO,11920.79,BRL,Atque minima exercitationem.,Sousa Ltda.,da Rocha da Mata,APROVADA,2026-07-23T00:19:03,2026-07-23T03:03:03,2026-07-25T23:19:00,batch_002
830b4c8d-a1ef-47a7-9af2-42045281ccf1,741,,CARTAO,10260.53,BRL,Id vel facere quaerat.,Nunes Rios S/A,Barbosa de Goiás,APROVADA,2026-07-23T07:19:40,2026-07-23T08:17:40,2026-07-25T23:19:00,batch_002
84132f11-fb3e-411e-bb32-728922ab6745,490,,PIX,15537.08,BRL,Laborum sint unde.,,Rodrigues,APROVADA,2026-07-25T08:00:49,2026-07-25T09:55:49,2026-07-25T23:19:00,batch_002
01355927-9b23-4787-9fff-5baad1bf84c0,1056,,TED,17154.44,BRL,Est earum porro architecto amet ducimus.,,Andrade do Oeste,NEGADA,2026-07-22T15:02:31,2026-07-22T17:22:31,2026-07-25T23:19:00,batch_002
2aa0d11c-b3da-4c41-88b2-868e146957ae,367,,BOLETO,17484.7,BRL,Incidunt minima molestiae laborum.,,Alves,PENDENTE,2026-07-25T05:57:10,2026-07-25T06:41:10,2026-07-25T23:19:00,batch_002
62c8f7e1-46f2-471b-8cd8-b2e5072ab4f9,907,,SAQUE,10621.08,BRL,Expedita nulla doloribus voluptas pariatur porro.,,Peixoto,APROVADA,2026-07-25T00:16:37,2026-07-25T00:56:37,2026-07-25T23:19:00,batch_002
0f53255b-d289-40fc-bb3e-46722e11f5b7,299,,BOLETO,13578.34,BRL,Tempore quod ipsam.,,Borges,APROVADA,2026-07-19T08:28:46,2026-07-19T10:24:46,2026-07-25T23:19:00,batch_002
97c14589-4cf8-4df4-a289-22b87beb5506,1183,,PIX,10731.12,BRL,Amet odio a magnam.,,Silva,APROVADA,2026-07-22T06:43:01,2026-07-22T09:10:01,2026-07-25T23:19:00,batch_002
944ad695-13e6-4474-a6c3-28ca6afe5696,1049,,TED,8143.41,BRL,Vitae architecto numquam.,,Andrade de Nogueira,APROVADA,2026-07-25T06:58:01,2026-07-25T09:32:01,2026-07-25T23:19:00,batch_002
34aaba6b-05f6-456b-850a-104a4982f718,83,716.0,CARTAO,723.81,BRL,Hic quam earum.,Albuquerque Jesus Ltda.,Nascimento,APROVADA,2026-07-20T11:26:16,2026-07-20T14:26:16,2026-07-25T23:19:00,batch_002
f93fa11e-0cf6-4df2-961a-0a9664591168,469,,CARTAO,12735.66,BRL,A doloribus tempora eaque enim.,Vasconcelos,Novais,APROVADA,2026-07-21T16:35:08,2026-07-21T19:17:08,2026-07-25T23:19:00,batch_002
8042c3cf-1447-4c63-9b36-1ae7974b8bd2,768,,CARTAO,19497.42,BRL,Amet alias harum eligendi sequi.,Aparecida,Gonçalves,APROVADA,2026-07-23T05:09:43,2026-07-23T07:29:43,2026-07-25T23:19:00,batch_002
8d982b05-5dbb-4f30-955b-e2490c2f161d,754,,SAQUE,9698.53,BRL,Quia voluptatibus harum adipisci.,,da Cunha,APROVADA,2026-07-22T13:24:27,2026-07-22T15:58:27,2026-07-25T23:19:00,batch_002
4f179d68-c4c2-4757-bbdb-1e89baa70adb,561,895.0,CARTAO,15544.93,BRL,Veritatis rem ipsa.,Duarte,Camargo da Prata,APROVADA,2026-07-19T21:04:46,2026-07-19T23:15:46,2026-07-25T23:19:00,batch_002
3beba818-250a-463c-8602-708a2ce2bcf2,424,,PIX,14390.41,BRL,Eos fugiat in perferendis.,,Borges,NEGADA,2026-07-23T13:22:59,2026-07-23T16:08:59,2026-07-25T23:19:00,batch_002
c67ed1ab-4fbd-40c7-aed5-adbe2e21bca1,582,,SAQUE,16919.77,BRL,Repudiandae quos repellendus.,,da Rocha das Pedras,APROVADA,2026-07-24T01:00:45,2026-07-24T04:00:45,2026-07-25T23:19:00,batch_002
d8fb8563-4bf4-4926-81aa-d952e8e09470,245,,TED,3620.92,BRL,Alias animi dolorum.,,Melo,APROVADA,2026-07-25T03:04:31,2026-07-25T05:24:31,2026-07-25T23:19:00,batch_002
75fe409e-4e0f-491d-a0e4-80f726d81e5e,212,,TED,15860.13,BRL,Quibusdam deserunt error similique doloribus similique.,,Câmara de Minas,APROVADA,2026-07-20T23:47:14,2026-07-21T01:25:14,2026-07-25T23:19:00,batch_002
05f0fdad-3acc-4a3f-8768-aef3d80b3a51,1019,,BOLETO,9565.34,BRL,Velit natus cumque.,,Cardoso Alegre,APROVADA,2026-07-24T07:29:21,2026-07-24T08:33:21,2026-07-25T23:19:00,batch_002
e72f8fcb-8e00-43b2-b61a-9cdfdffb6a3f,1103,,TED,4997.29,BRL,Culpa quisquam provident minus veniam libero.,,Pereira de Goiás,APROVADA,2026-07-21T23:55:28,2026-07-22T00:18:28,2026-07-25T23:19:00,batch_002
198045fa-ab30-4e12-8232-4b67fe13a7eb,1014,,TED,2824.72,BRL,Libero ex tempora ea eum eos.,,Lima de Araújo,APROVADA,2026-07-25T01:05:01,2026-07-25T03:28:01,2026-07-25T23:19:00,batch_002
1efeb8c2-09bb-453d-b3bb-9c05547a7b28,550,143.0,CARTAO,12960.25,BRL,Magnam alias pariatur nemo praesentium.,Rios - EI,Castro,APROVADA,2026-07-20T10:05:12,2026-07-20T12:34:12,2026-07-25T23:19:00,batch_002
048f4af6-eeb6-4fa4-b0fb-5fb6afbea146,167,666.0,CARTAO,16354.6,BRL,Cumque vel rerum.,Rocha Novaes - ME,Camargo de Rezende,APROVADA,2026-07-20T12:15:52,2026-07-20T15:00:52,2026-07-25T23:19:00,batch_002
34a92651-ff28-4d40-b637-881d54545080,528,,BOLETO,3570.87,BRL,Aperiam officia sed possimus quos eveniet.,,Nascimento,APROVADA,2026-07-19T17:07:19,2026-07-19T20:05:19,2026-07-25T23:19:00,batch_002
ca4a356b-a385-47a2-826c-09918624b430,611,,CARTAO,19824.31,BRL,Dolor culpa necessitatibus.,Machado,Alves de Carvalho,APROVADA,2026-07-19T01:14:32,2026-07-19T03:06:32,2026-07-25T23:19:00,batch_002
056ec197-0e58-4a6f-b2ff-cc788fac283b,1014,,BOLETO,17636.84,BRL,Beatae rem veritatis iure.,,da Mata,APROVADA,2026-07-19T05:54:21,2026-07-19T06:13:21,2026-07-25T23:19:00,batch_002
997c59b4-a337-47d6-9033-13856f14f761,515,,TED,3296.26,BRL,Beatae magni ad quasi accusantium.,,Cassiano,NEGADA,2026-07-22T08:00:36,2026-07-22T10:35:36,2026-07-25T23:19:00,batch_002
df58f2b9-a665-40e6-81f1-09dd4e8f9810,44,,SAQUE,13217.07,BRL,Debitis aperiam laborum.,,Silveira de Goiás,APROVADA,2026-07-21T04:19:47,2026-07-21T05:34:47,2026-07-25T23:19:00,batch_002
9281d4b1-510c-4f38-9bda-8fb5ade53676,1015,,TED,4937.96,BRL,Praesentium nihil quod neque laboriosam.,,Borges do Campo,APROVADA,2026-07-25T11:48:10,2026-07-25T13:34:10,2026-07-25T23:19:00,batch_002
5d83de3f-73a8-4b5c-8b26-964216e6dae0,1109,,BOLETO,8929.2,BRL,Corporis molestiae commodi nulla.,,Pires de Rezende,APROVADA,2026-07-19T07:49:42,2026-07-19T10:29:42,2026-07-25T23:19:00,batch_002
9770622f-ba0a-45aa-970c-50343789a329,867,,SAQUE,16187.94,BRL,Omnis minus assumenda cum quod iure.,,Fogaça Paulista,APROVADA,2026-07-19T08:59:55,2026-07-19T09:22:55,2026-07-25T23:19:00,batch_002
6206140c-3172-4953-9302-aaf1b4fd7b12,1203,,TED,17740.12,BRL,Adipisci dolore ea officia tenetur.,,da Cruz,APROVADA,2026-07-19T08:21:54,2026-07-19T11:13:54,2026-07-25T23:19:00,batch_002
ef477dd9-d650-449a-b19a-b7cf173055a5,600,,TED,11766.49,BRL,Ut est sint nisi praesentium nulla.,,Teixeira,APROVADA,2026-07-23T22:30:00,2026-07-24T00:58:00,2026-07-25T23:19:00,batch_002
591fcaa7-6c26-431c-b01c-c00dba5a7bf3,749,,BOLETO,11814.56,BRL,Magni commodi assumenda facilis.,,Cunha,NEGADA,2026-07-21T20:14:05,2026-07-21T22:07:05,2026-07-25T23:19:00,batch_002
cc8d388b-da25-4a73-b465-863453c96aa5,751,,BOLETO,6910.84,BRL,Magnam assumenda reiciendis illum repudiandae at.,,Moraes,NEGADA,2026-07-24T05:49:09,2026-07-24T08:25:09,2026-07-25T23:19:00,batch_002
82dbf14a-3feb-49bb-a215-9bcb953dda9c,736,,PIX,12106.92,BRL,Assumenda nihil nihil id.,,da Paz da Serra,APROVADA,2026-07-22T06:26:47,2026-07-22T08:12:47,2026-07-25T23:19:00,batch_002
1bd331d7-ea8b-4a2e-b29f-0def02f44df9,376,,SAQUE,1321.13,BRL,Eum animi omnis laboriosam animi eum.,,da Rocha,APROVADA,2026-07-24T05:45:51,2026-07-24T06:25:51,2026-07-25T23:19:00,batch_002
6e28e726-ff11-410e-ab71-1955685e1034,1119,,BOLETO,14161.13,BRL,Ullam id modi impedit neque officia.,,da Mota da Praia,APROVADA,2026-07-22T03:10:50,2026-07-22T05:04:50,2026-07-25T23:19:00,batch_002
9f09f052-0078-499a-af8f-a0578704b17d,899,,PIX,6353.01,BRL,Explicabo beatae recusandae eligendi omnis.,,da Rosa da Praia,APROVADA,2026-07-20T02:18:44,2026-07-20T02:23:44,2026-07-25T23:19:00,batch_002
9f396422-69bc-4b4e-b129-6c182130a6a9,37,,SAQUE,14899.08,BRL,Laboriosam quam delectus laudantium doloremque fuga.,,Moreira do Galho,PENDENTE,2026-07-21T11:37:57,2026-07-21T11:57:57,2026-07-25T23:19:00,batch_002
bd506c20-e24d-4da3-8cd9-81d47b8ba463,102,,TED,6577.88,BRL,Fugit voluptatibus cupiditate.,,Silva Verde,APROVADA,2026-07-22T21:17:34,2026-07-22T23:12:34,2026-07-25T23:19:00,batch_002
e692c3eb-d6bb-40f7-9ba6-3358f045b8c7,229,,TED,7525.68,BRL,Sunt saepe nesciunt excepturi mollitia.,,Macedo,APROVADA,2026-07-20T19:19:13,2026-07-20T20:01:13,2026-07-25T23:19:00,batch_002
d9f2b794-e349-4e7a-88cf-67e071b1e013,152,,CARTAO,7605.62,BRL,Odit esse sequi impedit.,Santos - ME,Gomes do Oeste,NEGADA,2026-07-20T01:16:54,2026-07-20T02:53:54,2026-07-25T23:19:00,batch_002
b0c12d30-0bdd-463e-8534-ac9635b7fad3,608,,BOLETO,2133.97,BRL,Voluptas rerum totam occaecati voluptas.,,Mendonça,APROVADA,2026-07-24T10:40:08,2026-07-24T11:16:08,2026-07-25T23:19:00,batch_002
07fc3c81-2069-48c7-a404-dfec5d31ea76,4,,BOLETO,17221.75,BRL,Non molestias doloremque inventore.,,Barros,APROVADA,2026-07-19T02:19:21,2026-07-19T04:22:21,2026-07-25T23:19:00,batch_002
607b7cd4-1a56-4987-92b2-84159f5b5fd8,910,813.0,CARTAO,528.13,BRL,Mollitia error doloribus quia.,das Neves,da Cruz,APROVADA,2026-07-20T03:47:13,2026-07-20T05:15:13,2026-07-25T23:19:00,batch_002
81b7c7a8-1423-4a63-80f4-23c5f32f6f83,280,,SAQUE,2162.35,BRL,Consequuntur odit tempora quo placeat ducimus.,,Fonseca Paulista,APROVADA,2026-07-22T03:44:10,2026-07-22T04:57:10,2026-07-25T23:19:00,batch_002
76061045-498a-416e-957f-87ba250098f3,179,51.0,CARTAO,18355.65,BRL,Quam neque cupiditate.,da Rocha S.A.,Araújo de Souza,APROVADA,2026-07-24T10:36:13,2026-07-24T12:41:13,2026-07-25T23:19:00,batch_002
fb880c73-696c-4320-9b13-60e960db09ea,1135,,PIX,16612.98,BRL,Earum aperiam omnis perferendis.,,Camargo,APROVADA,2026-07-21T10:01:14,2026-07-21T12:58:14,2026-07-25T23:19:00,batch_002
ad03571b-e237-40af-a1ae-ce667e1ae935,897,,TED,9170.79,BRL,Dolor laudantium officia dolorem ut voluptatum.,,Cavalcanti,APROVADA,2026-07-19T02:34:08,2026-07-19T02:52:08,2026-07-25T23:19:00,batch_002
fd95d757-00f8-47df-9def-6037522444d6,198,,PIX,19800.48,BRL,Iste suscipit sed maiores accusantium quaerat.,,Costa de Sales,APROVADA,2026-07-24T16:44:10,2026-07-24T18:41:10,2026-07-25T23:19:00,batch_002
43cf148e-4b59-4e87-9944-9f4c88c04d80,883,,SAQUE,17992.82,BRL,Officiis officiis voluptate voluptas at.,,Monteiro Alegre,APROVADA,2026-07-20T14:09:06,2026-07-20T15:50:06,2026-07-25T23:19:00,batch_002
02d1eb85-8e2e-4a3e-915d-666f5c53ae58,59,,BOLETO,16412.07,BRL,Odio corporis recusandae laborum ab suscipit.,,Costa de Azevedo,APROVADA,2026-07-22T15:23:49,2026-07-22T17:31:49,2026-07-25T23:19:00,batch_002
f354bd01-43b4-4035-a0cc-85538c0d06e6,329,,BOLETO,4441.29,BRL,Eum corrupti provident odio suscipit doloremque.,,Vasconcelos Paulista,APROVADA,2026-07-21T08:42:59,2026-07-21T11:16:59,2026-07-25T23:19:00,batch_002
155f32a9-657a-4bf7-9d6b-5e4756cd95dc,724,,PIX,3726.2,BRL,Doloremque fugit delectus.,,Guerra,APROVADA,2026-07-22T07:52:14,2026-07-22T09:35:14,2026-07-25T23:19:00,batch_002
3634a84f-1549-46ca-9079-b7dfc6e936d7,985,,PIX,19699.99,BRL,Ex eius eveniet adipisci consequuntur.,,Sousa,APROVADA,2026-07-20T10:10:37,2026-07-20T10:50:37,2026-07-25T23:19:00,batch_002
ad2f5e94-a77d-4215-b4fc-ffbe609a6991,1096,,PIX,6782.56,BRL,Sunt amet assumenda totam est.,,Dias da Praia,APROVADA,2026-07-22T09:15:59,2026-07-22T10:44:59,2026-07-25T23:19:00,batch_002
8ff9fd2a-f886-4c82-982f-2614cfda1db9,637,,SAQUE,13314.6,BRL,Cum maiores iste.,,Siqueira da Prata,APROVADA,2026-07-21T02:23:23,2026-07-21T02:29:23,2026-07-25T23:19:00,batch_002
774a3bc5-b2fb-4ac1-9546-0d7363e57c7d,671,,BOLETO,8931.1,BRL,Similique quis sequi odio sapiente non.,,Santos,NEGADA,2026-07-23T15:03:32,2026-07-23T15:13:32,2026-07-25T23:19:00,batch_002
789e87dc-08b9-4c92-9f1d-4d5f674df768,201,,CARTAO,4845.16,BRL,Commodi vel ab voluptatum ratione.,Nascimento,Aparecida,APROVADA,2026-07-20T07:05:23,2026-07-20T07:10:23,2026-07-25T23:19:00,batch_002
842c0104-0c2c-454f-a75e-c4f3030198c1,1097,805.0,CARTAO,11585.79,BRL,Nulla ratione temporibus quasi accusamus.,Mendes - ME,Montenegro,APROVADA,2026-07-24T09:07:12,2026-07-24T11:51:12,2026-07-25T23:19:00,batch_002
18834084-2402-4442-9cc9-33cc00beac8b,371,,SAQUE,11793.45,BRL,Debitis dignissimos impedit ipsum.,,Barbosa de Almeida,APROVADA,2026-07-22T16:09:23,2026-07-22T16:23:23,2026-07-25T23:19:00,batch_002
5b375287-791a-449a-80e1-72968a5f2c4a,212,,SAQUE,16760.24,BRL,Dolor quae impedit nesciunt cumque.,,Alves,APROVADA,2026-07-21T00:34:02,2026-07-21T02:03:02,2026-07-25T23:19:00,batch_002
4244ca4c-372d-4657-92a6-ee65b7420fc7,500,,TED,510.12,BRL,Harum consequatur doloribus.,,Camargo do Sul,APROVADA,2026-07-21T18:29:11,2026-07-21T21:24:11,2026-07-25T23:19:00,batch_002
281e128f-05df-490c-9f24-050d42253c8a,375,,PIX,4370.66,BRL,Tempore doloremque vitae.,,Nascimento Alegre,APROVADA,2026-07-25T05:18:27,2026-07-25T06:13:27,2026-07-25T23:19:00,batch_002
028ba112-f788-462b-b604-5659907fc5ad,897,,TED,2640.32,BRL,Culpa delectus odit sunt atque.,,Silveira,APROVADA,2026-07-18T23:40:27,2026-07-19T01:05:27,2026-07-25T23:19:00,batch_002
6c006ae3-5750-47c7-92a0-14e27acc3a52,836,,PIX,8409.69,BRL,Ipsum error ipsum.,,Ferreira do Campo,APROVADA,2026-07-20T20:49:31,2026-07-20T21:07:31,2026-07-25T23:19:00,batch_002
a264e59c-7684-4dcb-a2da-f709988b8922,323,873.0,CARTAO,4901.24,BRL,Provident possimus praesentium cum.,Abreu Ltda.,Fonseca de Pires,APROVADA,2026-07-23T08:17:09,2026-07-23T09:24:09,2026-07-25T23:19:00,batch_002
59d9ba66-f271-46a2-81a2-ed5d04d6bc40,532,66.0,CARTAO,15827.18,BRL,Minus numquam nostrum exercitationem dolor neque.,Gonçalves S.A.,Montenegro do Campo,APROVADA,2026-07-23T21:09:30,2026-07-23T23:30:30,2026-07-25T23:19:00,batch_002
2d87c521-8b39-4a9b-80be-3cf2d40554f1,711,,TED,19994.38,BRL,Recusandae sunt nam.,,Cavalcanti,NEGADA,2026-07-19T08:50:17,2026-07-19T10:08:17,2026-07-25T23:19:00,batch_002
00135efe-053a-4da9-8374-02f964873009,1004,,SAQUE,2940.88,BRL,Est culpa similique.,,Vieira,APROVADA,2026-07-25T01:09:39,2026-07-25T02:09:39,2026-07-25T23:19:00,batch_002
1f709e3a-67f0-4ce4-8793-911e4faab622,534,,PIX,7683.25,BRL,Modi ipsa nam.,,Camargo,APROVADA,2026-07-21T06:52:27,2026-07-21T08:46:27,2026-07-25T23:19:00,batch_002
edac27de-8b57-439c-bbbb-c001b496a668,737,,PIX,1567.81,BRL,Amet mollitia fugiat eaque.,,Campos de Alves,APROVADA,2026-07-24T11:49:53,2026-07-24T13:04:53,2026-07-25T23:19:00,batch_002
5c98e8dd-049d-4216-8985-eef581a7f1ec,1164,567.0,CARTAO,18011.8,BRL,Ratione incidunt officiis.,Santos Castro Ltda.,Cavalcante da Serra,APROVADA,2026-07-19T03:58:14,2026-07-19T04:50:14,2026-07-25T23:19:00,batch_002
f8932f1d-ca40-4df8-84aa-7b303a4eac5c,17,,SAQUE,11173.27,BRL,Corrupti ut nihil asperiores.,,Nogueira da Mata,APROVADA,2026-07-24T14:07:22,2026-07-24T14:39:22,2026-07-25T23:19:00,batch_002
fb045294-d041-4dc2-8321-a6672fdfda72,1180,,SAQUE,7175.79,BRL,Quo quae deserunt mollitia tenetur consequatur.,,Gomes Paulista,APROVADA,2026-07-25T01:11:31,2026-07-25T03:00:31,2026-07-25T23:19:00,batch_002
b00f6246-4f4c-4921-a98f-c1befc37eacf,449,565.0,CARTAO,6787.76,BRL,Eos excepturi accusamus consectetur.,Guerra da Conceição Ltda.,Cirino,APROVADA,2026-07-19T11:04:21,2026-07-19T11:21:21,2026-07-25T23:19:00,batch_002
ed9386e3-70a5-4fc4-acfe-2ec270ab0df5,519,,CARTAO,9769.2,BRL,Sapiente ab praesentium sunt vero laudantium.,Leão Ltda.,Ferreira de Andrade,APROVADA,2026-07-19T11:20:04,2026-07-19T13:25:04,2026-07-25T23:19:00,batch_002
29e6f90b-d042-4f2f-98f6-5fa223115772,292,,BOLETO,16775.44,BRL,Deserunt ratione labore officiis.,,da Mota,APROVADA,2026-07-19T23:56:44,2026-07-20T00:40:44,2026-07-25T23:19:00,batch_002
9a10955a-7bbc-41f9-b71d-84ea6c8ce3f6,42,,CARTAO,17767.49,BRL,Explicabo veniam dolorem quibusdam nemo sint.,Monteiro - EI,Souza,APROVADA,2026-07-22T02:41:53,2026-07-22T02:55:53,2026-07-25T23:19:00,batch_002
a5b1a79e-f7cf-4f6a-be4f-1adee7e1c701,238,,CARTAO,3785.17,BRL,Dolorum occaecati iusto quia cupiditate.,Lima,Sá de Goiás,NEGADA,2026-07-24T11:08:15,2026-07-24T11:17:15,2026-07-25T23:19:00,batch_002
d1c4e8c5-d5fd-4708-9531-d6c996cee488,726,,SAQUE,12353.75,BRL,Ad fuga maiores dolorem distinctio.,,Porto,APROVADA,2026-07-23T20:12:29,2026-07-23T21:56:29,2026-07-25T23:19:00,batch_002
e31b15af-63cb-423a-9e81-b2c16a1875e9,385,,SAQUE,8029.15,BRL,Perferendis modi consectetur vero ipsum.,,Marques,NEGADA,2026-07-20T00:26:53,2026-07-20T02:45:53,2026-07-25T23:19:00,batch_002
8c6fc57b-3f85-4e89-a8ce-16c6793fcbdf,813,,SAQUE,5886.72,BRL,Amet delectus eos ipsum.,,Marques,APROVADA,2026-07-23T03:52:39,2026-07-23T04:20:39,2026-07-25T23:19:00,batch_002
1126285a-7b5e-429b-87c8-c23d4ad459bf,624,,TED,19138.18,BRL,Praesentium quo voluptatem eveniet.,,da Rosa,APROVADA,2026-07-22T18:29:26,2026-07-22T18:40:26,2026-07-25T23:19:00,batch_002
6954c31f-3613-4e69-b6a7-e3b067f6a46a,419,,TED,9451.84,BRL,Officia ab necessitatibus.,,Cardoso da Praia,APROVADA,2026-07-19T15:15:24,2026-07-19T16:34:24,2026-07-25T23:19:00,batch_002
29382d90-45ac-4ceb-ad40-2d34e6407885,1050,,PIX,6977.23,BRL,Ex accusantium et.,,Sampaio,APROVADA,2026-07-23T15:07:07,2026-07-23T17:50:07,2026-07-25T23:19:00,batch_002
98ea8f62-f9cb-4b23-892d-ad2801f9b83c,409,,BOLETO,3877.94,BRL,Fuga tenetur quaerat numquam repellendus.,,Garcia,APROVADA,2026-07-24T19:51:14,2026-07-24T22:14:14,2026-07-25T23:19:00,batch_002
76b91da4-2bd7-4f5e-bfb0-01cf6df6180e,729,,PIX,8181.8,BRL,Molestiae similique ex saepe laboriosam id.,,Abreu,APROVADA,2026-07-21T08:59:47,2026-07-21T11:17:47,2026-07-25T23:19:00,batch_002
1274a202-3957-48cf-8871-89384a1abf9c,1021,,TED,16058.87,BRL,Ut molestias natus.,,Machado do Campo,NEGADA,2026-07-18T23:48:06,2026-07-19T01:55:06,2026-07-25T23:19:00,batch_002
6a505913-45c2-47a4-a6aa-9bafcc114b2d,804,,TED,11492.33,BRL,A corrupti ex.,,Aragão Grande,APROVADA,2026-07-20T03:55:35,2026-07-20T06:35:35,2026-07-25T23:19:00,batch_002
b11d6c27-d695-4674-b1bd-a671b879d960,608,,TED,7129.05,BRL,Ducimus vitae corporis dolorum esse accusantium.,,Marques da Mata,APROVADA,2026-07-24T08:27:20,2026-07-24T10:21:20,2026-07-25T23:19:00,batch_002
900c65f5-2052-40a2-9922-8493d5a94f97,1002,,BOLETO,10385.39,BRL,Modi similique sapiente pariatur debitis dolore.,,Cirino,APROVADA,2026-07-19T01:40:14,2026-07-19T02:19:14,2026-07-25T23:19:00,batch_002
a133cbd2-53d7-45b3-9014-91183e5d5270,1102,,BOLETO,6483.81,BRL,Voluptatibus possimus maxime iusto soluta.,,da Conceição,APROVADA,2026-07-23T06:17:31,2026-07-23T07:16:31,2026-07-25T23:19:00,batch_002
5e2b30b1-0ee6-4ddf-8373-246d6eecf7e0,129,,CARTAO,7330.48,BRL,Similique cum officia.,Jesus Marques S.A.,Fernandes,APROVADA,2026-07-24T22:54:24,2026-07-24T23:56:24,2026-07-25T23:19:00,batch_002
dc7915fb-cb44-4c38-8c17-83542a9e5686,610,,PIX,13645.24,BRL,Minima quae ullam reiciendis accusamus.,,Ribeiro das Flores,APROVADA,2026-07-23T15:11:34,2026-07-23T17:04:34,2026-07-25T23:19:00,batch_002
30363092-0359-4330-9dc1-a0e2b568a5de,532,,SAQUE,15664.05,BRL,Nihil corporis deleniti quod aliquid harum.,,Pastor,APROVADA,2026-07-24T18:16:01,2026-07-24T19:43:01,2026-07-25T23:19:00,batch_002
a8da1e57-3b31-456c-ab8e-e03d39d33815,328,,SAQUE,18613.97,BRL,Sint dolores asperiores et adipisci reiciendis.,,Peixoto da Prata,APROVADA,2026-07-21T21:02:31,2026-07-21T22:58:31,2026-07-25T23:19:00,batch_002
d0582143-8908-4edc-8bfe-e1ca5e64d3bb,62,,CARTAO,1364.96,BRL,Nesciunt veritatis exercitationem vel dignissimos.,Costa S/A,Gonçalves da Mata,APROVADA,2026-07-21T17:24:18,2026-07-21T20:01:18,2026-07-25T23:19:00,batch_002
f79a50e1-bf0d-48a7-ac8e-b1a295ead6f1,472,,TED,4830.92,BRL,Dolorem tempora assumenda.,,Casa Grande,APROVADA,2026-07-24T13:54:13,2026-07-24T14:43:13,2026-07-25T23:19:00,batch_002
92f91d1d-e67e-4043-a1fe-347bf154ccb5,456,,TED,6140.82,BRL,Nulla architecto error.,,Camargo,APROVADA,2026-07-21T07:12:02,2026-07-21T08:14:02,2026-07-25T23:19:00,batch_002
3417a652-31c4-4816-ac7e-b1b34aa3b237,833,71.0,CARTAO,5596.01,BRL,Doloribus reprehenderit nihil ipsam.,Silva,Fernandes da Praia,APROVADA,2026-07-23T17:24:08,2026-07-23T20:12:08,2026-07-25T23:19:00,batch_002
72d578e7-184f-4847-ba32-737e9038ee3f,1083,,SAQUE,10262.42,BRL,Similique quos quas.,,Aragão,PENDENTE,2026-07-25T06:21:49,2026-07-25T07:07:49,2026-07-25T23:19:00,batch_002
1cf8d532-23ae-408f-9e13-87edfb981ee3,1039,775.0,CARTAO,7641.35,BRL,Rem laborum voluptates fugiat expedita.,Cassiano Barbosa S/A,Garcia,APROVADA,2026-07-20T01:33:06,2026-07-20T02:02:06,2026-07-25T23:19:00,batch_002
04e173a4-48ee-4d36-9fac-8dbbe1a54d3a,72,,CARTAO,12458.44,BRL,Repellendus porro eos dolorum.,Cirino da Cruz S.A.,das Neves de da Paz,APROVADA,2026-07-21T17:11:59,2026-07-21T19:50:59,2026-07-25T23:19:00,batch_002
f6329a5a-c5f3-45de-96e3-f6d8f73b0552,50,,SAQUE,18861.84,BRL,Quasi consectetur repudiandae totam iure.,,Azevedo Grande,APROVADA,2026-07-22T14:53:15,2026-07-22T17:01:15,2026-07-25T23:19:00,batch_002
6b2d5d58-9ebd-4a5d-89be-bf85dc95d6eb,751,,TED,9123.53,BRL,Minus perspiciatis autem vitae.,,da Costa da Serra,APROVADA,2026-07-24T01:16:36,2026-07-24T02:06:36,2026-07-25T23:19:00,batch_002
8f2601a9-ffb7-4133-a906-f919eea2cbc5,919,,BOLETO,4394.98,BRL,Esse tenetur accusamus accusantium.,,da Luz do Sul,APROVADA,2026-07-19T07:20:15,2026-07-19T10:04:15,2026-07-25T23:19:00,batch_002
536860c6-78c8-4dee-ac90-7928fe39274b,841,422.0,CARTAO,17293.31,BRL,Ratione omnis ipsum.,Gomes S/A,Sampaio,PENDENTE,2026-07-20T22:29:03,2026-07-20T23:55:03,2026-07-25T23:19:00,batch_002
fc4b02ae-b0b2-4a70-b90e-e8283f498ec3,583,,TED,7862.54,BRL,Corrupti tenetur facilis.,,da Mata de Moura,APROVADA,2026-07-22T09:45:09,2026-07-22T12:04:09,2026-07-25T23:19:00,batch_002
cb87d001-605a-4095-b663-7b73a17ba5e5,749,,SAQUE,11592.23,BRL,Rerum dolore inventore.,,Nunes,APROVADA,2026-07-21T20:32:16,2026-07-21T21:33:16,2026-07-25T23:19:00,batch_002
b2c64c6e-2467-4e13-863c-426702083b78,512,,SAQUE,5363.15,BRL,Aperiam accusantium soluta.,,Ferreira,APROVADA,2026-07-24T15:16:38,2026-07-24T16:20:38,2026-07-25T23:19:00,batch_002
3814d702-8327-4762-bc5d-e2dc8bc70eab,891,,TED,1318.07,BRL,Voluptates velit ex magni natus debitis.,,Sampaio do Amparo,APROVADA,2026-07-25T11:49:52,2026-07-25T14:36:52,2026-07-25T23:19:00,batch_002
6c3b7d87-0554-48dc-8cd1-0f5510685946,109,,CARTAO,18604.34,BRL,Nemo saepe excepturi nam rerum.,Novaes,Pinto,APROVADA,2026-07-24T04:09:41,2026-07-24T06:07:41,2026-07-25T23:19:00,batch_002
1e164eb3-ee4f-41c8-a756-dbf5504db70b,1121,,SAQUE,18289.11,BRL,Explicabo excepturi molestiae sequi consequuntur.,,Moura da Mata,APROVADA,2026-07-19T18:22:43,2026-07-19T21:00:43,2026-07-25T23:19:00,batch_002
ebcb43a6-9870-42e9-939d-7f361d82f1bb,978,,TED,679.33,BRL,Officiis doloremque non a.,,Dias da Prata,APROVADA,2026-07-25T22:39:05,2026-07-26T01:30:05,2026-07-25T23:19:00,batch_002
81e15bef-cb7e-4219-a3fb-c4926d356cc6,98,,BOLETO,18565.9,BRL,Quam beatae suscipit doloremque explicabo.,,da Paz,APROVADA,2026-07-20T07:55:56,2026-07-20T09:42:56,2026-07-25T23:19:00,batch_002
ec1aadfc-d3f0-4e39-a4a5-6ee2790ac3c1,1126,,TED,14289.5,BRL,Ipsa id voluptatibus quia atque odio.,,Silveira,NEGADA,2026-07-24T00:24:32,2026-07-24T01:44:32,2026-07-25T23:19:00,batch_002
2f8122b7-0983-4a60-8526-419c378815a7,896,,BOLETO,361.07,BRL,At consequuntur ex omnis.,,da Costa de Sousa,APROVADA,2026-07-23T18:59:34,2026-07-23T19:16:34,2026-07-25T23:19:00,batch_002
3499c981-0a84-4d27-b43b-032ab76bbb04,680,,SAQUE,10647.36,BRL,Earum eum sed ullam consequatur distinctio.,,Freitas,APROVADA,2026-07-21T21:03:45,2026-07-21T23:09:45,2026-07-25T23:19:00,batch_002
3da4778a-ad35-42d0-b1dc-5bc403af3d67,679,,BOLETO,19053.29,BRL,Iste corporis nobis cum impedit.,,Farias de Goiás,NEGADA,2026-07-24T08:11:27,2026-07-24T08:50:27,2026-07-25T23:19:00,batch_002
f23e22ea-c92f-44a6-bc06-4049541bb3ee,909,,BOLETO,2710.62,BRL,Totam doloremque explicabo deleniti iusto.,,Campos,APROVADA,2026-07-20T17:30:52,2026-07-20T19:57:52,2026-07-25T23:19:00,batch_002
d34ffd1d-2679-4b06-b484-6c6e4e031f48,535,,SAQUE,4414.99,BRL,Iste ex accusamus in voluptate et.,,Silva,APROVADA,2026-07-19T02:49:51,2026-07-19T03:56:51,2026-07-25T23:19:00,batch_002
96ca9060-de3d-4916-9527-537650ff7a40,81,889.0,CARTAO,14259.81,BRL,Nesciunt eveniet assumenda minima praesentium.,Lima Nascimento - ME,Camargo das Pedras,NEGADA,2026-07-23T19:47:14,2026-07-23T22:11:14,2026-07-25T23:19:00,batch_002
2de8c9c2-6d8e-4028-8234-08e605252f9e,194,,SAQUE,10423.39,BRL,Possimus voluptas totam exercitationem beatae.,,Fernandes Alegre,NEGADA,2026-07-23T23:44:50,2026-07-24T00:20:50,2026-07-25T23:19:00,batch_002
295db749-ff07-41a7-8446-2d3d153c7cee,112,,BOLETO,17479.44,BRL,Accusamus ad incidunt quo vero fugit.,,Barros,APROVADA,2026-07-21T17:39:29,2026-07-21T18:46:29,2026-07-25T23:19:00,batch_002
a78d9446-8ad5-4c7d-9545-877f007d7859,1215,,SAQUE,1231.27,BRL,Distinctio reiciendis magnam quos reiciendis.,,Moura Verde,APROVADA,2026-07-24T15:32:28,2026-07-24T18:10:28,2026-07-25T23:19:00,batch_002
8c8423b3-d05d-4910-91e4-2a24996a7227,1138,,BOLETO,5205.62,BRL,Doloribus odit ab.,,Vasconcelos do Oeste,APROVADA,2026-07-25T20:28:42,2026-07-25T20:50:42,2026-07-25T23:19:00,batch_002
3d536cbf-6d8e-4db0-b2dd-a0d9573816d9,361,,CARTAO,2942.06,BRL,Voluptatibus magni minus.,Mendes S.A.,Leão Paulista,APROVADA,2026-07-19T07:31:19,2026-07-19T09:00:19,2026-07-25T23:19:00,batch_002
2b5a1df1-df64-44ac-8706-805759aab0d8,260,,PIX,2751.62,BRL,Quia libero nesciunt sunt.,,Leão de Moreira,NEGADA,2026-07-20T10:47:14,2026-07-20T13:06:14,2026-07-25T23:19:00,batch_002
b5fe9b96-15d3-471d-8ec6-e1f7e223f8af,755,,CARTAO,5981.52,BRL,Corrupti excepturi cumque.,Novaes Pereira S/A,Fonseca Verde,APROVADA,2026-07-21T18:47:53,2026-07-21T20:06:53,2026-07-25T23:19:00,batch_002
ce286bf8-4d87-4f09-8fce-a1e0a3c6efa9,273,,PIX,8254.26,BRL,Libero velit quibusdam commodi.,,Nascimento dos Dourados,APROVADA,2026-07-19T14:09:37,2026-07-19T15:42:37,2026-07-25T23:19:00,batch_002
9011f21f-d11b-4f2a-a0f6-c523c64fd72a,1090,,PIX,5626.57,BRL,Maiores recusandae esse tenetur.,,Alves de Silveira,APROVADA,2026-07-22T18:19:04,2026-07-22T20:36:04,2026-07-25T23:19:00,batch_002
8a556029-2c5f-4fb2-a5ca-6a32ceb26968,737,,CARTAO,13377.42,BRL,Laboriosam voluptate magnam at culpa saepe.,Alves,Cardoso,APROVADA,2026-07-19T21:07:06,2026-07-19T23:08:06,2026-07-25T23:19:00,batch_002
0f0c17df-50bc-43d0-b692-90ada33b1121,1090,,BOLETO,4457.27,BRL,Eaque explicabo veniam voluptatibus est ratione.,,Alves,APROVADA,2026-07-20T23:39:59,2026-07-21T00:55:59,2026-07-25T23:19:00,batch_002
0b3d553d-0b4e-48e8-9747-d9fbc113b75d,1213,,SAQUE,1092.1,BRL,Assumenda similique assumenda.,,Sales da Mata,APROVADA,2026-07-22T22:18:09,2026-07-23T00:21:09,2026-07-25T23:19:00,batch_002
acedd30a-4c38-4359-a0eb-5be1e85d193a,206,,PIX,287.44,BRL,Consequuntur excepturi beatae vel provident.,,Barros,APROVADA,2026-07-23T20:51:26,2026-07-23T23:45:26,2026-07-25T23:19:00,batch_002
ad6fd285-3b6d-42cd-b23a-f50bf79d8354,324,,TED,13906.69,BRL,Earum id fugit.,,Macedo de Abreu,APROVADA,2026-07-24T11:11:38,2026-07-24T12:24:38,2026-07-25T23:19:00,batch_002
c3c61d0a-7c57-461b-a4e1-0b3a5c129028,242,,TED,19513.76,BRL,Quasi aperiam quisquam exercitationem.,,Borges do Norte,APROVADA,2026-07-21T17:14:44,2026-07-21T19:11:44,2026-07-25T23:19:00,batch_002
1096554a-6611-4200-8685-c4a07a916764,265,,BOLETO,4272.09,BRL,Optio animi nesciunt nesciunt.,,Rezende,APROVADA,2026-07-21T21:27:11,2026-07-21T22:35:11,2026-07-25T23:19:00,batch_002
c9e1ece1-f843-4b49-acc0-907a9a8c421c,97,740.0,CARTAO,6605.74,BRL,Maiores ipsa quam ab adipisci.,Viana,Moreira,APROVADA,2026-07-23T10:50:29,2026-07-23T11:39:29,2026-07-25T23:19:00,batch_002
53f8bb11-9701-48a5-9480-3604c9352b34,615,,PIX,269.22,BRL,Vero quas dolorem.,,da Cunha Alegre,APROVADA,2026-07-23T02:48:20,2026-07-23T04:57:20,2026-07-25T23:19:00,batch_002
e81275bd-560d-4686-b25c-011adcb0a826,860,,SAQUE,9680.33,BRL,Suscipit aut eum fugiat.,,Lopes,NEGADA,2026-07-22T10:03:36,2026-07-22T10:47:36,2026-07-25T23:19:00,batch_002
8d8b7e0a-dc03-4ad1-8024-ca80d184290e,682,,TED,18684.61,BRL,Consequuntur dolorem tempora.,,Câmara,APROVADA,2026-07-21T19:13:33,2026-07-21T22:03:33,2026-07-25T23:19:00,batch_002
151f25bb-abb2-40a1-8f18-be9ae041661c,378,,BOLETO,15384.28,BRL,Molestias magnam distinctio esse.,,Campos Alegre,APROVADA,2026-07-22T09:16:42,2026-07-22T12:06:42,2026-07-25T23:19:00,batch_002
ff98f7ca-e739-4c20-a685-e2cb0f880cee,557,,TED,7369.53,BRL,Perspiciatis nostrum excepturi sed fugiat.,,da Cruz,APROVADA,2026-07-24T23:28:14,2026-07-25T01:26:14,2026-07-25T23:19:00,batch_002
37bd3b2d-2d81-457d-921c-e787b242007c,1072,,TED,15799.08,BRL,Dolorem possimus tempora dolor eum itaque voluptates.,,Mendonça da Serra,APROVADA,2026-07-24T13:00:21,2026-07-24T14:42:21,2026-07-25T23:19:00,batch_002
af84e3b9-73cd-411e-ba03-6188b29a24b1,1035,,PIX,9159.33,BRL,Tempora quasi debitis voluptatem.,,Novais das Pedras,NEGADA,2026-07-21T09:10:11,2026-07-21T10:52:11,2026-07-25T23:19:00,batch_002
466f567b-f59b-4ea4-b9a7-3283a5dcb6a1,476,,SAQUE,9579.32,BRL,Accusantium eum ipsum at magnam.,,Monteiro de Aparecida,APROVADA,2026-07-23T12:34:46,2026-07-23T13:29:46,2026-07-25T23:19:00,batch_002
012cff7c-ec9d-4f09-bf0b-24d3f58906ff,903,,TED,15267.66,BRL,Alias blanditiis sapiente inventore deleniti.,,Duarte do Norte,APROVADA,2026-07-25T20:19:18,2026-07-25T21:28:18,2026-07-25T23:19:00,batch_002
ffbbe324-1eb5-4adb-9e17-3462ccee153f,29,,TED,3504.16,BRL,Ipsa explicabo eius odio dicta sint.,,Jesus das Flores,APROVADA,2026-07-20T22:50:53,2026-07-21T01:34:53,2026-07-25T23:19:00,batch_002
2cbf824a-1c34-416e-84ed-ea6425c63e53,660,,PIX,12801.92,BRL,Molestias voluptas sequi qui.,,Novais de Nascimento,APROVADA,2026-07-25T11:18:59,2026-07-25T11:20:59,2026-07-25T23:19:00,batch_002
1b69da83-662d-4f49-9e9d-48bb5be775fd,586,,BOLETO,3872.05,BRL,Ullam hic aspernatur inventore aspernatur necessitatibus.,,das Neves,NEGADA,2026-07-23T02:54:46,2026-07-23T05:13:46,2026-07-25T23:19:00,batch_002
cb73f3f0-5130-43ce-a923-72dea9643be9,644,,PIX,5126.95,BRL,Laborum deserunt quo sapiente.,,Cavalcante,NEGADA,2026-07-20T10:52:06,2026-07-20T11:18:06,2026-07-25T23:19:00,batch_002
975b7fea-09b1-4151-a2b0-b504cfee7c41,826,,BOLETO,18591.55,BRL,Accusamus accusantium at dolores.,,Carvalho das Flores,APROVADA,2026-07-20T18:42:56,2026-07-20T21:28:56,2026-07-25T23:19:00,batch_002
e43d8b56-9c38-4598-a6c3-a02ba6bb54c6,183,,PIX,9191.51,BRL,Occaecati enim dolore maxime hic sequi facere.,,Albuquerque,APROVADA,2026-07-19T20:22:03,2026-07-19T21:05:03,2026-07-25T23:19:00,batch_002
adb7435b-6f7f-4a1e-b9ed-8182817fe088,814,,CARTAO,18522.97,BRL,At maxime perferendis.,Duarte,da Costa do Amparo,APROVADA,2026-07-20T14:14:37,2026-07-20T16:04:37,2026-07-25T23:19:00,batch_002
6ae9729b-00f8-43e4-9253-1b8290de53ab,1068,847.0,CARTAO,8078.27,BRL,Eos distinctio nostrum voluptatibus quam.,Pereira Guerra Ltda.,Ramos de da Mata,APROVADA,2026-07-20T05:11:51,2026-07-20T07:40:51,2026-07-25T23:19:00,batch_002
d1288a92-fd8f-430e-83a7-4ed3c6d78fae,946,,PIX,17603.29,BRL,Illum voluptatibus quasi unde vitae error.,,Rios do Oeste,APROVADA,2026-07-21T02:27:17,2026-07-21T04:11:17,2026-07-25T23:19:00,batch_002
fc6d69a8-6cf7-47a6-ab48-2e4909a691cf,973,,PIX,17415.53,BRL,Repudiandae quo maxime neque fuga.,,da Mota Paulista,NEGADA,2026-07-19T19:27:53,2026-07-19T22:12:53,2026-07-25T23:19:00,batch_002
90502781-4429-468c-b774-b3bf9157c2d5,529,,BOLETO,14189.12,BRL,Magnam similique rem vel temporibus voluptates.,,da Mata do Galho,APROVADA,2026-07-19T13:08:44,2026-07-19T13:27:44,2026-07-25T23:19:00,batch_002
081d773c-b7f0-40e5-b4b2-8aea9acb3614,140,,SAQUE,7619.44,BRL,Doloribus aut deleniti accusantium aliquid.,,Leão do Oeste,APROVADA,2026-07-23T00:24:45,2026-07-23T03:08:45,2026-07-25T23:19:00,batch_002
0e0363aa-24b6-49a8-888b-73ffcee3c437,405,,CARTAO,12731.48,BRL,Quaerat delectus numquam necessitatibus.,Casa Grande,Sampaio de Pacheco,APROVADA,2026-07-23T04:45:05,2026-07-23T05:26:05,2026-07-25T23:19:00,batch_002
8c9ebdea-0b25-43d1-be12-282cf475d9b4,61,,PIX,1187.96,BRL,Cupiditate cupiditate similique.,,Siqueira dos Dourados,APROVADA,2026-07-23T13:37:41,2026-07-23T16:27:41,2026-07-25T23:19:00,batch_002
709910a4-aef1-4497-ab27-ddf2af59626a,84,,BOLETO,19654.37,BRL,Facere excepturi esse.,,Souza de Novaes,APROVADA,2026-07-25T07:11:08,2026-07-25T07:39:08,2026-07-25T23:19:00,batch_002
1b29f6ea-6437-44f2-951c-09f13f8f5515,458,,PIX,952.86,BRL,Cumque placeat explicabo deserunt dolores iste.,,Camargo da Prata,APROVADA,2026-07-19T22:46:47,2026-07-19T23:31:47,2026-07-25T23:19:00,batch_002
d9674e5c-ec5b-45fe-99a2-f775c0465469,1161,,SAQUE,7224.8,BRL,Placeat in doloremque.,,Marques de Castro,APROVADA,2026-07-20T19:02:54,2026-07-20T20:43:54,2026-07-25T23:19:00,batch_002
43d0a24d-5869-4a09-bacb-6e4e3b8c4d58,1220,,SAQUE,18805.6,BRL,Officiis ipsam illum voluptatum.,,Vasconcelos,APROVADA,2026-07-19T18:48:02,2026-07-19T20:44:02,2026-07-25T23:19:00,batch_002
373f6096-7cbb-45b9-917d-33ec6763e571,742,,CARTAO,16870.45,BRL,A expedita sequi fugit dicta excepturi.,Duarte Duarte e Filhos,Duarte das Flores,APROVADA,2026-07-21T13:39:25,2026-07-21T14:26:25,2026-07-25T23:19:00,batch_002
2949b81f-1951-4f2e-8081-85df8e04a611,384,,PIX,18806.62,BRL,Debitis repellat dolore nostrum.,,Costa Grande,APROVADA,2026-07-19T11:38:39,2026-07-19T12:08:39,2026-07-25T23:19:00,batch_002
a2e813be-7c0b-4d5b-b2a8-aba52bf1d826,677,487.0,CARTAO,3740.3,BRL,Ratione quam ipsum accusantium et.,Andrade,Montenegro,APROVADA,2026-07-22T02:01:56,2026-07-22T02:25:56,2026-07-25T23:19:00,batch_002
4d6d27fb-72de-4de3-af70-14eca11d267a,148,,SAQUE,10642.55,BRL,Rerum itaque iusto.,,Silva,APROVADA,2026-07-24T08:00:40,2026-07-24T09:47:40,2026-07-25T23:19:00,batch_002
432f7784-f5df-41d3-88bf-b347eb1abc86,30,,SAQUE,19900.16,BRL,Sunt tenetur magni assumenda nobis itaque.,,Cavalcante de Minas,APROVADA,2026-07-20T02:05:27,2026-07-20T03:39:27,2026-07-25T23:19:00,batch_002
2d77a7f3-64f1-4ca2-a8a5-601711a305da,1060,,PIX,10308.77,BRL,Illo aperiam asperiores.,,da Rosa das Pedras,APROVADA,2026-07-21T19:46:48,2026-07-21T19:47:48,2026-07-25T23:19:00,batch_002
61d0910d-45ed-498f-87af-f8ac6a2926cc,510,,TED,16511.62,BRL,Dolore aliquam molestiae temporibus in.,,Souza da Serra,APROVADA,2026-07-25T11:35:24,2026-07-25T13:10:24,2026-07-25T23:19:00,batch_002
89179345-cf52-4f91-b769-7985432fbe5f,1014,,TED,4025.53,BRL,Est molestiae alias iste beatae.,,Porto de Aragão,APROVADA,2026-07-22T23:39:23,2026-07-23T02:25:23,2026-07-25T23:19:00,batch_002
de6a5efb-2efd-4773-b420-ec9d32bfb398,653,,SAQUE,3842.14,BRL,Impedit necessitatibus natus.,,Vieira do Campo,APROVADA,2026-07-23T19:19:20,2026-07-23T20:46:20,2026-07-25T23:19:00,batch_002
b3b7de66-0baa-4e1a-beb7-9f9ffdfbafbe,1007,,PIX,2705.44,BRL,Nostrum sed soluta.,,Monteiro,APROVADA,2026-07-19T17:36:34,2026-07-19T20:06:34,2026-07-25T23:19:00,batch_002
62a52254-d8b0-4288-90b0-c9e9edd7d98b,680,,PIX,17806.93,BRL,Ut minima at.,,Cardoso,APROVADA,2026-07-19T13:02:07,2026-07-19T15:19:07,2026-07-25T23:19:00,batch_002
c756e7dc-7432-4d52-9a24-6e6ad57cbc9d,602,875.0,CARTAO,18125.58,BRL,Laborum mollitia quo aliquam totam.,Caldeira Sousa S/A,Brito,APROVADA,2026-07-24T03:37:32,2026-07-24T06:31:32,2026-07-25T23:19:00,batch_002
0d5364d2-d7fb-43f1-8124-e7ff58b0148d,20,,SAQUE,7199.65,BRL,Fugiat error minima.,,Casa Grande dos Dourados,APROVADA,2026-07-20T05:51:17,2026-07-20T06:23:17,2026-07-25T23:19:00,batch_002
d1473b54-a4c7-499f-bb58-c38fd3ff5c6f,479,,SAQUE,5333.98,BRL,Provident architecto iste placeat deserunt.,,Cirino,NEGADA,2026-07-21T17:27:42,2026-07-21T19:46:42,2026-07-25T23:19:00,batch_002
156665b2-4056-436c-b367-2e35798a51d6,68,,SAQUE,1781.45,BRL,Molestiae voluptates magnam excepturi vitae laboriosam.,,Aragão de Brito,APROVADA,2026-07-22T01:59:17,2026-07-22T03:51:17,2026-07-25T23:19:00,batch_002
e9c895f4-3f78-4f3a-a8e5-d144ca5862c0,1091,,SAQUE,1360.01,BRL,Quasi neque ipsum illo officia.,,Costa Paulista,APROVADA,2026-07-23T16:29:23,2026-07-23T16:49:23,2026-07-25T23:19:00,batch_002
96aaa831-2973-4686-ab7f-f59b251b7da8,1206,904.0,CARTAO,9598.08,BRL,At quibusdam odit excepturi incidunt cumque.,Melo,Nunes,APROVADA,2026-07-24T04:05:15,2026-07-24T06:11:15,2026-07-25T23:19:00,batch_002
c6b52ace-dff4-4a37-afd3-ae76956b5862,128,,SAQUE,12207.38,BRL,Eveniet ratione dolorem nulla eius eum.,,Santos Alegre,APROVADA,2026-07-25T01:17:27,2026-07-25T02:01:27,2026-07-25T23:19:00,batch_002
bc968d41-c38d-4482-a548-002a3f6e673f,1214,902.0,CARTAO,3272.44,BRL,Eos fugiat voluptatem odio.,da Cunha Nascimento S.A.,Santos,APROVADA,2026-07-19T02:38:22,2026-07-19T05:36:22,2026-07-25T23:19:00,batch_002
0391f7ec-6d91-426b-a3fa-a3c1a64e0dbf,308,,PIX,9467.93,BRL,Nisi ratione vel.,,Teixeira,APROVADA,2026-07-22T12:17:22,2026-07-22T12:59:22,2026-07-25T23:19:00,batch_002
07c74f2f-e5c8-428e-8f52-8cb7286d56ad,179,,BOLETO,14069.35,BRL,Enim sint ipsam dolore magni voluptas.,,Caldeira,APROVADA,2026-07-21T15:42:30,2026-07-21T16:58:30,2026-07-25T23:19:00,batch_002
a3373197-db14-46ba-933e-c9e917fa5e82,308,,PIX,13613.79,BRL,Alias labore corporis nulla velit fugit.,,Araújo de Minas,APROVADA,2026-07-23T22:28:28,2026-07-24T00:06:28,2026-07-25T23:19:00,batch_002
8372a377-edb2-42a0-9aa9-ca9bb9262566,182,,BOLETO,11802.07,BRL,Quos eaque nisi soluta neque unde.,,Brito,APROVADA,2026-07-22T16:16:05,2026-07-22T17:21:05,2026-07-25T23:19:00,batch_002
f7caff7b-d174-4407-8729-fd546575fe92,671,,TED,3113.31,BRL,Aspernatur ratione incidunt.,,Rios de Goiás,APROVADA,2026-07-20T01:58:15,2026-07-20T02:10:15,2026-07-25T23:19:00,batch_002
8823ccf9-b27b-4182-8b15-4c77e2468c22,150,,SAQUE,219.64,BRL,Quaerat eligendi nisi.,,Ferreira,APROVADA,2026-07-22T04:24:52,2026-07-22T07:16:52,2026-07-25T23:19:00,batch_002
2d4e766b-daa5-42a2-a638-cc7a32bd202a,637,,TED,16502.87,BRL,Esse at dicta quo quis dicta.,,Lopes,APROVADA,2026-07-22T01:37:39,2026-07-22T03:44:39,2026-07-25T23:19:00,batch_002
81706187-3656-4566-a7e4-03eda2f54e8c,471,,SAQUE,13389.22,BRL,Quas dolores veritatis eveniet earum.,,Rios,NEGADA,2026-07-22T00:35:23,2026-07-22T02:11:23,2026-07-25T23:19:00,batch_002
d78978c8-a49e-4760-b7c6-ac75e3bd5fda,916,,BOLETO,8055.96,BRL,Deserunt soluta doloremque animi.,,Pastor,APROVADA,2026-07-22T16:37:22,2026-07-22T17:35:22,2026-07-25T23:19:00,batch_002
19bdf3e7-eeee-44cf-bde0-5f64fd0710b2,961,,PIX,11144.27,BRL,Quisquam fugit vel quibusdam nihil qui.,,Barbosa,APROVADA,2026-07-22T22:11:54,2026-07-22T22:51:54,2026-07-25T23:19:00,batch_002
cb42d72c-0674-4a26-9dca-dc35d93cd9ff,1013,,BOLETO,19840.54,BRL,Beatae illum pariatur fuga itaque.,,Guerra Verde,APROVADA,2026-07-24T15:01:09,2026-07-24T16:09:09,2026-07-25T23:19:00,batch_002
45da4b57-b368-474d-9d8a-e5e48d6c10b6,409,,TED,6766.23,BRL,Illum nesciunt voluptas iste necessitatibus iure.,,das Neves,APROVADA,2026-07-23T23:04:19,2026-07-23T23:42:19,2026-07-25T23:19:00,batch_002
793ce724-7d4f-4af6-88f0-44b85424a55d,932,,TED,11247.72,BRL,Fugit molestias corporis.,,Pimenta de Oliveira,APROVADA,2026-07-19T09:36:40,2026-07-19T10:36:40,2026-07-25T23:19:00,batch_002
98596e86-bc3b-4c44-a921-e49bc4df8e5d,946,,TED,19827.05,BRL,Vero deleniti cumque ex.,,Carvalho,APROVADA,2026-07-21T12:05:40,2026-07-21T14:36:40,2026-07-25T23:19:00,batch_002
e1d2bc40-3210-4afb-ad89-7e4b35a4c3dd,601,,SAQUE,5101.28,BRL,Fuga earum adipisci est.,,Sales,NEGADA,2026-07-23T02:04:40,2026-07-23T04:38:40,2026-07-25T23:19:00,batch_002
320b3451-583d-42d4-998a-07198c55f2d3,709,,TED,19747.46,BRL,Dolore ipsa eos consectetur itaque.,,Sampaio de Aparecida,APROVADA,2026-07-25T11:59:06,2026-07-25T13:04:06,2026-07-25T23:19:00,batch_002
d8c5b119-6b42-4a59-85eb-bee3e4a78eb5,1019,,PIX,19873.82,BRL,Nesciunt numquam id repellendus fuga sed.,,Vargas Grande,APROVADA,2026-07-19T03:03:00,2026-07-19T03:09:00,2026-07-25T23:19:00,batch_002
f4b3d3bd-f871-47dc-87ce-e9f340e8b511,986,,SAQUE,11570.04,BRL,Nam iure magni repellat deleniti error.,,Marques Grande,APROVADA,2026-07-22T20:48:30,2026-07-22T20:54:30,2026-07-25T23:19:00,batch_002
093b007b-c403-463c-a3b6-5ae34aebd22b,725,,TED,14131.69,BRL,Reprehenderit tempora laborum quibusdam cumque aliquam.,,Melo,APROVADA,2026-07-25T19:46:30,2026-07-25T22:45:30,2026-07-25T23:19:00,batch_002
b24a09ed-1565-48ac-a759-03a919a88d76,476,,BOLETO,1198.63,BRL,Consequatur atque similique repudiandae.,,Pacheco,APROVADA,2026-07-25T12:07:04,2026-07-25T14:21:04,2026-07-25T23:19:00,batch_002
b3c5a5db-ed2e-4c6f-b975-a23aa2fb7135,387,,BOLETO,6750.75,BRL,Error beatae illum maiores.,,Oliveira,APROVADA,2026-07-22T06:50:10,2026-07-22T08:38:10,2026-07-25T23:19:00,batch_002
01727be8-aa3f-4110-89b3-74ae6204bb8f,973,,TED,7819.84,BRL,Incidunt exercitationem fugit.,,Cavalcanti,NEGADA,2026-07-20T10:41:36,2026-07-20T12:59:36,2026-07-25T23:19:00,batch_002
4b8c5791-7609-4ae3-8b73-26a8cb4947f1,1104,,PIX,14853.45,BRL,Possimus minus explicabo voluptatem.,,Montenegro,PENDENTE,2026-07-24T11:00:01,2026-07-24T13:43:01,2026-07-25T23:19:00,batch_002
75b54d89-a187-4020-b3a9-99c31916ab21,728,,CARTAO,15566.48,BRL,Eos accusantium quis earum.,da Rocha - EI,Moura das Pedras,APROVADA,2026-07-23T21:56:34,2026-07-23T23:54:34,2026-07-25T23:19:00,batch_002
f0f13d70-a2dd-4e83-bc26-d625486081b2,152,,CARTAO,5053.44,BRL,Optio molestias alias laborum exercitationem.,Abreu Rios e Filhos,Costela de Gomes,APROVADA,2026-07-19T15:17:01,2026-07-19T18:01:01,2026-07-25T23:19:00,batch_002
dcbc95af-d4f6-4a57-91ce-df4acecb3da9,315,,PIX,19732.07,BRL,Dolor quis ea vel.,,Pires,APROVADA,2026-07-19T08:39:40,2026-07-19T10:44:40,2026-07-25T23:19:00,batch_002
c074feca-7c15-413f-a31e-57bf6febca7e,62,,PIX,7210.65,BRL,Modi sed reprehenderit sunt recusandae.,,Costela das Flores,APROVADA,2026-07-21T07:38:12,2026-07-21T08:49:12,2026-07-25T23:19:00,batch_002
1c172aaa-823a-49b0-a0d6-aa2aad9fb1a8,1126,,PIX,9913.93,BRL,Enim inventore iure necessitatibus.,,Sousa,APROVADA,2026-07-21T12:39:03,2026-07-21T14:29:03,2026-07-25T23:19:00,batch_002
4a6ecf8c-75de-4995-9930-97562599cf11,235,,PIX,11742.6,BRL,Dolores consectetur dolor excepturi.,,Costa,APROVADA,2026-07-19T15:18:01,2026-07-19T16:44:01,2026-07-25T23:19:00,batch_002
f0342c7b-4cee-4efc-9ef5-e06fe3eccac2,865,,TED,8012.5,BRL,Consectetur rem recusandae cum amet adipisci.,,Silveira do Oeste,APROVADA,2026-07-19T17:51:28,2026-07-19T18:03:28,2026-07-25T23:19:00,batch_002
48f5af54-fe54-4c46-85ae-799bd04423d8,179,,BOLETO,14929.01,BRL,Recusandae sed et reprehenderit recusandae.,,Rios,APROVADA,2026-07-21T21:15:03,2026-07-21T21:23:03,2026-07-25T23:19:00,batch_002
d8737c90-f5d6-44b5-8146-b73b9e266926,1204,,TED,19564.57,BRL,Quod velit dolorem incidunt.,,Cunha da Mata,APROVADA,2026-07-21T11:12:39,2026-07-21T14:00:39,2026-07-25T23:19:00,batch_002
3794d33a-3306-4ada-907c-c77f0d520b1a,477,,TED,1174.67,BRL,Corrupti veniam velit vitae blanditiis inventore.,,Cavalcanti das Flores,APROVADA,2026-07-23T01:48:51,2026-07-23T01:56:51,2026-07-25T23:19:00,batch_002
e437dcbf-fa0e-4d68-9a11-bc78e4081893,702,445.0,CARTAO,10314.25,BRL,Quidem iste consectetur harum nostrum voluptas.,Moura,Azevedo,APROVADA,2026-07-25T11:45:07,2026-07-25T13:26:07,2026-07-25T23:19:00,batch_002
186be42d-229d-4806-b67c-d9dd219170cf,304,,SAQUE,13470.51,BRL,Consectetur nesciunt assumenda.,,Duarte,APROVADA,2026-07-23T13:47:33,2026-07-23T15:27:33,2026-07-25T23:19:00,batch_002
6c445bee-6e57-4c8c-bafc-51bf5cc5a8b4,91,,TED,17468.49,BRL,Quae sequi voluptatum tenetur repudiandae commodi.,,Pimenta,APROVADA,2026-07-21T01:51:20,2026-07-21T03:03:20,2026-07-25T23:19:00,batch_002
33b996a7-a81f-4eb8-9fe2-788f0ed559cb,192,,BOLETO,17517.93,BRL,Dolorem qui atque ab iure nulla.,,Fonseca,APROVADA,2026-07-23T21:20:04,2026-07-23T22:52:04,2026-07-25T23:19:00,batch_002
5dc2bd6f-1014-47ea-896a-ccdd265885da,1190,,PIX,9340.19,BRL,Fugit veritatis mollitia quibusdam et architecto.,,Sousa de Costela,APROVADA,2026-07-25T17:12:20,2026-07-25T17:58:20,2026-07-25T23:19:00,batch_002
ae07c2cc-4178-4682-b692-20816effb710,267,,PIX,3458.49,BRL,Id ipsa amet maiores.,,Vargas,PENDENTE,2026-07-20T20:23:42,2026-07-20T20:53:42,2026-07-25T23:19:00,batch_002
f1ebaff4-e3de-4f5a-b065-07b18abfdcd3,901,,SAQUE,10621.59,BRL,Rem soluta similique optio.,,Albuquerque,APROVADA,2026-07-19T04:15:22,2026-07-19T05:20:22,2026-07-25T23:19:00,batch_002
9d1736c1-6066-4d91-9762-c4ad3a885dd6,1220,,PIX,2002.57,BRL,Fugiat omnis doloribus.,,Câmara de Barbosa,APROVADA,2026-07-25T18:07:05,2026-07-25T20:55:05,2026-07-25T23:19:00,batch_002
12ae212e-cfeb-4239-b8d0-7debf161382d,194,,CARTAO,8314.55,BRL,Quaerat quasi totam natus debitis error.,Borges Silveira Ltda.,Martins de Moreira,APROVADA,2026-07-19T01:16:55,2026-07-19T02:26:55,2026-07-25T23:19:00,batch_002
38115447-f4ff-4d26-b11c-6e259673a4d9,432,,SAQUE,18003.71,BRL,Aut neque cupiditate.,,Nunes das Pedras,APROVADA,2026-07-20T22:16:03,2026-07-21T01:10:03,2026-07-25T23:19:00,batch_002
444db2f8-3eb0-4c8a-8681-ef168066cbb2,945,,TED,15423.47,BRL,Quos vel aliquam maiores.,,Mendonça Grande,APROVADA,2026-07-25T05:45:16,2026-07-25T08:24:16,2026-07-25T23:19:00,batch_002
50c57608-d23d-46c6-9647-01c3f383aab7,943,,BOLETO,15020.91,BRL,Doloremque minus explicabo.,,Nascimento dos Dourados,APROVADA,2026-07-23T13:33:53,2026-07-23T13:49:53,2026-07-25T23:19:00,batch_002
9793b993-b184-4871-bdbd-471d149676a5,522,,TED,18060.78,BRL,Laboriosam amet ipsa eligendi nemo.,,Monteiro da Praia,NEGADA,2026-07-25T03:15:17,2026-07-25T04:30:17,2026-07-25T23:19:00,batch_002
70e1ecba-5c3b-417e-9758-15e97af2941b,619,,SAQUE,16565.48,BRL,Deserunt molestias temporibus.,,Machado,APROVADA,2026-07-21T02:19:48,2026-07-21T02:52:48,2026-07-25T23:19:00,batch_002
a6e10484-2f62-4d7c-8bbf-8cf88f99dc7d,1022,410.0,CARTAO,263.21,BRL,Tempore nobis quam necessitatibus consectetur minus.,Camargo,Pastor,APROVADA,2026-07-20T06:02:16,2026-07-20T08:44:16,2026-07-25T23:19:00,batch_002
bdbf21c0-59fe-463e-8549-0ade07723c8f,393,,TED,7626.82,BRL,Illum cum et consequuntur veniam.,,Sá do Norte,APROVADA,2026-07-20T18:29:43,2026-07-20T19:04:43,2026-07-25T23:19:00,batch_002
23dab086-f0f1-4bc5-a5a4-e674a0dbb249,342,,SAQUE,7268.02,BRL,Modi debitis commodi consequatur autem quibusdam.,,Nogueira da Serra,NEGADA,2026-07-22T10:47:51,2026-07-22T11:50:51,2026-07-25T23:19:00,batch_002
81dbf38d-c563-45ca-b011-72d3cbb11c00,745,,PIX,3510.48,BRL,Saepe facere dolores eum.,,Mendes das Flores,APROVADA,2026-07-24T17:29:42,2026-07-24T19:05:42,2026-07-25T23:19:00,batch_002
41e02379-ac65-4c82-ba17-8840ac3d37b3,113,,BOLETO,18596.64,BRL,Dolores voluptate tempore repellendus ipsa.,,Campos,APROVADA,2026-07-19T23:19:03,2026-07-19T23:20:03,2026-07-25T23:19:00,batch_002
13246062-2a4a-4670-a8c3-30e1d7508d7d,564,,PIX,1093.67,BRL,Magnam aliquam vel tempore ullam.,,Cunha,APROVADA,2026-07-22T12:28:46,2026-07-22T14:45:46,2026-07-25T23:19:00,batch_002
19ce8675-06fa-4ab8-96de-17051ddaba09,700,,PIX,2989.21,BRL,Quaerat nesciunt eveniet quidem provident.,,Nascimento das Flores,APROVADA,2026-07-20T15:25:01,2026-07-20T17:56:01,2026-07-25T23:19:00,batch_002
5732cd71-4025-45a1-8b7d-6cff2efb1e1a,503,,SAQUE,17488.03,BRL,Alias cumque officia.,,Alves,APROVADA,2026-07-22T19:40:58,2026-07-22T20:11:58,2026-07-25T23:19:00,batch_002
d9c43cc2-5f94-4f64-9241-accb800ffdaa,531,,BOLETO,13105.7,BRL,Voluptate occaecati officia quae.,,Nascimento de da Mata,APROVADA,2026-07-22T08:23:42,2026-07-22T08:29:42,2026-07-25T23:19:00,batch_002
405ca9d8-2815-4cd3-bc73-8f67ca70987f,939,,PIX,12897.37,BRL,Sed similique voluptates.,,Caldeira de Goiás,APROVADA,2026-07-19T06:22:44,2026-07-19T07:21:44,2026-07-25T23:19:00,batch_002
88a8ccb7-fa0a-460e-b299-dd25777e59e2,351,,CARTAO,7038.09,BRL,Laboriosam deleniti nemo beatae.,Porto S.A.,da Mota,APROVADA,2026-07-22T20:13:06,2026-07-22T21:24:06,2026-07-25T23:19:00,batch_002
a4d9d7ff-fbfe-4e6a-a1f5-fa3e0da75516,996,,PIX,15596.15,BRL,Dolores deserunt voluptas assumenda.,,Rezende de Fernandes,APROVADA,2026-07-19T23:14:15,2026-07-20T00:06:15,2026-07-25T23:19:00,batch_002
af92ae9f-18f4-4e79-a4fc-b61d888cd5bd,401,,SAQUE,11526.17,BRL,Iste reprehenderit inventore.,,Azevedo do Campo,NEGADA,2026-07-24T05:35:37,2026-07-24T08:25:37,2026-07-25T23:19:00,batch_002
f369a949-8247-40f0-8029-9775d4072e35,295,,PIX,6684.73,BRL,Laborum dolorem dicta iste dolorum cumque.,,Fonseca de Vargas,APROVADA,2026-07-21T18:40:51,2026-07-21T19:28:51,2026-07-25T23:19:00,batch_002
a38057a1-25cb-4c58-bed6-4c6b1e67af50,886,,SAQUE,17387.49,BRL,Ipsam laboriosam dicta.,,Azevedo,NEGADA,2026-07-19T14:48:16,2026-07-19T17:22:16,2026-07-25T23:19:00,batch_002
bff527a5-74ae-4775-a028-5b21170785a0,1141,,BOLETO,7029.94,BRL,Earum quod molestiae veritatis quas voluptatum.,,Borges,APROVADA,2026-07-21T22:07:36,2026-07-22T00:24:36,2026-07-25T23:19:00,batch_002
a30ce75d-9de6-4526-b7c7-aba2728c710c,964,,BOLETO,11036.17,BRL,Alias voluptas vitae culpa.,,Nogueira,APROVADA,2026-07-25T02:19:59,2026-07-25T02:22:59,2026-07-25T23:19:00,batch_002
7d41d817-a2dd-4165-9d42-bdf50b228531,664,,BOLETO,7156.06,BRL,Pariatur sint voluptatem a aspernatur.,,Vargas,APROVADA,2026-07-21T08:42:08,2026-07-21T10:46:08,2026-07-25T23:19:00,batch_002
e11f5946-cd20-4ab0-9804-1adcc143e691,540,,SAQUE,2111.87,BRL,Nam possimus labore sint occaecati.,,Ferreira da Prata,APROVADA,2026-07-18T23:36:54,2026-07-19T00:37:54,2026-07-25T23:19:00,batch_002
1d08401c-6dad-40d5-85bb-f1a6bf2060c1,180,,BOLETO,7303.61,BRL,Sed illum minima nihil atque.,,Siqueira do Norte,APROVADA,2026-07-23T02:46:11,2026-07-23T05:17:11,2026-07-25T23:19:00,batch_002
7e191495-a08e-4dd3-b201-c71e34b6602b,838,,SAQUE,7650.48,BRL,Ratione accusamus tenetur ut.,,Rios,NEGADA,2026-07-20T11:37:36,2026-07-20T11:50:36,2026-07-25T23:19:00,batch_002
6f67ebff-0668-4f02-8dae-5fe83c0f5049,282,,PIX,4104.83,BRL,Cum sequi sed.,,Viana,APROVADA,2026-07-21T20:48:31,2026-07-21T22:37:31,2026-07-25T23:19:00,batch_002
0adda202-22e1-4f46-8e6c-87eb9a85e9e7,641,,PIX,5986.54,BRL,Laborum veniam dolorem.,,Machado,APROVADA,2026-07-22T21:20:40,2026-07-22T22:37:40,2026-07-25T23:19:00,batch_002
e38a7e9b-1764-46ff-b978-cf92a65829bf,389,,CARTAO,19771.51,BRL,Quis quos consectetur.,Barbosa,Alves de Goiás,APROVADA,2026-07-25T21:12:56,2026-07-25T22:28:56,2026-07-25T23:19:00,batch_002
1e0284c6-73ec-470e-94e2-90d0c4903df8,123,,SAQUE,10457.01,BRL,Alias deserunt repellendus.,,Porto do Oeste,APROVADA,2026-07-20T23:00:25,2026-07-21T01:37:25,2026-07-25T23:19:00,batch_002
71e22708-1896-4f0d-9e4c-087c0a7c1bc5,380,,TED,15002.93,BRL,Maxime officiis iure quidem nesciunt in.,,da Conceição,APROVADA,2026-07-21T11:43:55,2026-07-21T13:43:55,2026-07-25T23:19:00,batch_002
287b49ce-fc3e-4f88-9df9-e19b01517861,1198,,SAQUE,19676.92,BRL,Adipisci similique nulla autem.,,Peixoto,APROVADA,2026-07-25T02:03:49,2026-07-25T04:49:49,2026-07-25T23:19:00,batch_002
18a63c53-11fc-4c0c-a56f-4fba2e72a124,761,842.0,CARTAO,3207.94,BRL,Laudantium atque totam at provident.,Barbosa,Macedo das Pedras,APROVADA,2026-07-22T17:05:14,2026-07-22T19:12:14,2026-07-25T23:19:00,batch_002
2231b7f6-f4cc-4095-b396-f3cb123b787e,628,,SAQUE,5457.48,BRL,Vitae delectus totam aut cupiditate.,,Mendonça Paulista,APROVADA,2026-07-23T12:49:40,2026-07-23T14:24:40,2026-07-25T23:19:00,batch_002
710c2ee3-9f86-4ad0-a589-9722b88ec091,806,,TED,867.36,BRL,Voluptatibus quibusdam aut ipsam iusto.,,Camargo,APROVADA,2026-07-19T13:56:51,2026-07-19T15:58:51,2026-07-25T23:19:00,batch_002
1ae25f71-06a3-4be3-9a2a-bbd417720547,1102,,BOLETO,9212.82,BRL,Architecto voluptatem soluta occaecati deleniti vitae.,,Pimenta do Campo,APROVADA,2026-07-25T19:51:54,2026-07-25T21:04:54,2026-07-25T23:19:00,batch_002
4022cd9e-b16d-42e4-9e47-9ec3435ebd21,939,,SAQUE,19456.16,BRL,Sequi tempore totam iusto neque.,,Castro,APROVADA,2026-07-21T02:03:57,2026-07-21T04:08:57,2026-07-25T23:19:00,batch_002
e3bea9e8-025a-4991-842c-789d23733487,765,,BOLETO,632.26,BRL,Ea adipisci aperiam accusamus.,,da Luz da Prata,APROVADA,2026-07-20T18:40:55,2026-07-20T19:01:55,2026-07-25T23:19:00,batch_002
c105df9d-0c22-47f7-a69b-10f425b73eae,1008,,CARTAO,19420.68,BRL,Quam numquam velit.,Jesus,Costela,APROVADA,2026-07-21T05:35:18,2026-07-21T07:31:18,2026-07-25T23:19:00,batch_002
fdc64e3a-58f8-47a9-87e5-81baa35cd8f5,759,,SAQUE,4042.08,BRL,Magni saepe iste et.,,Sales,NEGADA,2026-07-19T11:53:37,2026-07-19T14:28:37,2026-07-25T23:19:00,batch_002
42370520-b6c6-49fa-9e80-9fdc6ab60481,531,,BOLETO,9573.75,BRL,Dolore earum consequatur.,,Barros,APROVADA,2026-07-22T02:11:19,2026-07-22T02:33:19,2026-07-25T23:19:00,batch_002
ca8d8583-af9f-4cd7-9b7b-cb3cba9b9510,606,,SAQUE,6206.75,BRL,Rerum omnis officia adipisci.,,Monteiro de Santos,APROVADA,2026-07-20T13:06:54,2026-07-20T14:28:54,2026-07-25T23:19:00,batch_002
8773b9ed-1a58-4b89-87c0-0c58e4a425b7,53,252.0,CARTAO,13138.7,BRL,Harum perspiciatis quasi totam odit.,Fogaça,Teixeira da Mata,APROVADA,2026-07-23T03:14:39,2026-07-23T04:48:39,2026-07-25T23:19:00,batch_002
5ddf72cf-5dfe-4fa3-8919-42b2f9ef1604,1034,,PIX,16749.36,BRL,Exercitationem dolore alias suscipit maxime.,,Peixoto de Jesus,APROVADA,2026-07-25T06:31:41,2026-07-25T06:56:41,2026-07-25T23:19:00,batch_002
6b0673e9-ce6a-4ff5-879e-2dad877edcef,177,,PIX,17598.34,BRL,Vitae iusto repudiandae quae.,,Viana de Martins,APROVADA,2026-07-23T08:08:28,2026-07-23T09:40:28,2026-07-25T23:19:00,batch_002
b237211c-7c27-4538-ac2d-dea196d207c1,771,,TED,19090.38,BRL,Itaque excepturi id nihil.,,Pinto,APROVADA,2026-07-19T23:58:13,2026-07-20T01:20:13,2026-07-25T23:19:00,batch_002
e9c3b116-8e68-4e7a-904d-dcdb5ceca746,464,531.0,CARTAO,15642.24,BRL,Assumenda repellat fuga voluptatem.,Dias,Peixoto,NEGADA,2026-07-22T21:56:50,2026-07-22T22:09:50,2026-07-25T23:19:00,batch_002
7811610b-657e-493e-bad9-234b2f1cfba9,1171,,TED,17656.73,BRL,Magni accusamus saepe voluptates vitae.,,Costa,APROVADA,2026-07-23T09:27:29,2026-07-23T09:50:29,2026-07-25T23:19:00,batch_002
82585890-1f2a-47da-836c-2080cf993390,803,,TED,15056.01,BRL,Maxime inventore illo rem.,,Moraes,APROVADA,2026-07-18T23:51:02,2026-07-19T00:28:02,2026-07-25T23:19:00,batch_002
6ca786de-4efd-484a-b692-a22c2af9fe8a,561,,BOLETO,15597.88,BRL,Neque ratione rerum.,,da Luz de Pires,APROVADA,2026-07-19T14:42:44,2026-07-19T17:20:44,2026-07-25T23:19:00,batch_002
cf6ae611-0df3-43b5-9f8a-0bf8f4cd573c,483,,PIX,14899.39,BRL,Repudiandae porro architecto porro aperiam reprehenderit.,,Vargas,APROVADA,2026-07-21T06:14:54,2026-07-21T07:21:54,2026-07-25T23:19:00,batch_002
e7d8f6cb-f281-40a6-b567-80c76c85c933,1080,,TED,11275.39,BRL,Mollitia occaecati aut reprehenderit.,,da Conceição,APROVADA,2026-07-20T08:11:46,2026-07-20T10:52:46,2026-07-25T23:19:00,batch_002
69438fd6-e1ee-435f-9a29-1705f46611cb,847,56.0,CARTAO,2602.56,BRL,Provident ratione qui.,Novaes,Moreira,APROVADA,2026-07-20T13:19:05,2026-07-20T15:32:05,2026-07-25T23:19:00,batch_002
cc1a12aa-f144-4b40-9f74-aaedb0d7d27a,828,,BOLETO,16726.68,BRL,Molestiae harum similique incidunt tempora porro.,,Pastor,APROVADA,2026-07-21T09:32:55,2026-07-21T12:09:55,2026-07-25T23:19:00,batch_002
02d41165-e285-43a8-8a23-520a6b7adeda,1046,,CARTAO,18772.43,BRL,Itaque laboriosam saepe explicabo.,Cirino,Sá dos Dourados,APROVADA,2026-07-22T02:40:25,2026-07-22T05:04:25,2026-07-25T23:19:00,batch_002
eb9cd876-6f5c-4a5b-8480-9c778d6a9a09,1044,,BOLETO,15792.24,BRL,Impedit corrupti numquam.,,Pastor da Mata,APROVADA,2026-07-19T05:26:37,2026-07-19T07:03:37,2026-07-25T23:19:00,batch_002
577d8c81-3304-41e8-94d6-83daa25ceb0f,890,,SAQUE,12687.19,BRL,Recusandae libero rem alias.,,Viana,NEGADA,2026-07-25T07:31:43,2026-07-25T08:12:43,2026-07-25T23:19:00,batch_002
6603f074-3c37-469e-81c1-751f275d0ab3,721,,CARTAO,1377.52,BRL,Quaerat deleniti quo quis magni.,Cassiano - EI,Moura de Vasconcelos,APROVADA,2026-07-20T01:26:52,2026-07-20T03:27:52,2026-07-25T23:19:00,batch_002
ac92e22c-c140-4fc8-945b-e58b7da60497,659,,BOLETO,7571.69,BRL,Sapiente placeat minima dolorem possimus ad.,,Sousa,APROVADA,2026-07-24T02:22:32,2026-07-24T02:31:32,2026-07-25T23:19:00,batch_002
126dfbfe-a1a9-471d-9155-bcd24e13a3ad,805,,PIX,5402.44,BRL,Voluptates doloremque assumenda corporis voluptate.,,Campos,APROVADA,2026-07-23T12:01:41,2026-07-23T13:55:41,2026-07-25T23:19:00,batch_002
202a8892-151e-4af4-9642-7e3c169bd83a,5,,SAQUE,14529.94,BRL,Sit dolore atque nesciunt quis.,,Moraes da Serra,APROVADA,2026-07-25T03:22:52,2026-07-25T04:35:52,2026-07-25T23:19:00,batch_002
bd4923c8-c132-45d9-b2ca-e2dcd8d0233c,1044,,BOLETO,16135.67,BRL,Non ad debitis perferendis.,,da Rocha da Mata,APROVADA,2026-07-25T07:33:17,2026-07-25T10:18:17,2026-07-25T23:19:00,batch_002
999e5358-996c-4bdf-a5c0-a0608144ba6d,315,,CARTAO,15862.8,BRL,Aspernatur architecto maiores.,Mendes Rezende - ME,Sá,APROVADA,2026-07-23T19:32:02,2026-07-23T20:33:02,2026-07-25T23:19:00,batch_002
542c0717-166a-4ca5-bd2b-aa124a48273b,961,,PIX,17454.93,BRL,Quos alias minima totam.,,Pacheco,APROVADA,2026-07-25T12:39:34,2026-07-25T15:02:34,2026-07-25T23:19:00,batch_002
0669d2e5-874b-40ea-87af-81829b33d8f9,684,725.0,CARTAO,6361.59,BRL,Iure reiciendis sunt maiores deleniti.,Novais Rezende - ME,Sousa,APROVADA,2026-07-22T05:39:56,2026-07-22T08:00:56,2026-07-25T23:19:00,batch_002
269b72e7-6296-414a-a460-1bf500d8ab2c,335,,SAQUE,1772.29,BRL,Tempore illo quas ex et vitae.,,Freitas do Sul,APROVADA,2026-07-23T11:09:51,2026-07-23T11:17:51,2026-07-25T23:19:00,batch_002
237c3e55-5806-4886-b1d8-e0386f22db98,537,96.0,CARTAO,17583.05,BRL,Unde eligendi exercitationem enim.,Monteiro,Costa da Mata,APROVADA,2026-07-20T06:09:38,2026-07-20T07:00:38,2026-07-25T23:19:00,batch_002
535b4f50-24de-44c5-9f7e-1ab4d13d13ee,1010,186.0,CARTAO,9952.21,BRL,Labore voluptatum quia eius.,Ribeiro Peixoto e Filhos,da Rosa,APROVADA,2026-07-20T17:12:17,2026-07-20T17:55:17,2026-07-25T23:19:00,batch_002
6e41c07a-c06a-4cf7-8665-117f8afdab12,714,,TED,11220.29,BRL,Eum architecto ex eum officia fugiat.,,Melo,NEGADA,2026-07-19T02:56:03,2026-07-19T04:30:03,2026-07-25T23:19:00,batch_002
6e9af33a-3208-4e51-b240-6010b230d57e,532,,PIX,15414.56,BRL,Quam quod quibusdam necessitatibus.,,Jesus,APROVADA,2026-07-25T19:46:55,2026-07-25T21:04:55,2026-07-25T23:19:00,batch_002
10346f64-b290-437d-b628-2c165a3848a6,244,,BOLETO,2404.46,BRL,Enim commodi ea velit sint.,,Vieira de Moreira,APROVADA,2026-07-24T17:09:44,2026-07-24T19:00:44,2026-07-25T23:19:00,batch_002
bdfd86a1-a504-4910-84af-24fee86d0d78,1048,791.0,CARTAO,8668.66,BRL,Est aperiam dignissimos delectus maiores fugit.,Aparecida,Novaes,APROVADA,2026-07-21T04:25:42,2026-07-21T06:39:42,2026-07-25T23:19:00,batch_002
87ce7114-043b-4836-bd20-f1b4675373a2,1126,,PIX,9136.17,BRL,Iure natus libero ducimus consequatur dolores.,,Borges,APROVADA,2026-07-25T10:04:52,2026-07-25T10:09:52,2026-07-25T23:19:00,batch_002
3863ce02-6dad-4502-ac3b-8f27b350ea63,892,,PIX,8104.28,BRL,Expedita omnis rerum.,,Andrade do Oeste,NEGADA,2026-07-23T18:37:12,2026-07-23T20:28:12,2026-07-25T23:19:00,batch_002
69adf0bb-dcaa-4139-941b-5c482b6b397b,592,364.0,CARTAO,7113.17,BRL,Consequatur quas quasi eum.,Ferreira,Freitas,PENDENTE,2026-07-23T18:07:20,2026-07-23T19:51:20,2026-07-25T23:19:00,batch_002
f39035a0-e581-49f6-9a9e-2f0aa98d0e2f,678,,SAQUE,14492.55,BRL,Fugit deleniti voluptatibus.,,Fogaça Verde,APROVADA,2026-07-22T13:36:52,2026-07-22T15:39:52,2026-07-25T23:19:00,batch_002
ef6aa917-86b4-465d-9ae0-a443e978c985,681,,SAQUE,9020.97,BRL,Laborum quaerat ex enim earum ipsam voluptatibus.,,Araújo,APROVADA,2026-07-20T20:05:21,2026-07-20T22:51:21,2026-07-25T23:19:00,batch_002
cddbbeeb-e27f-4cbb-bef2-9e9db8bfe3c5,266,,TED,9144.21,BRL,Quisquam illum minus.,,Andrade de Nogueira,APROVADA,2026-07-22T08:03:58,2026-07-22T10:13:58,2026-07-25T23:19:00,batch_002
f5a9e367-da1d-4511-9165-8783fc087279,89,,TED,13723.31,BRL,Esse excepturi qui at.,,Lima Verde,APROVADA,2026-07-19T04:17:44,2026-07-19T07:12:44,2026-07-25T23:19:00,batch_002
ef1e1428-0357-45fc-9032-f5fc04486454,500,,SAQUE,6605.15,BRL,Expedita nam dicta alias harum unde.,,Cavalcante,APROVADA,2026-07-23T21:08:02,2026-07-24T00:05:02,2026-07-25T23:19:00,batch_002
3a830ffa-410e-4900-869a-81af7f821ca5,1108,207.0,CARTAO,15588.46,BRL,Incidunt eaque necessitatibus provident.,Aparecida - EI,Rios,APROVADA,2026-07-25T02:26:36,2026-07-25T04:34:36,2026-07-25T23:19:00,batch_002
ea49bd0f-71a0-49ff-8c90-ca70d4a17213,272,452.0,CARTAO,6259.99,BRL,Eum ipsa facilis iusto sunt iusto.,Silva Sá Ltda.,Nascimento do Norte,APROVADA,2026-07-25T16:43:41,2026-07-25T19:27:41,2026-07-25T23:19:00,batch_002
e4d8dcdb-a13f-44ad-9b63-e1bca016858d,978,,SAQUE,12882.38,BRL,Maxime id nihil.,,Ferreira de Goiás,NEGADA,2026-07-19T15:52:21,2026-07-19T17:46:21,2026-07-25T23:19:00,batch_002
0b759aef-cc45-4205-8e48-ef959c657b81,346,,SAQUE,7662.03,BRL,Et fuga saepe minima quas consectetur voluptates.,,da Mata de Aparecida,APROVADA,2026-07-24T04:14:32,2026-07-24T05:53:32,2026-07-25T23:19:00,batch_002
bfeeb944-7dd3-4b44-9f5e-1f087e8668a3,911,,SAQUE,11025.95,BRL,Incidunt culpa iure.,,Cunha,APROVADA,2026-07-21T09:21:32,2026-07-21T11:57:32,2026-07-25T23:19:00,batch_002
d69b4b7a-105b-443e-a6de-617e15ab5a20,663,,TED,19261.23,BRL,Blanditiis labore placeat nihil.,,Santos de Sampaio,APROVADA,2026-07-24T00:17:35,2026-07-24T01:05:35,2026-07-25T23:19:00,batch_002
6f61ccda-cc99-4a6f-aaec-28e45452afbb,679,,PIX,9259.77,BRL,Sit in unde.,,Moura,APROVADA,2026-07-23T12:13:41,2026-07-23T14:52:41,2026-07-25T23:19:00,batch_002
2b39126f-ca67-4983-9f4c-42e93d0fe469,325,,BOLETO,19065.56,BRL,Voluptate eius dolorum dolorem architecto.,,Nogueira,APROVADA,2026-07-19T10:42:45,2026-07-19T13:06:45,2026-07-25T23:19:00,batch_002
0085148d-3f97-48dc-bb79-53be6f6390cd,1084,,BOLETO,18375.37,BRL,Quas eligendi temporibus facilis natus.,,Rocha,APROVADA,2026-07-22T17:12:29,2026-07-22T17:59:29,2026-07-25T23:19:00,batch_002
dd985640-24ca-4367-91b1-5e29542df847,735,,BOLETO,12917.01,BRL,Consequatur saepe quis officia praesentium quisquam.,,Lima das Pedras,APROVADA,2026-07-19T10:19:25,2026-07-19T12:08:25,2026-07-25T23:19:00,batch_002
12ca2817-17a6-455c-8443-2f8fd0d2d1df,575,,PIX,1421.05,BRL,Molestias nobis eaque saepe rem in.,,Almeida da Praia,APROVADA,2026-07-19T03:49:01,2026-07-19T06:46:01,2026-07-25T23:19:00,batch_002
064a9ae3-dfd4-4331-9a10-2f06077ca4e3,1107,,SAQUE,19360.71,BRL,Nulla nostrum dolorem assumenda.,,Souza,PENDENTE,2026-07-22T22:34:18,2026-07-23T01:24:18,2026-07-25T23:19:00,batch_002
ad9261fc-5812-47ec-adf6-c65a615d1595,1078,,PIX,712.55,BRL,Possimus tempora iusto quibusdam.,,Sales da Mata,APROVADA,2026-07-25T22:25:33,2026-07-25T22:51:33,2026-07-25T23:19:00,batch_002
e775cce0-511c-4022-b02e-dc55ecd884cd,976,,PIX,5522.32,BRL,Unde vero quos ea.,,Castro,APROVADA,2026-07-24T23:36:00,2026-07-25T00:53:00,2026-07-25T23:19:00,batch_002
bd9f041a-dd14-4cef-aca7-f76189246ccf,615,,CARTAO,8180.63,BRL,Praesentium esse quibusdam optio.,Costa - EI,Souza de Goiás,APROVADA,2026-07-23T22:59:22,2026-07-23T23:58:22,2026-07-25T23:19:00,batch_002
ef667f68-d4a1-4739-bbf7-012f79c4f983,1066,,TED,3389.97,BRL,Nesciunt laudantium vel.,,Guerra Alegre,APROVADA,2026-07-21T15:54:25,2026-07-21T16:41:25,2026-07-25T23:19:00,batch_002
3dce6131-9d93-40d8-8b09-58688322a856,835,,CARTAO,12773.55,BRL,Officiis voluptatum saepe.,Farias S.A.,Pereira,APROVADA,2026-07-23T14:11:20,2026-07-23T15:22:20,2026-07-25T23:19:00,batch_002
b482d908-b910-4e16-9399-4911fcb52190,431,,PIX,8454.81,BRL,Voluptatem at explicabo id nemo.,,da Mata,APROVADA,2026-07-20T19:08:44,2026-07-20T20:08:44,2026-07-25T23:19:00,batch_002
5ae54beb-99c1-4455-b388-cceb2ee62fd9,854,,TED,13664.83,BRL,Vel hic quisquam tempore.,,da Rosa Verde,APROVADA,2026-07-19T21:58:26,2026-07-20T00:55:26,2026-07-25T23:19:00,batch_002
9686f768-c033-48f2-829e-e6173809e816,237,,SAQUE,17232.46,BRL,Accusantium odio iste ipsum.,,da Rocha,APROVADA,2026-07-20T16:04:05,2026-07-20T16:58:05,2026-07-25T23:19:00,batch_002
45e02079-a2b4-46da-9044-ada6c33fb209,809,,TED,1758.35,BRL,Perspiciatis quos corrupti.,,Ribeiro de Leão,APROVADA,2026-07-23T05:13:58,2026-07-23T08:06:58,2026-07-25T23:19:00,batch_002
bd7b2d40-844f-45ae-a983-c95190080772,802,620.0,CARTAO,17221.25,BRL,Consectetur unde iusto fuga blanditiis.,da Rocha e Filhos,Rocha,APROVADA,2026-07-25T07:09:59,2026-07-25T07:44:59,2026-07-25T23:19:00,batch_002
9e9b11c6-23fe-4122-8cda-11212593c565,206,,SAQUE,2773.22,BRL,Officia deserunt perferendis.,,Moraes,APROVADA,2026-07-21T04:10:18,2026-07-21T07:05:18,2026-07-25T23:19:00,batch_002
2a4fd933-e685-4af3-94fd-5aee6c573bbb,1102,329.0,CARTAO,7025.0,BRL,Similique laborum id dignissimos.,Freitas,Montenegro dos Dourados,APROVADA,2026-07-20T16:49:59,2026-07-20T18:15:59,2026-07-25T23:19:00,batch_002
84069b1c-26cc-4501-a034-ded471ce8d39,774,200.0,CARTAO,3125.73,BRL,Provident non earum autem doloremque.,Correia,Andrade de Barbosa,APROVADA,2026-07-23T15:08:00,2026-07-23T17:05:00,2026-07-25T23:19:00,batch_002
7a01306e-0176-4e40-8b88-9141685a4342,892,,SAQUE,2486.83,BRL,Dolorem dolorum consectetur ipsa molestias exercitationem.,,Gomes,APROVADA,2026-07-19T20:01:22,2026-07-19T20:53:22,2026-07-25T23:19:00,batch_002
265dc47e-c69b-479c-b1ac-393f4f120015,1202,,BOLETO,7023.26,BRL,Voluptas odio provident.,,Sales,APROVADA,2026-07-23T00:02:37,2026-07-23T01:29:37,2026-07-25T23:19:00,batch_002
fbcdf085-e9ff-4891-b782-b8177fd58fac,1090,597.0,CARTAO,2343.31,BRL,Repellendus rem dolore earum veniam.,Lima S/A,das Neves,APROVADA,2026-07-25T10:01:34,2026-07-25T12:16:34,2026-07-25T23:19:00,batch_002
6997d172-a438-47b7-9cf2-0a7fdadb27b9,682,,PIX,4942.35,BRL,Numquam neque placeat eius tempora.,,Nascimento,APROVADA,2026-07-24T18:35:06,2026-07-24T20:19:06,2026-07-25T23:19:00,batch_002
95cfd612-9ad8-494f-88a6-6f5cc6e23a21,950,,TED,6884.33,BRL,Doloremque laudantium nulla.,,Porto Grande,APROVADA,2026-07-25T00:10:30,2026-07-25T03:03:30,2026-07-25T23:19:00,batch_002
31186390-b466-47b7-994d-0b4671309e7c,866,,SAQUE,17453.58,BRL,Provident tempora veniam.,,Costela de Pastor,APROVADA,2026-07-20T10:22:14,2026-07-20T12:10:14,2026-07-25T23:19:00,batch_002
aefff85d-d9f3-4a6b-b388-710bffb379c0,546,,CARTAO,15751.4,BRL,Molestias numquam occaecati beatae.,Rezende - ME,Alves,NEGADA,2026-07-25T16:43:38,2026-07-25T17:23:38,2026-07-25T23:19:00,batch_002
1736639b-1d54-46cc-bdd7-0af89f997b01,711,,SAQUE,16932.25,BRL,Ullam ullam aut labore.,,da Costa de da Cruz,APROVADA,2026-07-24T10:48:03,2026-07-24T13:39:03,2026-07-25T23:19:00,batch_002
b03775db-f74b-4e27-a08c-6d90dad9fc85,781,,BOLETO,2073.29,BRL,Dolores vel incidunt dolorum.,,Nogueira,APROVADA,2026-07-25T12:01:51,2026-07-25T14:20:51,2026-07-25T23:19:00,batch_002
83145329-2435-4c50-800b-fc55b042e220,420,,PIX,9629.52,BRL,Quis odio distinctio.,,Martins da Prata,APROVADA,2026-07-24T19:02:24,2026-07-24T19:18:24,2026-07-25T23:19:00,batch_002
c1696140-8783-42d0-b854-97229f1de4f1,944,,SAQUE,403.08,BRL,Placeat fuga ipsam pariatur nemo tenetur.,,da Mata,APROVADA,2026-07-22T08:26:19,2026-07-22T10:51:19,2026-07-25T23:19:00,batch_002
b2591fe9-7a0a-48dc-bb75-d3c0aa7b66f5,897,,PIX,4987.73,BRL,In distinctio placeat commodi dicta.,,Vargas Paulista,APROVADA,2026-07-24T14:00:54,2026-07-24T16:59:54,2026-07-25T23:19:00,batch_002
c45d023a-a2b3-4aab-aecf-fba600a6e8cb,550,,TED,2460.53,BRL,Eaque consequatur tempora voluptatum est consequatur.,,Moraes de Gomes,APROVADA,2026-07-20T05:54:55,2026-07-20T07:33:55,2026-07-25T23:19:00,batch_002
dcfea922-e09f-4678-a731-f08db4e3a8ae,1093,,BOLETO,13240.57,BRL,Mollitia at dicta libero exercitationem.,,Sá da Serra,APROVADA,2026-07-19T09:07:58,2026-07-19T09:28:58,2026-07-25T23:19:00,batch_002
dc2fc175-c766-4c7a-acd3-df7b8e9acbff,310,,CARTAO,3697.41,BRL,Molestiae eum eaque.,Sales,Fogaça,NEGADA,2026-07-23T14:28:12,2026-07-23T17:28:12,2026-07-25T23:19:00,batch_002
50ef6adf-fd73-4061-83b4-3118b9a68d18,310,,CARTAO,5330.49,BRL,Molestias nam voluptates iste sed.,da Cruz,Vargas Verde,APROVADA,2026-07-25T17:09:20,2026-07-25T19:18:20,2026-07-25T23:19:00,batch_002
8048e00d-f818-4635-b09a-a70dbebc1db8,285,,BOLETO,11816.08,BRL,Explicabo doloremque fugiat asperiores pariatur esse.,,Vargas,APROVADA,2026-07-23T23:12:55,2026-07-24T01:42:55,2026-07-25T23:19:00,batch_002
a8f51604-8467-4c65-8489-c684c7c5e861,570,,PIX,8979.97,BRL,Molestias sit quisquam.,,Garcia dos Dourados,APROVADA,2026-07-24T16:27:39,2026-07-24T16:56:39,2026-07-25T23:19:00,batch_002
24529bb4-eeed-4fa4-b473-88101d2dd0de,233,,CARTAO,14279.85,BRL,Pariatur occaecati officiis.,da Costa - EI,Andrade,APROVADA,2026-07-20T23:41:29,2026-07-21T02:38:29,2026-07-25T23:19:00,batch_002
29a017b9-de7a-425b-b3be-a42bf4f50d4f,732,,PIX,12728.4,BRL,Voluptate quas nulla rerum occaecati eos.,,da Paz das Pedras,APROVADA,2026-07-24T12:42:57,2026-07-24T13:39:57,2026-07-25T23:19:00,batch_002
48c7124d-fe4a-4ce6-9d09-8e57f713f55f,908,,BOLETO,18241.5,BRL,Ipsa dolorum quia.,,Marques,APROVADA,2026-07-23T19:36:55,2026-07-23T21:21:55,2026-07-25T23:19:00,batch_002
50cf1b20-e930-4e7c-af44-bc03872f1b11,219,,CARTAO,14398.24,BRL,Perferendis saepe fugit.,Novais e Filhos,Macedo de Garcia,APROVADA,2026-07-19T11:46:07,2026-07-19T12:03:07,2026-07-25T23:19:00,batch_002
b9426f98-23a5-4681-a54e-6f555bea5491,280,,BOLETO,19571.8,BRL,Ipsam animi vero corrupti quia.,,Garcia,APROVADA,2026-07-21T00:16:49,2026-07-21T02:29:49,2026-07-25T23:19:00,batch_002
5607b010-12f3-4d08-919d-f4ba58b1046c,755,,BOLETO,5629.06,BRL,Unde vel autem.,,Aparecida,APROVADA,2026-07-20T07:03:58,2026-07-20T09:45:58,2026-07-25T23:19:00,batch_002
acc31e4b-9bec-41f1-9f5f-efdf5fb56fd9,726,,PIX,6380.12,BRL,Molestias occaecati minima.,,Duarte de da Costa,APROVADA,2026-07-24T01:11:37,2026-07-24T02:56:37,2026-07-25T23:19:00,batch_002
2bc01fa1-eec6-46a3-bae0-ec640af940cb,646,705.0,CARTAO,4163.01,BRL,Dolore tempora tempore.,Araújo S/A,Cunha,APROVADA,2026-07-25T11:24:46,2026-07-25T13:41:46,2026-07-25T23:19:00,batch_002
3214aad7-b0d9-40a8-a6ac-d36bdf3709f5,732,,TED,12965.0,BRL,Nobis est esse architecto.,,Câmara Paulista,APROVADA,2026-07-23T21:16:56,2026-07-24T00:00:56,2026-07-25T23:19:00,batch_002
bc94ca47-1b7a-45f3-b386-53dec3d0de10,447,,BOLETO,6032.69,BRL,Expedita consequatur optio fugiat cumque consequatur.,,Borges,APROVADA,2026-07-25T15:52:17,2026-07-25T17:42:17,2026-07-25T23:19:00,batch_002
de162b6f-bd38-4991-aaf5-845b67b01788,468,,SAQUE,17335.07,BRL,Ab voluptates corrupti repudiandae.,,Gonçalves de Rocha,APROVADA,2026-07-25T04:38:17,2026-07-25T06:54:17,2026-07-25T23:19:00,batch_002
72204160-999e-4c0e-8c53-50643d748936,594,,SAQUE,8195.86,BRL,Atque cupiditate exercitationem veritatis.,,Aragão,APROVADA,2026-07-23T23:29:04,2026-07-24T01:45:04,2026-07-25T23:19:00,batch_002
3da6fccf-e8d7-485e-b733-f7cba3c84b95,467,,SAQUE,14188.18,BRL,Tempora nemo maiores asperiores at.,,Barbosa do Galho,APROVADA,2026-07-22T03:52:05,2026-07-22T05:43:05,2026-07-25T23:19:00,batch_002
fd028a2f-3f7d-4c81-b7ba-f2684a947ce0,982,,SAQUE,18775.28,BRL,Architecto dicta mollitia culpa debitis.,,Sales,APROVADA,2026-07-22T09:46:02,2026-07-22T11:53:02,2026-07-25T23:19:00,batch_002
5da4fb87-2ae6-4984-b390-f0df6994287c,682,,PIX,14484.8,BRL,Assumenda aliquam omnis ad harum autem.,,Cassiano,PENDENTE,2026-07-21T00:32:30,2026-07-21T02:37:30,2026-07-25T23:19:00,batch_002
14045dff-73c8-4abf-a5f5-859ad86244a8,1151,,CARTAO,18210.59,BRL,Ad vero beatae blanditiis.,Mendes - ME,Costela de Costa,APROVADA,2026-07-24T13:12:05,2026-07-24T14:58:05,2026-07-25T23:19:00,batch_002
d1c202f6-9fcb-46b2-ade7-b527c007a8c7,97,740.0,CARTAO,6352.11,BRL,Exercitationem esse possimus totam.,Teixeira,Machado,APROVADA,2026-07-25T06:18:06,2026-07-25T07:55:06,2026-07-25T23:19:00,batch_002
52d931d8-eba1-46f7-bdd3-ab7d331f13cc,311,,TED,2649.85,BRL,Sunt cupiditate reiciendis distinctio.,,Rios de Pereira,APROVADA,2026-07-25T07:00:20,2026-07-25T07:30:20,2026-07-25T23:19:00,batch_002
888d1da8-0b8c-419f-aa90-d3a93c156110,280,,BOLETO,2321.72,BRL,Quibusdam quis nesciunt eveniet soluta.,,Câmara,NEGADA,2026-07-25T11:10:00,2026-07-25T13:17:00,2026-07-25T23:19:00,batch_002
9ba3043e-40d8-4d80-a98a-54a61f1da683,131,,BOLETO,3334.95,BRL,Eaque reiciendis harum autem.,,da Cunha,APROVADA,2026-07-21T07:41:02,2026-07-21T09:55:02,2026-07-25T23:19:00,batch_002
64b5e3e7-1d98-4cf0-be2e-d5e6670f2118,851,,BOLETO,19193.18,BRL,Omnis quam assumenda temporibus nisi molestiae.,,Cavalcanti,APROVADA,2026-07-19T04:45:25,2026-07-19T05:05:25,2026-07-25T23:19:00,batch_002
2ec64030-d00d-46eb-9da2-762b87f3182f,653,,SAQUE,19356.35,BRL,Et perspiciatis expedita laborum.,,Sampaio,APROVADA,2026-07-21T12:11:11,2026-07-21T13:39:11,2026-07-25T23:19:00,batch_002
60917e1c-a16c-40c3-83b2-5e1616e1e7bf,1007,,BOLETO,13003.64,BRL,At numquam incidunt.,,Vargas de Moreira,APROVADA,2026-07-23T05:00:54,2026-07-23T07:40:54,2026-07-25T23:19:00,batch_002
047e20cf-f228-4d3c-bd1d-fe92fd698fae,1014,,PIX,16597.54,BRL,Minima dicta nam soluta voluptas.,,Melo,APROVADA,2026-07-24T19:49:00,2026-07-24T21:04:00,2026-07-25T23:19:00,batch_002
69f2aa49-d559-44e1-81dc-aa4d75899d5a,1025,,TED,9429.5,BRL,Corrupti laboriosam id.,,Oliveira do Campo,APROVADA,2026-07-20T08:27:42,2026-07-20T08:33:42,2026-07-25T23:19:00,batch_002
8d573873-7e7a-4f99-b6d0-cb3f63103853,99,,CARTAO,18578.21,BRL,Quasi alias officiis.,Lima,Costa Grande,APROVADA,2026-07-20T09:01:32,2026-07-20T10:25:32,2026-07-25T23:19:00,batch_002
a015dfbc-56d2-4bb0-b5f9-20ba2b90b2bb,960,,PIX,6339.81,BRL,Eius ipsum voluptatem.,,Câmara,APROVADA,2026-07-25T11:14:55,2026-07-25T11:20:55,2026-07-25T23:19:00,batch_002
27eda345-6878-4780-801b-cdca73219536,483,,PIX,12190.25,BRL,Aliquid atque blanditiis.,,Monteiro,APROVADA,2026-07-21T11:14:43,2026-07-21T13:30:43,2026-07-25T23:19:00,batch_002
c0757d12-5510-4743-a92c-dbb4c36848e7,166,,TED,366.0,BRL,Suscipit ad natus unde perferendis amet.,,Costa,APROVADA,2026-07-24T12:59:54,2026-07-24T14:56:54,2026-07-25T23:19:00,batch_002
f82407cd-5d1d-4fd6-97c4-bfcdfef439b3,114,,BOLETO,15731.08,BRL,Incidunt voluptate modi quasi commodi.,,Sampaio,APROVADA,2026-07-20T18:47:29,2026-07-20T19:11:29,2026-07-25T23:19:00,batch_002
385f5cce-353f-484d-8607-3359c0280bc0,389,,TED,14317.93,BRL,Error mollitia nulla dolores.,,Gomes,APROVADA,2026-07-22T03:18:10,2026-07-22T05:30:10,2026-07-25T23:19:00,batch_002
94c67a4b-6ed3-43e8-ba48-7130074f872f,841,,SAQUE,15000.55,BRL,Adipisci vel totam distinctio esse maiores.,,Marques das Flores,APROVADA,2026-07-19T07:49:18,2026-07-19T09:46:18,2026-07-25T23:19:00,batch_002
29f5625a-8c2c-4002-8e98-401c1763682c,113,,SAQUE,10082.11,BRL,Sint dolores ut vitae minus.,,Rodrigues do Campo,APROVADA,2026-07-21T01:44:40,2026-07-21T02:21:40,2026-07-25T23:19:00,batch_002
8651b059-9422-4a04-99bd-1bdc47c46858,132,,BOLETO,14225.44,BRL,Voluptatem itaque ducimus.,,Brito de Porto,APROVADA,2026-07-19T18:59:49,2026-07-19T21:12:49,2026-07-25T23:19:00,batch_002
7c2a4fc6-275f-434d-98c2-955bd4bccec5,1150,,BOLETO,18644.36,BRL,Harum corporis ex fugiat ea.,,Cardoso,APROVADA,2026-07-22T20:54:37,2026-07-22T21:21:37,2026-07-25T23:19:00,batch_002
7db1d407-87a2-46e8-b990-d6a17993b672,772,,TED,7419.53,BRL,Modi accusantium aliquam voluptatibus tempora.,,Moura,APROVADA,2026-07-23T08:56:20,2026-07-23T11:38:20,2026-07-25T23:19:00,batch_002
6747854b-5fcf-451f-85d3-6609aed03cf0,1065,,BOLETO,16242.72,BRL,Laboriosam quibusdam eaque officiis odio nostrum.,,Rocha de Barbosa,APROVADA,2026-07-24T04:10:59,2026-07-24T05:44:59,2026-07-25T23:19:00,batch_002
7d236822-695a-4f6d-9075-3386722489e8,1113,,CARTAO,5452.1,BRL,Possimus earum expedita alias ipsa.,Brito,Teixeira de Barbosa,APROVADA,2026-07-25T11:44:32,2026-07-25T13:46:32,2026-07-25T23:19:00,batch_002
ce6dd89a-0ebc-45fe-bf0c-b1d252cc0547,814,,PIX,17116.36,BRL,Eveniet perferendis fuga ratione.,,da Luz,APROVADA,2026-07-25T07:09:00,2026-07-25T09:38:00,2026-07-25T23:19:00,batch_002
0d605082-1a43-4f9e-8e21-797987f8eeb1,351,,PIX,6910.32,BRL,Consectetur voluptates ratione dignissimos consequatur quas.,,Santos de Albuquerque,APROVADA,2026-07-19T23:30:07,2026-07-20T00:40:07,2026-07-25T23:19:00,batch_002
5b975353-19d9-4548-a0d8-fb4fb0eb3792,791,627.0,CARTAO,8789.63,BRL,Fuga nisi in ea aspernatur.,Macedo,Fogaça das Flores,APROVADA,2026-07-24T05:50:52,2026-07-24T08:27:52,2026-07-25T23:19:00,batch_002
1014a514-5532-47a3-b1ac-62e8a6e5d3a2,499,,TED,6101.05,BRL,Minima tenetur eligendi neque.,,Brito,APROVADA,2026-07-20T00:17:40,2026-07-20T03:17:40,2026-07-25T23:19:00,batch_002
26ba1637-9d82-41a5-b7a5-d809a723f4e9,1210,908.0,CARTAO,3688.07,BRL,Illo tempore illo expedita fuga aliquam.,da Mota Souza - ME,Freitas Grande,NEGADA,2026-07-20T11:30:35,2026-07-20T11:56:35,2026-07-25T23:19:00,batch_002
bcf6a834-4f61-4701-8899-1ef61483540a,162,,SAQUE,1802.09,BRL,Adipisci aspernatur eligendi ut beatae ex.,,Aparecida Grande,NEGADA,2026-07-21T13:03:01,2026-07-21T14:42:01,2026-07-25T23:19:00,batch_002
7f4dfbe1-8e1a-4ec4-82a0-237ca4afda8d,965,,PIX,509.41,BRL,Distinctio perspiciatis repellat tempora.,,Teixeira de da Costa,NEGADA,2026-07-19T07:34:17,2026-07-19T08:16:17,2026-07-25T23:19:00,batch_002
969ff97d-8c05-4fb3-a289-462b69f8a942,374,,SAQUE,11443.64,BRL,Suscipit blanditiis fuga ullam culpa quaerat.,,Montenegro,APROVADA,2026-07-25T02:50:16,2026-07-25T04:02:16,2026-07-25T23:19:00,batch_002
5b88aa5b-fbaf-4ee9-af9a-06125843ca23,225,,PIX,18720.81,BRL,Voluptate tempore consectetur harum odit porro.,,Melo,APROVADA,2026-07-24T13:32:18,2026-07-24T15:51:18,2026-07-25T23:19:00,batch_002
2d7b2806-da32-44d2-b3df-5151216d8626,1182,,SAQUE,1146.71,BRL,Nesciunt autem facilis asperiores enim ea.,,Macedo,APROVADA,2026-07-24T00:17:26,2026-07-24T02:49:26,2026-07-25T23:19:00,batch_002
8854f8ff-5c47-4e2a-9d85-cda91d4d8b4b,1138,,CARTAO,17789.36,BRL,Cum pariatur non porro commodi.,Peixoto e Filhos,Teixeira,APROVADA,2026-07-20T08:21:42,2026-07-20T08:38:42,2026-07-25T23:19:00,batch_002
a8bf1e0d-fbf4-4015-bd44-11b05eac2592,508,,BOLETO,2720.58,BRL,Modi facere minus et dolores.,,Silveira da Praia,APROVADA,2026-07-21T15:19:30,2026-07-21T16:29:30,2026-07-25T23:19:00,batch_002
2cf14f7d-bc47-45d2-98f8-4e8cfc2fa836,823,,BOLETO,18201.25,BRL,Tempora officiis fugit.,,Santos de Freitas,APROVADA,2026-07-22T21:15:35,2026-07-23T00:03:35,2026-07-25T23:19:00,batch_002
1d0f0a91-5c0a-4591-b47d-c560a8f19c2f,708,,BOLETO,6025.95,BRL,Eos ipsa possimus.,,Abreu,NEGADA,2026-07-25T01:00:04,2026-07-25T01:08:04,2026-07-25T23:19:00,batch_002
682365dd-6cc8-4731-8757-d2c27340a2c7,380,,SAQUE,14526.56,BRL,Dolorum non natus rerum dignissimos.,,da Conceição de Cavalcante,APROVADA,2026-07-20T05:24:43,2026-07-20T05:31:43,2026-07-25T23:19:00,batch_002
45fff74c-9d5e-4a25-acff-a7ad1e86f85d,498,435.0,CARTAO,10051.75,BRL,Quidem voluptas perferendis non deserunt.,Silveira,Porto Grande,APROVADA,2026-07-23T18:45:27,2026-07-23T21:06:27,2026-07-25T23:19:00,batch_002
a43f608f-603e-49f9-92e9-bc2bc889d1e8,1020,,BOLETO,11034.58,BRL,Facere distinctio deleniti cum totam.,,Aparecida,APROVADA,2026-07-20T13:38:12,2026-07-20T16:01:12,2026-07-25T23:19:00,batch_002
d916e8ac-43d9-4810-bf05-5fcacbf24eb7,876,803.0,CARTAO,12046.01,BRL,Voluptatum quia excepturi eaque.,Dias,Monteiro da Praia,APROVADA,2026-07-22T13:43:47,2026-07-22T14:55:47,2026-07-25T23:19:00,batch_002
5d1e3a6a-6ce0-450a-a080-127b69d8e091,1016,,BOLETO,1601.64,BRL,Modi quae maiores.,,Pacheco de Goiás,APROVADA,2026-07-20T21:14:53,2026-07-20T22:13:53,2026-07-25T23:19:00,batch_002
c665de95-90a9-40f6-ac3a-db917562c093,459,,SAQUE,8969.17,BRL,Quisquam quae veritatis repellendus dolorum illum.,,Souza de Goiás,APROVADA,2026-07-25T23:13:50,2026-07-26T00:43:50,2026-07-25T23:19:00,batch_002
f3efc69e-d067-4157-9c3e-31ffbb93211e,840,,SAQUE,3207.13,BRL,Totam facilis consequuntur ullam vero.,,Viana,APROVADA,2026-07-22T21:38:35,2026-07-23T00:10:35,2026-07-25T23:19:00,batch_002
c400563b-f0c8-4f4a-ba2c-56480011adf2,635,,PIX,10798.25,BRL,Quasi corporis quia explicabo aliquid adipisci.,,da Mata Grande,APROVADA,2026-07-19T13:29:29,2026-07-19T14:29:29,2026-07-25T23:19:00,batch_002
7cfe235d-77f0-40a9-a2ba-cdddcf9e04c6,359,645.0,CARTAO,5749.0,BRL,Quisquam consequuntur alias ipsa.,Sá,Casa Grande de Gomes,APROVADA,2026-07-21T13:09:03,2026-07-21T13:56:03,2026-07-25T23:19:00,batch_002
73c71153-75d7-495a-857a-03182372e8c8,1005,628.0,CARTAO,19281.85,BRL,Ad officia magnam.,Moura,Ferreira de Cirino,APROVADA,2026-07-21T16:43:14,2026-07-21T17:36:14,2026-07-25T23:19:00,batch_002
2f54ef4b-d3a0-4302-96ce-68c316f5e0b3,703,100.0,CARTAO,13089.21,BRL,Debitis aliquid possimus sunt.,Barbosa,Rocha,APROVADA,2026-07-19T23:16:56,2026-07-20T00:00:56,2026-07-25T23:19:00,batch_002
91696e8c-3e98-43db-9ee2-f89ae59a8ece,975,,SAQUE,2628.22,BRL,Fuga atque totam.,,Viana das Pedras,APROVADA,2026-07-21T22:25:54,2026-07-22T00:26:54,2026-07-25T23:19:00,batch_002
07516a1e-4729-4e14-82eb-3298a11a99c3,416,134.0,CARTAO,1199.57,BRL,Quasi aperiam laboriosam maiores soluta.,da Mata,Martins Paulista,APROVADA,2026-07-25T23:18:57,2026-07-26T00:03:57,2026-07-25T23:19:00,batch_002
26c48e45-2b81-4f70-814c-195b93142c38,929,,CARTAO,2580.41,BRL,Quo quod modi vero nostrum eos.,Moreira e Filhos,Souza Verde,APROVADA,2026-07-22T07:46:54,2026-07-22T08:29:54,2026-07-25T23:19:00,batch_002
f783e680-36cc-4a86-8f28-f1e40b200cd8,419,,SAQUE,19010.15,BRL,Dolorum provident quod.,,Nascimento dos Dourados,APROVADA,2026-07-21T12:27:09,2026-07-21T14:03:09,2026-07-25T23:19:00,batch_002
62da3f74-8c7b-496d-9aa2-9ffd00bf08e0,343,,CARTAO,6732.11,BRL,Ratione reiciendis alias mollitia fugiat ipsum.,Campos da Mata Ltda.,Garcia de Vargas,APROVADA,2026-07-23T19:38:28,2026-07-23T21:09:28,2026-07-25T23:19:00,batch_002
14047128-22ff-4e70-a6b4-4c7ae5068e96,966,,TED,3449.71,BRL,Impedit sequi laboriosam.,,Freitas,NEGADA,2026-07-20T04:12:26,2026-07-20T06:22:26,2026-07-25T23:19:00,batch_002
a594a818-594c-4132-8c22-c3fbac439e44,445,,SAQUE,2573.14,BRL,Perferendis quas esse.,,Fonseca,APROVADA,2026-07-24T23:43:19,2026-07-25T02:06:19,2026-07-25T23:19:00,batch_002
fe6c29c4-9c5b-40ac-b77e-46235eae9546,1217,,BOLETO,10160.14,BRL,Repellendus odit sapiente.,,Correia de Goiás,APROVADA,2026-07-21T05:03:15,2026-07-21T07:51:15,2026-07-25T23:19:00,batch_002
4a0fe70f-9d7b-4c29-94d2-5dd76de6d8a4,580,304.0,CARTAO,15096.79,BRL,Deleniti saepe beatae aperiam dolorem delectus.,Duarte,Cavalcanti,APROVADA,2026-07-21T09:11:17,2026-07-21T11:35:17,2026-07-25T23:19:00,batch_002
9150774e-3412-4761-abb2-02bee4b5e2e3,276,,SAQUE,4171.63,BRL,Tempora natus ex.,,Vasconcelos,APROVADA,2026-07-25T16:35:11,2026-07-25T18:29:11,2026-07-25T23:19:00,batch_002
ac00a4ab-f81e-45e9-8379-7211c28027bf,914,,SAQUE,2313.98,BRL,Veniam repellat fuga aut.,,Cassiano Paulista,APROVADA,2026-07-20T00:10:24,2026-07-20T02:18:24,2026-07-25T23:19:00,batch_002
3f5586a9-16c6-4c7a-9a8b-280025c83a06,702,,TED,1436.45,BRL,Libero amet sit quos.,,Caldeira da Praia,NEGADA,2026-07-23T13:55:06,2026-07-23T16:20:06,2026-07-25T23:19:00,batch_002
21e13388-ff45-4f76-9d43-3d2fd3f3d417,871,,BOLETO,10312.3,BRL,Sint a quos doloremque voluptate.,,Rios,APROVADA,2026-07-24T17:25:47,2026-07-24T19:14:47,2026-07-25T23:19:00,batch_002
1ea61012-816a-4bf1-bb57-cae0d4fec72f,313,,BOLETO,15164.67,BRL,Expedita porro eum sunt sequi.,,Aragão,APROVADA,2026-07-25T17:41:53,2026-07-25T18:16:53,2026-07-25T23:19:00,batch_002
3e604a05-f15d-4b47-88fc-1f451e00deb5,890,,BOLETO,125.63,BRL,Sed ullam sunt.,,Fogaça Grande,APROVADA,2026-07-20T10:16:00,2026-07-20T12:33:00,2026-07-25T23:19:00,batch_002
7d3782fd-edea-4db3-8111-b1268ff556fe,483,,TED,5950.23,BRL,Ex facilis molestiae voluptatibus.,,Vieira,APROVADA,2026-07-21T14:46:56,2026-07-21T16:43:56,2026-07-25T23:19:00,batch_002
83eb85d6-5fa2-42ab-bb37-8090baaaf02e,1034,,TED,253.17,BRL,Quam ut mollitia tempora libero.,,Mendes,APROVADA,2026-07-25T03:26:22,2026-07-25T05:02:22,2026-07-25T23:19:00,batch_002
0d5b4cec-6cb7-42d4-9f02-4546795a7e7a,1143,,SAQUE,8718.54,BRL,Quo delectus ipsa excepturi.,,Aragão do Amparo,APROVADA,2026-07-22T17:23:55,2026-07-22T19:53:55,2026-07-25T23:19:00,batch_002
2f494512-179a-40db-a4e9-cdebbd056f62,557,,CARTAO,3674.62,BRL,Voluptas doloribus nam consequatur placeat.,Fernandes,Cavalcanti,APROVADA,2026-07-22T00:03:53,2026-07-22T02:31:53,2026-07-25T23:19:00,batch_002
3d0b4265-d47b-4acb-afae-e8a09ffda084,481,,PIX,535.23,BRL,Amet fugit corrupti perspiciatis vel.,,Castro de Cavalcanti,APROVADA,2026-07-20T06:48:23,2026-07-20T08:14:23,2026-07-25T23:19:00,batch_002
18664f96-8d5d-4cd1-baa5-1dad3e5cc3ea,796,,PIX,17458.11,BRL,Velit pariatur quod accusantium praesentium.,,Abreu,APROVADA,2026-07-24T09:58:53,2026-07-24T10:53:53,2026-07-25T23:19:00,batch_002
e68cdbd1-bd39-4e7c-83cb-941b9ef059aa,210,,BOLETO,17044.49,BRL,Molestiae aut quidem porro officiis magni.,,Vieira do Norte,APROVADA,2026-07-21T05:23:36,2026-07-21T07:29:36,2026-07-25T23:19:00,batch_002
a7ca3318-945d-4593-bee0-55d2b152f914,964,,BOLETO,11127.94,BRL,Incidunt impedit soluta.,,Rocha,APROVADA,2026-07-23T13:32:04,2026-07-23T16:26:04,2026-07-25T23:19:00,batch_002
b8420cc9-6415-4284-938f-455fc0dba82d,97,,BOLETO,14013.84,BRL,Hic fugit amet aperiam voluptates.,,Costela,APROVADA,2026-07-22T03:10:06,2026-07-22T05:04:06,2026-07-25T23:19:00,batch_002
dc42f566-42a1-4114-b690-312e831d930f,954,736.0,CARTAO,9291.69,BRL,Reprehenderit ab sint voluptatibus quo dolore.,Gonçalves,Monteiro do Norte,APROVADA,2026-07-22T11:09:34,2026-07-22T12:12:34,2026-07-25T23:19:00,batch_002
3c71c71e-27c3-4640-8471-0b49d6e53d61,466,,BOLETO,15193.44,BRL,Alias dicta alias molestiae voluptate.,,da Conceição da Mata,APROVADA,2026-07-19T18:51:26,2026-07-19T21:01:26,2026-07-25T23:19:00,batch_002
16089f82-94c7-49cd-b4e2-1c203881274b,664,,BOLETO,9592.59,BRL,Dolores velit veniam tempora saepe.,,Jesus de da Costa,APROVADA,2026-07-20T16:32:57,2026-07-20T17:16:57,2026-07-25T23:19:00,batch_002
7843368a-b6e9-4833-ad0f-4f5d5df83831,119,,SAQUE,4948.83,BRL,Cum accusantium autem exercitationem esse id.,,Duarte Alegre,APROVADA,2026-07-20T06:58:50,2026-07-20T07:59:50,2026-07-25T23:19:00,batch_002
6eaa7af2-8923-40b6-b3c1-21b4f22c626b,1021,,BOLETO,19644.81,BRL,Doloremque dolorem eius porro minima.,,Peixoto,APROVADA,2026-07-22T15:53:58,2026-07-22T15:53:58,2026-07-25T23:19:00,batch_002
8aba17a6-f855-4c43-82e0-1a363b142a9f,168,,BOLETO,15097.96,BRL,Eaque hic quasi.,,Nunes de da Rosa,APROVADA,2026-07-25T00:29:30,2026-07-25T03:19:30,2026-07-25T23:19:00,batch_002
f7f71c30-7fd6-4eca-8b1b-c5c361b4f727,715,,TED,7036.65,BRL,Ipsa animi magnam culpa.,,da Paz dos Dourados,PENDENTE,2026-07-24T21:28:00,2026-07-24T22:57:00,2026-07-25T23:19:00,batch_002
09241a15-f620-41f3-a7b1-310e125c29ee,986,,PIX,17670.73,BRL,Labore iste voluptatem eligendi.,,das Neves do Oeste,APROVADA,2026-07-23T09:37:10,2026-07-23T10:56:10,2026-07-25T23:19:00,batch_002
a463cc10-8e44-41f1-bdab-6bf2e3bf8971,1141,,BOLETO,4077.47,BRL,Aut impedit dolorum quidem eaque cum.,,Albuquerque,APROVADA,2026-07-25T19:14:14,2026-07-25T21:46:14,2026-07-25T23:19:00,batch_002
10b18ec1-d41f-4d40-be20-8d16f1d734f0,425,,SAQUE,11913.42,BRL,Unde quis explicabo harum sunt.,,Lopes,APROVADA,2026-07-23T00:25:55,2026-07-23T00:58:55,2026-07-25T23:19:00,batch_002
f7a9cf1b-76ca-414d-a676-dfa48cf11d06,110,,PIX,10471.21,BRL,Quis cum nobis aliquid architecto sed.,,da Mota,APROVADA,2026-07-19T22:48:16,2026-07-20T01:16:16,2026-07-25T23:19:00,batch_002
b3235390-3158-4377-96f4-878767423f24,317,,TED,7171.84,BRL,Adipisci sed qui.,,Andrade da Mata,APROVADA,2026-07-20T19:46:17,2026-07-20T20:04:17,2026-07-25T23:19:00,batch_002
e300ad3b-173c-451c-83d2-8b4a4c23f669,271,,TED,17400.5,BRL,Iure facilis nisi.,,Pinto do Campo,APROVADA,2026-07-22T10:41:21,2026-07-22T13:37:21,2026-07-25T23:19:00,batch_002
5ee8ce7f-517d-43ad-bdb8-5dc0751c0cfa,864,,PIX,1405.15,BRL,Cumque eveniet beatae.,,da Rocha Grande,APROVADA,2026-07-25T17:12:13,2026-07-25T17:55:13,2026-07-25T23:19:00,batch_002
aed24aaf-83db-4adc-bffa-77cec2423f37,1145,,PIX,4893.69,BRL,A quam doloribus ducimus ratione.,,Rezende,APROVADA,2026-07-24T00:09:23,2026-07-24T02:08:23,2026-07-25T23:19:00,batch_002
7d73ebf6-f172-4c51-be26-bbbd0e93ab90,545,451.0,CARTAO,7505.33,BRL,Dignissimos aliquid veniam.,Pastor,Araújo Verde,APROVADA,2026-07-22T12:18:13,2026-07-22T13:16:13,2026-07-25T23:19:00,batch_002
5546170f-eec2-4b44-925a-dae2d305c39f,1077,,PIX,18240.45,BRL,Modi accusantium quaerat.,,Rocha,APROVADA,2026-07-21T22:19:14,2026-07-22T00:35:14,2026-07-25T23:19:00,batch_002
83de6bdf-ae61-4a94-9bb5-d743d7107b82,505,,TED,9338.36,BRL,Id sed accusantium.,,Lima,APROVADA,2026-07-20T07:19:31,2026-07-20T10:02:31,2026-07-25T23:19:00,batch_002
7e8dddff-c786-4b7d-ab7f-3a296a474315,1073,,PIX,12037.48,BRL,Quis nulla pariatur dolorem illum.,,Mendonça,APROVADA,2026-07-25T22:10:54,2026-07-26T00:16:54,2026-07-25T23:19:00,batch_002
a8dafc61-ef5c-468b-8df1-4ed8893d9bf3,115,,CARTAO,18454.67,BRL,Similique soluta unde perferendis.,Silva,da Cunha,APROVADA,2026-07-24T23:12:25,2026-07-25T01:11:25,2026-07-25T23:19:00,batch_002
1c119c02-a402-43d4-8057-c9cbef7b925f,701,,BOLETO,4714.5,BRL,Laborum dignissimos corrupti.,,da Cunha,APROVADA,2026-07-25T07:18:20,2026-07-25T07:50:20,2026-07-25T23:19:00,batch_002
aece74ef-a7c4-4d94-8671-534fd06a3094,679,,CARTAO,19788.38,BRL,Vero fuga voluptatum.,Porto,Vasconcelos das Pedras,NEGADA,2026-07-25T09:30:57,2026-07-25T11:27:57,2026-07-25T23:19:00,batch_002
b3eb99d8-df8f-4788-9184-c4eabf8badc6,75,,TED,16849.05,BRL,Repellat ab quasi ad.,,Gonçalves Alegre,APROVADA,2026-07-22T16:01:41,2026-07-22T17:46:41,2026-07-25T23:19:00,batch_002
22308e94-7457-49b3-a666-577a6d7cde37,101,,TED,4818.54,BRL,Repellat tempore aperiam eum dignissimos aperiam.,,da Mata de Gomes,APROVADA,2026-07-25T23:02:27,2026-07-26T00:52:27,2026-07-25T23:19:00,batch_002
4501b389-fd00-4861-b582-1db12426b1c8,590,,SAQUE,14974.6,BRL,Repellat labore ut quo.,,Fogaça de Cavalcante,APROVADA,2026-07-24T19:11:53,2026-07-24T19:33:53,2026-07-25T23:19:00,batch_002
3e2335cb-8d18-46f0-a87e-8a911fb5023c,8,,CARTAO,12416.42,BRL,Odio expedita laboriosam eius.,Araújo da Rocha Ltda.,Rodrigues de Fernandes,APROVADA,2026-07-20T11:57:09,2026-07-20T13:12:09,2026-07-25T23:19:00,batch_002
2563a3d4-95e1-4298-b4df-d1234b5c2bde,551,,SAQUE,11673.87,BRL,Consequuntur eius dignissimos fuga laudantium.,,Rezende,APROVADA,2026-07-24T04:23:20,2026-07-24T07:19:20,2026-07-25T23:19:00,batch_002
c4960cf6-fbbc-4451-b599-0603af18e5d3,537,,PIX,5956.7,BRL,Doloribus tenetur vero.,,Moraes do Amparo,APROVADA,2026-07-21T10:35:10,2026-07-21T13:34:10,2026-07-25T23:19:00,batch_002
989c7257-df1c-40af-9417-a133482dfc61,1090,,TED,2626.47,BRL,Harum labore provident debitis nostrum occaecati.,,da Mota,APROVADA,2026-07-22T07:12:59,2026-07-22T07:19:59,2026-07-25T23:19:00,batch_002
2f62a4dc-ca82-4f94-9439-1d5a6ab593a2,677,,TED,11729.13,BRL,Suscipit cumque tempora sed ducimus odit.,,Barbosa,PENDENTE,2026-07-21T11:09:16,2026-07-21T12:36:16,2026-07-25T23:19:00,batch_002
97fa4490-ee7e-4d04-a10c-81651a872b87,1145,,TED,8093.78,BRL,Accusantium porro voluptatibus.,,Nascimento de Fogaça,APROVADA,2026-07-25T06:34:35,2026-07-25T09:11:35,2026-07-25T23:19:00,batch_002
458cdc88-866f-4fbe-b1c4-32802ddb7ac9,172,617.0,CARTAO,4350.98,BRL,Exercitationem dolores natus.,Sousa - ME,Montenegro das Pedras,APROVADA,2026-07-23T23:17:31,2026-07-24T00:33:31,2026-07-25T23:19:00,batch_002
c85a4cdb-a478-4b0d-b3e9-0538631287d1,391,,CARTAO,2622.2,BRL,Perferendis molestiae odio suscipit consequuntur.,Teixeira - ME,da Cruz,APROVADA,2026-07-23T08:22:46,2026-07-23T10:17:46,2026-07-25T23:19:00,batch_002
d55082fd-3de9-48c7-bd0d-768897de6412,1047,,BOLETO,18233.63,BRL,Perspiciatis atque minus.,,Montenegro,APROVADA,2026-07-24T16:43:04,2026-07-24T17:21:04,2026-07-25T23:19:00,batch_002
3ac6a80d-9dcf-4b74-9a9b-4623a25be00a,625,,TED,14539.55,BRL,Laudantium ad aliquam dolor quod cum.,,Andrade do Galho,APROVADA,2026-07-25T22:51:52,2026-07-26T01:48:52,2026-07-25T23:19:00,batch_002
d91438c3-1a4c-44ae-8325-6a397ed4e661,975,,SAQUE,7801.33,BRL,Mollitia ipsa explicabo eum amet dolorum.,,Dias do Sul,APROVADA,2026-07-23T14:47:39,2026-07-23T16:15:39,2026-07-25T23:19:00,batch_002
c7558fc7-e166-4378-9dac-c96fb8f2434d,1072,,PIX,444.27,BRL,Iure voluptatibus deleniti non quis reiciendis.,,Ferreira de Garcia,APROVADA,2026-07-21T15:35:56,2026-07-21T16:07:56,2026-07-25T23:19:00,batch_002
d251dcf4-07f3-4662-92fc-80c8aeb53318,1145,,TED,5369.92,BRL,Qui quidem voluptate ducimus hic perferendis.,,Machado de Goiás,APROVADA,2026-07-19T06:57:48,2026-07-19T09:39:48,2026-07-25T23:19:00,batch_002
fbbe0161-5adc-4d77-bf8d-fa25e1d69193,847,,TED,6418.23,BRL,Tempore modi vitae.,,da Luz da Prata,APROVADA,2026-07-19T20:54:32,2026-07-19T21:14:32,2026-07-25T23:19:00,batch_002
4131ebd1-86b5-44a2-865a-9c28bf304864,1216,,TED,19415.44,BRL,Fugiat nobis distinctio facilis.,,das Neves de Goiás,APROVADA,2026-07-20T11:51:24,2026-07-20T13:55:24,2026-07-25T23:19:00,batch_002
f4e1c001-a1ba-4ba9-9232-8cb36d5bf404,899,,CARTAO,10541.25,BRL,Sed iste ad.,Ferreira,Pastor,APROVADA,2026-07-21T09:31:17,2026-07-21T12:20:17,2026-07-25T23:19:00,batch_002
b6f3f980-4d06-4b40-bfaf-cbd5ff7bc1af,118,,SAQUE,17470.24,BRL,Numquam iure voluptate magni nemo.,,Monteiro Verde,APROVADA,2026-07-20T11:23:12,2026-07-20T11:38:12,2026-07-25T23:19:00,batch_002
0a774b54-4ff3-42e4-b253-56ecc86298be,563,,SAQUE,18727.19,BRL,Temporibus architecto aspernatur tenetur non.,,Fernandes,APROVADA,2026-07-21T06:32:24,2026-07-21T07:11:24,2026-07-25T23:19:00,batch_002
233be10a-0db4-4cae-8957-4714445e7801,281,,BOLETO,5318.75,BRL,Asperiores ullam quia facilis.,,Pinto de Goiás,APROVADA,2026-07-20T11:38:19,2026-07-20T14:15:19,2026-07-25T23:19:00,batch_002
4423c758-6a4c-4887-a2c6-9ae8edf7f973,870,,CARTAO,18792.62,BRL,Suscipit explicabo veritatis autem.,Costa,Cirino,APROVADA,2026-07-23T13:13:46,2026-07-23T13:25:46,2026-07-25T23:19:00,batch_002
538a0892-8c40-4585-9d05-0942655b6fb9,385,3.0,CARTAO,18834.8,BRL,Ut exercitationem sit itaque similique recusandae.,Melo,Câmara de Goiás,APROVADA,2026-07-24T10:11:43,2026-07-24T10:37:43,2026-07-25T23:19:00,batch_002
5ccdb73c-e823-4c4d-b97d-6417e6134ab2,1203,,SAQUE,14017.85,BRL,Quia pariatur aspernatur occaecati eveniet ea.,,Barbosa Paulista,APROVADA,2026-07-21T14:41:30,2026-07-21T17:38:30,2026-07-25T23:19:00,batch_002
2b13223c-1e32-40a5-97ee-7a28b6154332,680,,CARTAO,11172.03,BRL,Nostrum nam est nulla amet.,da Conceição,Moreira Verde,APROVADA,2026-07-19T03:59:09,2026-07-19T06:34:09,2026-07-25T23:19:00,batch_002
1aa369ab-b05b-41d2-8bd1-caf792cd069d,4,383.0,CARTAO,19410.19,BRL,Reiciendis a maiores est.,Porto,Costela de Sales,APROVADA,2026-07-21T14:16:55,2026-07-21T16:18:55,2026-07-25T23:19:00,batch_002
a8b3c41b-b6de-4830-b922-36005fd63f3a,22,,BOLETO,9490.47,BRL,Enim magni nostrum unde eaque.,,Vieira do Campo,APROVADA,2026-07-19T12:41:07,2026-07-19T14:58:07,2026-07-25T23:19:00,batch_002
691a4409-3820-4aae-bb14-da65b8811f44,1209,,TED,17365.48,BRL,Tempore maiores autem quasi temporibus dolorum.,,Monteiro Grande,APROVADA,2026-07-23T23:35:33,2026-07-24T00:07:33,2026-07-25T23:19:00,batch_002
ec4de14b-cbaf-4878-bb82-2356ea86bbfd,172,314.0,CARTAO,11009.81,BRL,Excepturi perferendis cumque esse possimus earum.,Garcia Ltda.,Marques de Ferreira,APROVADA,2026-07-19T16:53:40,2026-07-19T19:44:40,2026-07-25T23:19:00,batch_002
c0941a1b-1ed7-4910-8c09-c68a1e7d3606,305,,PIX,11753.53,BRL,Pariatur blanditiis velit saepe autem neque.,,Pereira,APROVADA,2026-07-22T10:31:45,2026-07-22T13:00:45,2026-07-25T23:19:00,batch_002
2bd72d24-f9ff-44eb-b595-0626705e789d,314,,TED,7412.89,BRL,Doloribus cumque sapiente perspiciatis error itaque.,,Gonçalves,APROVADA,2026-07-22T23:01:14,2026-07-23T01:14:14,2026-07-25T23:19:00,batch_002
073cb76f-be13-4334-b87f-e3d14fe01ffc,519,,BOLETO,40.01,BRL,Libero unde quas temporibus similique.,,Pinto,APROVADA,2026-07-19T16:17:37,2026-07-19T17:27:37,2026-07-25T23:19:00,batch_002
01b5b935-9b3c-4905-9aa1-c5a51f752576,735,,PIX,17467.6,BRL,Quod dolorum cum accusantium magnam.,,Gonçalves,APROVADA,2026-07-24T21:37:03,2026-07-24T23:47:03,2026-07-25T23:19:00,batch_002
b57f6460-dc3c-4890-8593-9b90e60b90ae,145,,BOLETO,15023.0,BRL,Laborum ullam laborum voluptates nihil.,,Machado,APROVADA,2026-07-23T21:54:56,2026-07-24T00:32:56,2026-07-25T23:19:00,batch_002
26668392-2421-44f5-b40c-7e5b0f8072ec,31,,PIX,6265.29,BRL,Iste consectetur pariatur architecto debitis.,,Pastor da Mata,APROVADA,2026-07-19T20:50:56,2026-07-19T22:30:56,2026-07-25T23:19:00,batch_002
c95c16fb-28f5-4a07-bb20-9bc6c11be2b1,131,,CARTAO,13789.56,BRL,Quo nisi laudantium quaerat labore tempora.,Montenegro,da Cunha,APROVADA,2026-07-22T16:04:41,2026-07-22T18:13:41,2026-07-25T23:19:00,batch_002
4f6962a8-e346-4532-ad86-de1c9d2617a2,291,,BOLETO,10131.92,BRL,Eveniet et commodi esse atque voluptatibus facilis.,,Leão,APROVADA,2026-07-23T09:47:17,2026-07-23T10:31:17,2026-07-25T23:19:00,batch_002
2b3a864d-be47-41c2-9d2a-2a532c7fec1a,320,,BOLETO,13052.8,BRL,Saepe veniam nam rem.,,das Neves,APROVADA,2026-07-20T00:17:02,2026-07-20T01:36:02,2026-07-25T23:19:00,batch_002
91cf978e-e996-4159-9f87-ddbb2a2d7de5,713,,PIX,12010.85,BRL,Deserunt consequatur accusamus adipisci praesentium.,,Nunes,APROVADA,2026-07-19T12:52:19,2026-07-19T15:29:19,2026-07-25T23:19:00,batch_002
4def69b3-ceec-4ff6-afc3-6038421b68e2,890,,PIX,5324.87,BRL,Aliquam amet labore.,,Sá de Pimenta,APROVADA,2026-07-24T16:20:05,2026-07-24T18:38:05,2026-07-25T23:19:00,batch_002
b0e01dc3-881a-4bf2-9326-59da34b09c33,886,,SAQUE,11994.71,BRL,Ea accusantium asperiores dignissimos.,,Monteiro,APROVADA,2026-07-23T03:52:51,2026-07-23T06:02:51,2026-07-25T23:19:00,batch_002
f53ebde6-a10b-4ad0-90e1-1f9611530731,824,,TED,12321.85,BRL,Sunt ducimus voluptatum.,,Macedo Paulista,APROVADA,2026-07-25T17:36:13,2026-07-25T17:44:13,2026-07-25T23:19:00,batch_002
139a7921-de11-46ed-b409-551d2e8e8040,330,,SAQUE,2834.7,BRL,Voluptatem pariatur et fugit.,,Caldeira,APROVADA,2026-07-25T00:54:55,2026-07-25T02:39:55,2026-07-25T23:19:00,batch_002
0e965c19-53fb-42a1-8b3d-aaa43349cca0,74,,BOLETO,18827.76,BRL,Alias soluta excepturi explicabo deserunt iure magni.,,Nunes do Sul,APROVADA,2026-07-23T08:39:47,2026-07-23T09:45:47,2026-07-25T23:19:00,batch_002
83ddf49d-9bb5-45d9-954d-ac5af965e4ba,69,,CARTAO,18576.76,BRL,Expedita unde mollitia similique adipisci voluptatibus.,Camargo S.A.,da Cunha,APROVADA,2026-07-21T17:04:55,2026-07-21T18:48:55,2026-07-25T23:19:00,batch_002
8021582d-d45a-44e0-9588-e5454096dd9d,769,,BOLETO,9878.43,BRL,In eligendi totam voluptatem ab eum.,,Sales do Oeste,APROVADA,2026-07-22T16:39:12,2026-07-22T18:54:12,2026-07-25T23:19:00,batch_002
b8ad7327-65d7-40f6-ad2e-26f971dff241,106,,SAQUE,4651.03,BRL,Molestiae explicabo quos.,,da Cunha Paulista,APROVADA,2026-07-25T03:39:30,2026-07-25T05:10:30,2026-07-25T23:19:00,batch_002
5c211a5d-abbd-455c-8a94-1e6f998a7df6,460,,PIX,658.47,BRL,Magni neque error illum voluptate ad voluptatem.,,Brito do Galho,APROVADA,2026-07-19T09:07:25,2026-07-19T11:19:25,2026-07-25T23:19:00,batch_002
1fc93ab8-977b-4acb-a3f8-76fc4dc5e068,79,,PIX,19096.67,BRL,At sequi provident omnis rerum aperiam.,,Monteiro Paulista,APROVADA,2026-07-19T03:17:45,2026-07-19T05:30:45,2026-07-25T23:19:00,batch_002
cb87ae77-acea-4ef1-a572-9dc9bd1f2f18,996,,TED,3854.3,BRL,Numquam minus consectetur minima repudiandae.,,Barros,APROVADA,2026-07-20T09:17:19,2026-07-20T10:05:19,2026-07-25T23:19:00,batch_002
fc5c0b31-3366-40d4-be46-c8fb45ff80ff,609,,BOLETO,10180.86,BRL,Error aperiam accusantium omnis.,,Duarte da Praia,APROVADA,2026-07-19T10:07:41,2026-07-19T11:18:41,2026-07-25T23:19:00,batch_002
537fece9-6708-4191-a8fd-67764f38dff9,718,,SAQUE,18676.18,BRL,Harum similique nisi illo et.,,Pereira,APROVADA,2026-07-19T18:57:09,2026-07-19T21:18:09,2026-07-25T23:19:00,batch_002
40c2b18e-7737-41e1-8826-7aac17cde8a2,1091,,SAQUE,6479.05,BRL,Itaque inventore molestias ipsum distinctio tenetur.,,Barros das Pedras,APROVADA,2026-07-24T18:43:39,2026-07-24T20:15:39,2026-07-25T23:19:00,batch_002
e066d54a-2150-4b47-82d1-aa6517eec1ec,92,,BOLETO,12893.05,BRL,Dignissimos possimus enim nam repellendus debitis.,,Rios,APROVADA,2026-07-23T09:27:40,2026-07-23T12:02:40,2026-07-25T23:19:00,batch_002
0b563dce-b90a-49e6-b244-5929c768e91f,831,,TED,1692.69,BRL,Officia tempore facere.,,Farias das Pedras,APROVADA,2026-07-21T07:29:32,2026-07-21T09:55:32,2026-07-25T23:19:00,batch_002
3c457a78-d268-4263-84ed-634dee18d2a1,991,,TED,7441.49,BRL,Dolore consequatur omnis ipsa sit.,,Campos de Dias,NEGADA,2026-07-24T01:26:30,2026-07-24T03:59:30,2026-07-25T23:19:00,batch_002
e3387bac-6b3d-462d-bcab-35c8b925d0a5,962,647.0,CARTAO,15764.13,BRL,Qui mollitia debitis eaque maxime molestias.,Oliveira,Cardoso,APROVADA,2026-07-24T15:57:23,2026-07-24T17:10:23,2026-07-25T23:19:00,batch_002
e7e58495-905c-441d-b72c-15c97e561176,1173,,TED,11315.77,BRL,Ipsam aliquam laboriosam.,,da Luz da Serra,APROVADA,2026-07-20T09:46:38,2026-07-20T09:50:38,2026-07-25T23:19:00,batch_002
96e2c296-ea81-4a59-bf95-c22834fcb26f,438,,SAQUE,16200.08,BRL,Nisi dignissimos ad.,,Jesus,APROVADA,2026-07-23T10:17:47,2026-07-23T12:39:47,2026-07-25T23:19:00,batch_002
3a0ad5fa-4301-4959-b6ef-cb525506c99f,1218,,SAQUE,17361.81,BRL,Ut saepe officiis eveniet repudiandae.,,da Rocha de Guerra,APROVADA,2026-07-20T03:52:55,2026-07-20T03:56:55,2026-07-25T23:19:00,batch_002
c265445b-f005-426a-98d3-6da98f33004c,595,325.0,CARTAO,16847.73,BRL,Animi veritatis ut est.,Correia,Marques do Oeste,APROVADA,2026-07-20T22:08:07,2026-07-20T23:29:07,2026-07-25T23:19:00,batch_002
56419c91-4a6a-41e6-8cb4-79cba9783908,495,,PIX,3292.63,BRL,Itaque sed unde.,,Jesus das Flores,APROVADA,2026-07-24T08:41:54,2026-07-24T10:12:54,2026-07-25T23:19:00,batch_002
bd2bf8e8-a57a-4a2f-955d-f656eb408956,1120,,SAQUE,9693.38,BRL,Omnis aut pariatur debitis repellendus.,,Gomes,APROVADA,2026-07-21T17:15:13,2026-07-21T17:33:13,2026-07-25T23:19:00,batch_002
f2ffbda0-5df0-4dd6-9a10-83de4847d31c,926,,PIX,2929.5,BRL,Fugit illum nesciunt velit ab mollitia.,,Novaes da Serra,APROVADA,2026-07-20T22:25:47,2026-07-21T00:13:47,2026-07-25T23:19:00,batch_002
c06a8cff-809e-48a4-b1f7-8675cfe622c4,722,163.0,CARTAO,9603.44,BRL,Impedit velit nobis pariatur suscipit.,Sales S.A.,Ribeiro,APROVADA,2026-07-24T22:36:43,2026-07-24T23:28:43,2026-07-25T23:19:00,batch_002
37bc0694-92e2-412a-a504-10e42ada30f1,375,,PIX,2238.88,BRL,Provident minus unde officia omnis.,,Nascimento,APROVADA,2026-07-23T09:57:03,2026-07-23T11:54:03,2026-07-25T23:19:00,batch_002
d6bbb503-2388-4417-a114-6428c7ad5989,1058,,BOLETO,2623.51,BRL,Saepe vero rerum consectetur.,,Borges,NEGADA,2026-07-19T17:42:54,2026-07-19T18:02:54,2026-07-25T23:19:00,batch_002
c32fc6ca-d283-4d58-82e6-75a874fc78a6,245,,PIX,5512.12,BRL,Sed tempore veritatis.,,Costa de Souza,APROVADA,2026-07-20T06:39:06,2026-07-20T08:48:06,2026-07-25T23:19:00,batch_002
183679ec-702b-4254-9dde-0db3499de4f1,176,,CARTAO,11035.58,BRL,Porro molestias earum debitis quaerat corrupti.,Cavalcante,Silva,APROVADA,2026-07-23T11:43:26,2026-07-23T14:32:26,2026-07-25T23:19:00,batch_002
c8ddfaa6-2769-4628-998d-ffec98509aca,1073,,PIX,2541.91,BRL,Cupiditate molestias consequatur nisi quae dolorum.,,da Mota,APROVADA,2026-07-22T08:49:48,2026-07-22T11:49:48,2026-07-25T23:19:00,batch_002
444ba9df-4f0c-45a1-b3e8-d93b08c7b8a1,495,,CARTAO,15878.66,BRL,Quos quae veniam nulla.,Fogaça,Rodrigues,APROVADA,2026-07-21T10:13:59,2026-07-21T11:00:59,2026-07-25T23:19:00,batch_002
26e5377d-34a7-459d-84d7-c3bd6171ebe5,968,,CARTAO,16770.41,BRL,Corrupti quas laborum optio quasi excepturi.,Freitas da Cunha - ME,Siqueira,APROVADA,2026-07-19T15:33:39,2026-07-19T17:27:39,2026-07-25T23:19:00,batch_002
87c7bedc-e870-4f02-99cb-e00e95ec07c6,403,,SAQUE,17129.4,BRL,Facere vitae dolore deserunt quisquam.,,Novais das Pedras,APROVADA,2026-07-25T21:04:03,2026-07-25T22:49:03,2026-07-25T23:19:00,batch_002
cceb4ef2-d388-46d3-b938-12b49f559d14,292,841.0,CARTAO,16043.0,BRL,Officiis ratione non nam quas.,da Mota,Alves,APROVADA,2026-07-23T23:12:32,2026-07-24T01:13:32,2026-07-25T23:19:00,batch_002
cf6a7d0b-6ec5-438c-928a-1b28ee7b48d1,135,,TED,367.96,BRL,Quam sint sint placeat.,,Abreu da Prata,APROVADA,2026-07-19T06:16:59,2026-07-19T07:28:59,2026-07-25T23:19:00,batch_002
ede5b7bb-c7ba-4899-be3a-b22473b873cd,885,165.0,CARTAO,2838.25,BRL,Doloribus autem necessitatibus dolore.,Viana,da Cruz Grande,APROVADA,2026-07-23T02:34:05,2026-07-23T04:41:05,2026-07-25T23:19:00,batch_002
cf13f883-402f-432d-85aa-34bf3d32dfc7,24,,PIX,7812.79,BRL,Amet culpa omnis.,,Andrade do Campo,APROVADA,2026-07-20T10:35:35,2026-07-20T12:17:35,2026-07-25T23:19:00,batch_002
6a7eb736-93a1-4d46-9e99-c4925e3bc795,1219,,BOLETO,2894.48,BRL,Non totam eius distinctio at.,,Nascimento,APROVADA,2026-07-23T08:11:05,2026-07-23T10:44:05,2026-07-25T23:19:00,batch_002
9702ded0-60e8-4fd4-adb5-c76c098bee6e,381,,BOLETO,5056.62,BRL,Error molestiae dolorem incidunt esse.,,Novais do Oeste,APROVADA,2026-07-19T17:57:07,2026-07-19T20:08:07,2026-07-25T23:19:00,batch_002
6bb60ed7-ddcc-4814-831b-51a4872a008e,610,,TED,16850.45,BRL,Recusandae distinctio quibusdam laboriosam natus.,,Moura Verde,APROVADA,2026-07-24T01:24:12,2026-07-24T01:49:12,2026-07-25T23:19:00,batch_002
66e26bb6-3a56-4cfb-bfb7-ada4d465a283,801,,SAQUE,2998.88,BRL,Dolor voluptate impedit commodi voluptatibus.,,da Rocha,APROVADA,2026-07-21T18:22:55,2026-07-21T19:27:55,2026-07-25T23:19:00,batch_002
7b79c6f9-03f7-4697-a43c-2885a0532c25,329,,BOLETO,944.02,BRL,Fugiat nihil quo molestias voluptatum ab.,,Santos de Costa,NEGADA,2026-07-22T14:31:38,2026-07-22T17:01:38,2026-07-25T23:19:00,batch_002
c066b226-ac3f-4363-9eed-cf2e735bd199,778,126.0,CARTAO,17591.56,BRL,Iste quod nam provident similique.,Sá Nogueira Ltda.,Melo,APROVADA,2026-07-22T00:11:43,2026-07-22T01:08:43,2026-07-25T23:19:00,batch_002
9d6c76c2-8360-48a7-8377-815ab8e1f850,1210,,PIX,2449.01,BRL,Blanditiis totam modi dolorum perferendis.,,Nunes,APROVADA,2026-07-23T19:26:21,2026-07-23T20:00:21,2026-07-25T23:19:00,batch_002
e0772c18-d783-4921-8e01-2abf8fae4043,807,,BOLETO,14401.93,BRL,Aspernatur occaecati culpa.,,Peixoto,APROVADA,2026-07-21T09:29:55,2026-07-21T12:18:55,2026-07-25T23:19:00,batch_002
ec0942dc-a3f7-4e74-82b2-c383fb1b34c9,553,,SAQUE,15914.16,BRL,Quas voluptate exercitationem ut.,,da Paz,APROVADA,2026-07-24T18:01:32,2026-07-24T19:04:32,2026-07-25T23:19:00,batch_002
1325092c-c540-44c0-a174-8d381ff66369,926,,SAQUE,11296.58,BRL,Veritatis tempora laboriosam maiores consectetur.,,Mendes,APROVADA,2026-07-22T20:31:54,2026-07-22T23:11:54,2026-07-25T23:19:00,batch_002
b1cc05fc-d24b-45cd-8a59-0de435d9c2b0,546,,CARTAO,3518.87,BRL,Expedita fugit ipsam commodi.,Gomes Garcia Ltda.,Teixeira,APROVADA,2026-07-25T03:46:08,2026-07-25T06:36:08,2026-07-25T23:19:00,batch_002
26164d26-498c-4619-8259-496e7cbef0d2,874,,CARTAO,1125.9,BRL,Cupiditate minima mollitia.,da Cruz,Vargas Alegre,APROVADA,2026-07-22T06:46:53,2026-07-22T09:23:53,2026-07-25T23:19:00,batch_002
d4ba330d-408f-40b1-b7d1-8c5612cc64d8,755,,BOLETO,1567.22,BRL,Ut aperiam corporis dignissimos odit.,,Casa Grande do Oeste,APROVADA,2026-07-20T00:51:27,2026-07-20T00:52:27,2026-07-25T23:19:00,batch_002
8959ffe9-1af3-4f0c-bfe0-2cacc3f1cd42,435,,BOLETO,9919.75,BRL,A aspernatur ex quas atque pariatur.,,Nascimento das Flores,NEGADA,2026-07-19T15:24:55,2026-07-19T16:46:55,2026-07-25T23:19:00,batch_002
4fa740f5-c410-4779-b1dd-d5659d67e974,392,,TED,15566.27,BRL,Temporibus eum totam nostrum.,,Aparecida Paulista,APROVADA,2026-07-25T15:37:26,2026-07-25T17:59:26,2026-07-25T23:19:00,batch_002
4179ec7e-21a4-499d-aa8d-e5855555686c,768,,SAQUE,3363.65,BRL,Voluptatum soluta nostrum sequi dolorem.,,Sales de Pires,APROVADA,2026-07-23T02:39:36,2026-07-23T02:44:36,2026-07-25T23:19:00,batch_002
5b37a52b-0fc3-4d97-bf3d-6af76dee700c,850,,TED,3545.77,BRL,Dolorum et quis iure.,,Mendonça,APROVADA,2026-07-21T20:33:40,2026-07-21T22:46:40,2026-07-25T23:19:00,batch_002
980b957e-0ebd-4b7e-830b-b10dad4c1efb,1198,,SAQUE,6837.63,BRL,Consequatur dolore voluptatem occaecati.,,Lima da Praia,APROVADA,2026-07-24T13:32:48,2026-07-24T16:14:48,2026-07-25T23:19:00,batch_002
0593dc6f-2c55-4481-9e74-24b530bc858b,485,,TED,4658.47,BRL,Ratione cumque ipsam rerum laudantium sint.,,Sales de Andrade,APROVADA,2026-07-25T09:20:43,2026-07-25T09:55:43,2026-07-25T23:19:00,batch_002
8e4f84b5-a31e-4644-a5ce-2ea89e7802ae,534,,BOLETO,6050.82,BRL,Molestias quod tempora.,,Montenegro,APROVADA,2026-07-23T06:53:31,2026-07-23T08:20:31,2026-07-25T23:19:00,batch_002
8c194e17-0807-4ce8-a85f-f42ec150c936,928,,CARTAO,5446.09,BRL,Aut sequi culpa impedit.,Pinto Barbosa Ltda.,da Mata,APROVADA,2026-07-22T09:41:55,2026-07-22T10:43:55,2026-07-25T23:19:00,batch_002
99ac69bd-90c1-418c-a67e-9f69d162bcd0,978,453.0,CARTAO,18882.66,BRL,Accusamus tenetur suscipit.,Mendes Cassiano - EI,Borges do Campo,APROVADA,2026-07-25T16:59:50,2026-07-25T17:36:50,2026-07-25T23:19:00,batch_002
fad67398-ad0b-4a8e-b995-9bc248df8a08,33,,BOLETO,13828.69,BRL,Optio blanditiis cum.,,Silveira das Pedras,APROVADA,2026-07-25T07:49:17,2026-07-25T10:33:17,2026-07-25T23:19:00,batch_002
42568a14-edd9-40d9-a21a-00cfb7a9f5eb,849,,PIX,9459.83,BRL,Nostrum omnis placeat sit.,,Vieira,NEGADA,2026-07-21T12:43:01,2026-07-21T13:25:01,2026-07-25T23:19:00,batch_002
32f3fc8b-6d15-43dd-a3e2-19157bdaba9e,605,,BOLETO,39.68,BRL,Cupiditate minima enim consectetur.,,Almeida da Serra,APROVADA,2026-07-21T01:03:55,2026-07-21T01:16:55,2026-07-25T23:19:00,batch_002
f21a5131-83ca-453e-b5a6-cd7d78db4991,57,,TED,6602.9,BRL,Officia velit porro.,,Pastor,NEGADA,2026-07-24T14:20:52,2026-07-24T14:35:52,2026-07-25T23:19:00,batch_002
2cb1ad32-3b69-4773-8ff0-a5a9e2714375,784,,TED,14304.87,BRL,Provident placeat ab ea error cumque deleniti.,,Barbosa,APROVADA,2026-07-21T12:46:53,2026-07-21T14:18:53,2026-07-25T23:19:00,batch_002
20755a30-713f-44f3-ba9a-60c7733a43c6,596,,SAQUE,8627.49,BRL,Hic consequatur dicta.,,Cavalcanti do Sul,APROVADA,2026-07-21T18:57:51,2026-07-21T21:46:51,2026-07-25T23:19:00,batch_002
8fe174fc-584d-4f80-a406-d096702fb82a,1101,,PIX,7130.31,BRL,Cum neque doloremque suscipit sint nesciunt.,,Oliveira do Sul,APROVADA,2026-07-22T11:32:29,2026-07-22T11:45:29,2026-07-25T23:19:00,batch_002
25e96777-893c-492b-a24f-29f7acb8b8b2,277,,PIX,17575.83,BRL,Excepturi ab vitae illum.,,Monteiro de Minas,APROVADA,2026-07-23T15:39:26,2026-07-23T18:30:26,2026-07-25T23:19:00,batch_002
a6a4307e-2986-4555-9dde-2fbbc688fd9c,1057,,TED,2397.19,BRL,Rerum ratione iste praesentium assumenda error.,,da Costa,APROVADA,2026-07-21T13:02:23,2026-07-21T14:18:23,2026-07-25T23:19:00,batch_002
af7e16da-246e-4c30-be8a-01e1bfddd6a9,615,,TED,14603.14,BRL,Eveniet eligendi nulla odio dolor.,,Silveira,APROVADA,2026-07-19T02:50:36,2026-07-19T03:58:36,2026-07-25T23:19:00,batch_002
99273260-e705-49bd-9f4e-1ef6022ff7e5,1191,,TED,1172.08,BRL,Dolorum optio blanditiis doloremque.,,Costa de Rios,APROVADA,2026-07-23T14:06:19,2026-07-23T16:54:19,2026-07-25T23:19:00,batch_002
56495576-c873-481b-85a5-7dafb4d36464,90,,TED,18529.49,BRL,Voluptas molestias deserunt autem nulla.,,Guerra de Rodrigues,APROVADA,2026-07-22T20:02:59,2026-07-22T21:03:59,2026-07-25T23:19:00,batch_002
0a2a7b52-6bdc-4637-9370-fce9b3f171dc,901,,TED,17409.86,BRL,Nulla debitis deleniti laborum ex magni.,,Montenegro de Minas,APROVADA,2026-07-21T19:45:13,2026-07-21T22:20:13,2026-07-25T23:19:00,batch_002
3c1e417b-5d11-4376-8494-a7a61fb3d091,1201,,CARTAO,14628.59,BRL,Rem autem facilis ducimus repudiandae.,Melo,Almeida dos Dourados,APROVADA,2026-07-22T06:39:16,2026-07-22T07:48:16,2026-07-25T23:19:00,batch_002
85644ba1-aec9-46a1-b0bf-1d24dfd0fe51,79,,TED,12852.36,BRL,Necessitatibus quibusdam iusto delectus nisi ipsa.,,Peixoto de Andrade,APROVADA,2026-07-23T12:03:12,2026-07-23T13:34:12,2026-07-25T23:19:00,batch_002
2469fba1-1616-4c1c-9f18-ba04bf63ed09,256,,PIX,3015.18,BRL,Tempora voluptatum ullam debitis.,,Vieira de Pacheco,APROVADA,2026-07-21T15:08:52,2026-07-21T17:17:52,2026-07-25T23:19:00,batch_002
20d7de78-5aba-4378-ac6e-d2c8353bd591,788,,TED,17647.24,BRL,Architecto molestiae accusamus praesentium.,,Barros,APROVADA,2026-07-23T06:13:39,2026-07-23T08:04:39,2026-07-25T23:19:00,batch_002
89974023-e640-4525-956b-5121d0a6e893,565,,PIX,6185.88,BRL,Sit corporis adipisci.,,Melo,APROVADA,2026-07-21T01:37:28,2026-07-21T02:07:28,2026-07-25T23:19:00,batch_002
4bddbb0c-e6df-4078-8eb4-0a6903e34d79,461,,SAQUE,2190.94,BRL,Explicabo excepturi libero.,,Andrade,APROVADA,2026-07-25T00:56:47,2026-07-25T03:35:47,2026-07-25T23:19:00,batch_002
8ba8fdc5-5172-4d50-8a9f-0d897b32a629,503,,BOLETO,18867.88,BRL,Magni sed facilis.,,Casa Grande de da Luz,APROVADA,2026-07-24T05:34:43,2026-07-24T05:47:43,2026-07-25T23:19:00,batch_002
4f94f913-323a-475f-8ce0-957a8c74674b,1053,,TED,17369.56,BRL,Cupiditate nostrum vero temporibus sunt laboriosam.,,Moura da Praia,APROVADA,2026-07-20T19:05:05,2026-07-20T20:46:05,2026-07-25T23:19:00,batch_002
b6d75aee-3e3c-49d8-a671-b523ae2ea69a,980,18.0,CARTAO,7993.0,BRL,Iste quia fugiat dolore maiores deleniti.,Rezende,Abreu Paulista,APROVADA,2026-07-20T12:54:21,2026-07-20T13:46:21,2026-07-25T23:19:00,batch_002
b350d60c-5160-4d65-94be-39eb4fff7dfa,577,,BOLETO,16001.03,BRL,Ducimus voluptate culpa placeat quam.,,Pimenta,APROVADA,2026-07-24T12:19:37,2026-07-24T13:48:37,2026-07-25T23:19:00,batch_002
766c8d25-86cd-4c4b-ab9e-2db45a3bb23c,447,,BOLETO,7091.76,BRL,Commodi dolores asperiores facere iure.,,Ribeiro de Minas,APROVADA,2026-07-24T19:18:51,2026-07-24T19:33:51,2026-07-25T23:19:00,batch_002
85961fee-fc3d-407c-b8ff-bb4beb330a64,15,,PIX,10188.76,BRL,Non laudantium sunt at quia.,,Campos,APROVADA,2026-07-23T23:32:46,2026-07-24T02:07:46,2026-07-25T23:19:00,batch_002
173fc3de-ca58-47fb-944d-5958dc136ddc,168,,SAQUE,1770.42,BRL,Maxime ut laboriosam odit corrupti recusandae.,,Machado Alegre,APROVADA,2026-07-19T01:08:19,2026-07-19T03:12:19,2026-07-25T23:19:00,batch_002
94207dc9-8de5-4f9e-98af-9baa45e8e906,1001,,CARTAO,400.36,BRL,Voluptatum debitis minima accusamus vel.,Azevedo,Ramos de Lima,APROVADA,2026-07-21T01:26:45,2026-07-21T04:13:45,2026-07-25T23:19:00,batch_002
700cd6b7-44c8-4676-bc00-a13f48e34746,1202,,TED,14363.84,BRL,Facilis quisquam dicta praesentium maxime.,,Fogaça de Goiás,APROVADA,2026-07-22T19:48:37,2026-07-22T22:24:37,2026-07-25T23:19:00,batch_002
753307b6-3b05-4ba6-a1b2-0cfc9ed55bf6,358,,SAQUE,2980.09,BRL,Commodi exercitationem corrupti hic.,,Gomes dos Dourados,PENDENTE,2026-07-20T17:18:23,2026-07-20T19:47:23,2026-07-25T23:19:00,batch_002
30143430-54cb-4cbc-98ce-3895072614b9,824,,CARTAO,7655.88,BRL,Doloribus nam quibusdam ipsam.,Garcia - EI,Duarte,NEGADA,2026-07-24T13:46:43,2026-07-24T14:58:43,2026-07-25T23:19:00,batch_002
d71431fc-ba36-49b6-81ef-512777d08abb,635,,BOLETO,3085.74,BRL,Facilis soluta sapiente minus saepe.,,Pastor,APROVADA,2026-07-23T11:01:45,2026-07-23T12:53:45,2026-07-25T23:19:00,batch_002
4c1f299b-e2b3-4d61-a84a-62d0c0b454a6,504,,PIX,16735.47,BRL,Sapiente odit quidem.,,Araújo de Pinto,APROVADA,2026-07-23T19:54:14,2026-07-23T20:12:14,2026-07-25T23:19:00,batch_002
e44cd3cc-66bd-4cbf-b378-6c47f3dc622d,716,,TED,14816.89,BRL,Magni iste dolorem id odio sint.,,Guerra de Caldeira,APROVADA,2026-07-19T21:35:25,2026-07-20T00:20:25,2026-07-25T23:19:00,batch_002
64918aaa-e633-4968-b40b-241b52419ef4,504,,PIX,12116.48,BRL,Dignissimos aspernatur quisquam dolore ipsa temporibus.,,Azevedo da Mata,APROVADA,2026-07-23T10:02:17,2026-07-23T11:23:17,2026-07-25T23:19:00,batch_002
b806acc6-7d09-4264-8ee0-0888d41da11c,866,,SAQUE,3925.84,BRL,Distinctio harum vero.,,Lopes,APROVADA,2026-07-19T09:57:10,2026-07-19T12:15:10,2026-07-25T23:19:00,batch_002
41ecd47d-f79a-4008-810a-42729fc63ed3,367,,TED,1185.54,BRL,Aliquam facilis eius porro animi.,,Ribeiro do Sul,APROVADA,2026-07-25T11:14:30,2026-07-25T11:52:30,2026-07-25T23:19:00,batch_002
00683720-e951-4ed1-883a-fd8b09600177,431,98.0,CARTAO,1302.71,BRL,Minus ab porro sed.,Cirino,Moreira,APROVADA,2026-07-25T16:27:23,2026-07-25T17:13:23,2026-07-25T23:19:00,batch_002
6cdc66c8-8445-4a8a-8999-f5d186a397aa,859,,SAQUE,12969.48,BRL,Doloremque pariatur recusandae consequuntur.,,Araújo,APROVADA,2026-07-22T07:46:27,2026-07-22T08:39:27,2026-07-25T23:19:00,batch_002
0088e23b-e705-4fcf-870d-61a3415b721b,1072,,BOLETO,19340.49,BRL,Aperiam inventore doloribus dolores.,,Novais,APROVADA,2026-07-19T13:21:30,2026-07-19T14:02:30,2026-07-25T23:19:00,batch_002
2ac4b9be-bfcf-4c26-9131-bdad922883f7,266,,SAQUE,18862.9,BRL,Commodi repellendus voluptates fugit labore.,,Freitas do Galho,APROVADA,2026-07-20T21:14:07,2026-07-20T21:29:07,2026-07-25T23:19:00,batch_002
97b322f7-9af6-426f-bb8b-2f9c95465bb8,457,,BOLETO,2529.96,BRL,Dolor minus quisquam animi.,,Gonçalves,APROVADA,2026-07-21T13:52:11,2026-07-21T16:31:11,2026-07-25T23:19:00,batch_002
d0b7d249-b03d-4fcd-855b-a9f9ac4e7077,500,,TED,6985.81,BRL,Sequi qui dolorem.,,Campos do Sul,APROVADA,2026-07-20T01:32:18,2026-07-20T03:05:18,2026-07-25T23:19:00,batch_002
6ef76624-076f-4981-b3ff-fb455b697dfe,424,,PIX,7387.89,BRL,Ratione neque dignissimos soluta sit ullam.,,Santos do Campo,APROVADA,2026-07-23T18:11:13,2026-07-23T19:43:13,2026-07-25T23:19:00,batch_002
cdc5224f-af55-4171-a3b5-e4c7a47d2635,1136,,PIX,19245.95,BRL,Quisquam tempora iusto.,,Cardoso,APROVADA,2026-07-22T11:36:25,2026-07-22T11:46:25,2026-07-25T23:19:00,batch_002
f6116f0d-c85a-48eb-8b44-6d7eea23a499,681,,TED,13986.14,BRL,Nesciunt corporis similique consequuntur rem.,,Vargas,APROVADA,2026-07-20T00:58:10,2026-07-20T02:24:10,2026-07-25T23:19:00,batch_002
30111485-45cc-46dd-86da-22afdaf59498,332,,CARTAO,7159.92,BRL,Accusamus ullam sed.,Machado Guerra S/A,Jesus,APROVADA,2026-07-24T14:11:40,2026-07-24T17:06:40,2026-07-25T23:19:00,batch_002
1b657bc5-5afc-4c35-ba97-9fb14cbeeba8,427,,BOLETO,16257.97,BRL,Error neque itaque.,,Gomes do Oeste,PENDENTE,2026-07-21T07:01:19,2026-07-21T08:00:19,2026-07-25T23:19:00,batch_002
596cceff-570b-4a68-ab1b-cc9ef715ad89,485,197.0,CARTAO,7710.73,BRL,Maxime itaque nulla sunt distinctio.,Moreira,Melo de Minas,APROVADA,2026-07-25T17:18:54,2026-07-25T18:40:54,2026-07-25T23:19:00,batch_002
81ab08f7-e436-4013-b1f7-ed2e2efe27ec,164,,TED,16870.33,BRL,Voluptas ut quas.,,Pimenta,APROVADA,2026-07-21T13:32:32,2026-07-21T14:21:32,2026-07-25T23:19:00,batch_002
c1966ea5-0c03-4dec-9dae-2ae50a8b49a9,313,,TED,8000.16,BRL,Consequuntur perferendis maxime nesciunt.,,Vasconcelos,APROVADA,2026-07-21T14:57:59,2026-07-21T17:26:59,2026-07-25T23:19:00,batch_002
bec9fd8a-943c-4c25-ab62-2449090b6ce5,829,,SAQUE,5337.58,BRL,Odit unde quos quo.,,Freitas do Campo,APROVADA,2026-07-22T04:32:34,2026-07-22T05:13:34,2026-07-25T23:19:00,batch_002
37238bb3-e33e-46d3-b6e6-0ae4b9085e08,947,,TED,13103.02,BRL,Ab id eius placeat nulla voluptas.,,Andrade,APROVADA,2026-07-24T15:46:13,2026-07-24T17:14:13,2026-07-25T23:19:00,batch_002
7a1a5738-c35e-4410-b2d7-4b41027675aa,304,,PIX,3311.63,BRL,Distinctio dolorum ipsa alias atque.,,da Costa,APROVADA,2026-07-19T15:31:44,2026-07-19T16:14:44,2026-07-25T23:19:00,batch_002
8ec7b84b-86ff-4df5-9831-5c7ca738d46f,393,,BOLETO,6113.57,BRL,In possimus unde voluptatem.,,Ribeiro,APROVADA,2026-07-24T18:41:19,2026-07-24T19:24:19,2026-07-25T23:19:00,batch_002
cd766d50-cef2-4a34-a758-0764f33593b3,1135,,TED,9298.28,BRL,Ratione excepturi nemo facere suscipit.,,Ribeiro do Amparo,APROVADA,2026-07-19T09:43:37,2026-07-19T10:30:37,2026-07-25T23:19:00,batch_002
5d7b0da7-86c7-4f12-bec8-3642dd6eb96f,335,,TED,2996.16,BRL,Et quis earum aliquam earum.,,Casa Grande,APROVADA,2026-07-25T17:50:57,2026-07-25T20:20:57,2026-07-25T23:19:00,batch_002
c5b5a7dd-10a7-4a65-8629-b62cccaf488d,1164,,BOLETO,7298.67,BRL,Enim modi voluptatem laborum placeat nesciunt.,,da Costa,APROVADA,2026-07-23T02:28:11,2026-07-23T03:44:11,2026-07-25T23:19:00,batch_002
30d181c7-4564-4ff2-ab1b-0d0a374cd281,341,,BOLETO,10024.99,BRL,Totam labore dolor.,,Santos,APROVADA,2026-07-20T03:57:08,2026-07-20T06:21:08,2026-07-25T23:19:00,batch_002
a3d97b35-1194-465c-bc8f-3e046d5e8d9b,493,,TED,14417.7,BRL,Qui expedita illum.,,Carvalho de Araújo,APROVADA,2026-07-21T03:32:19,2026-07-21T03:39:19,2026-07-25T23:19:00,batch_002
778c5f1e-9ae6-43f2-aadb-e689dbcc2779,820,,TED,1929.25,BRL,Ipsa perspiciatis aliquam numquam.,,Cunha,APROVADA,2026-07-23T09:34:12,2026-07-23T11:44:12,2026-07-25T23:19:00,batch_002
bf4a5f65-5e62-467d-86ac-0d835a7e1837,1134,,TED,17092.03,BRL,Sequi nobis eius maiores.,,Cavalcanti,APROVADA,2026-07-25T08:06:29,2026-07-25T08:21:29,2026-07-25T23:19:00,batch_002
a4464603-8c90-409d-a34a-fb7e72db99f2,658,,SAQUE,2867.55,BRL,Quis maxime nobis dolorum nulla dolores.,,da Paz de Minas,APROVADA,2026-07-23T00:08:07,2026-07-23T01:40:07,2026-07-25T23:19:00,batch_002
d370b431-20bf-474b-a917-a0913b9e7d61,204,,SAQUE,2278.51,BRL,Doloremque eum officiis aperiam.,,Câmara de Abreu,APROVADA,2026-07-23T02:06:16,2026-07-23T02:41:16,2026-07-25T23:19:00,batch_002
97cb2e88-031f-4cb2-a1a7-a0f838af7765,432,,SAQUE,10060.97,BRL,Vel modi deleniti.,,Silva,APROVADA,2026-07-24T06:06:46,2026-07-24T06:38:46,2026-07-25T23:19:00,batch_002
db95bd8c-9cc7-4a3c-8475-9dbd51ae6085,148,,PIX,16812.46,BRL,Tempore dolor quisquam.,,Aragão de Campos,APROVADA,2026-07-19T10:05:54,2026-07-19T10:45:54,2026-07-25T23:19:00,batch_002
7b779848-7cab-4a19-9974-a0f5eed75dbb,169,,SAQUE,2032.84,BRL,Quam quam facilis.,,Siqueira,APROVADA,2026-07-25T06:42:57,2026-07-25T07:13:57,2026-07-25T23:19:00,batch_002
54309040-027c-4f85-a635-3e279cf10096,396,105.0,CARTAO,2511.22,BRL,Doloremque minus laboriosam eaque nemo a.,Campos Machado - ME,Viana de Ramos,APROVADA,2026-07-25T14:40:26,2026-07-25T14:43:26,2026-07-25T23:19:00,batch_002
3c4fbce3-f27d-4586-8efc-823a16c89aca,643,,PIX,1462.62,BRL,Ad quo recusandae aliquid.,,Barbosa de Costela,APROVADA,2026-07-19T00:59:39,2026-07-19T02:51:39,2026-07-25T23:19:00,batch_002
ecc32c2b-750c-4586-866d-4d02af5817bb,738,709.0,CARTAO,4610.31,BRL,Sint distinctio itaque.,Rodrigues Nogueira Ltda.,Novaes,APROVADA,2026-07-23T15:28:48,2026-07-23T18:17:48,2026-07-25T23:19:00,batch_002
d5edf82c-08e7-484d-bd84-bb8b8d75b865,149,,TED,14849.23,BRL,Quo necessitatibus ea blanditiis nesciunt.,,Borges do Galho,APROVADA,2026-07-23T22:31:23,2026-07-24T01:03:23,2026-07-25T23:19:00,batch_002
0cef68ae-5930-472d-8c36-ea395d7d3712,645,,TED,4487.18,BRL,Earum facere est ipsam et molestiae.,,Sales,APROVADA,2026-07-23T14:53:32,2026-07-23T17:02:32,2026-07-25T23:19:00,batch_002
5061e9f8-30a7-4eed-b61a-09edeeb42163,11,,TED,982.11,BRL,Aliquid provident aspernatur dolore provident.,,Vieira,APROVADA,2026-07-21T01:39:51,2026-07-21T04:00:51,2026-07-25T23:19:00,batch_002
f11876e5-1e80-4f3c-9563-1c0c59385a38,1208,,BOLETO,8553.76,BRL,Atque sunt autem quam.,,Fogaça Grande,APROVADA,2026-07-18T23:26:01,2026-07-18T23:30:01,2026-07-25T23:19:00,batch_002
d8751662-8728-4fea-ae39-8a457161fedc,593,,BOLETO,6446.89,BRL,Hic voluptate sit natus blanditiis.,,Teixeira da Prata,APROVADA,2026-07-20T04:26:36,2026-07-20T05:43:36,2026-07-25T23:19:00,batch_002
c3daf5c6-c97f-403d-a50f-12dd42b93247,1041,253.0,CARTAO,15927.1,BRL,Accusantium laborum quod nobis.,Albuquerque - EI,das Neves Verde,APROVADA,2026-07-22T12:57:39,2026-07-22T14:17:39,2026-07-25T23:19:00,batch_002
21511a78-0272-43e4-9f19-c48af6f6a993,542,,BOLETO,12324.32,BRL,Quos rem quis consequatur magni.,,Martins Paulista,APROVADA,2026-07-20T16:03:38,2026-07-20T17:34:38,2026-07-25T23:19:00,batch_002
5a67b79e-c77e-4096-83e8-993a867ddd46,514,,PIX,19156.47,BRL,Ad occaecati perspiciatis laborum.,,Aparecida,APROVADA,2026-07-20T04:34:25,2026-07-20T07:30:25,2026-07-25T23:19:00,batch_002
202069cd-f342-4ecb-88e8-6d39922f264f,1011,,BOLETO,19761.96,BRL,Quo impedit atque necessitatibus.,,Siqueira,APROVADA,2026-07-21T02:13:33,2026-07-21T02:52:33,2026-07-25T23:19:00,batch_002
478ebaf1-578c-4d85-b053-4e1767ee73c7,430,,TED,6267.94,BRL,Nihil recusandae amet debitis.,,Andrade Alegre,NEGADA,2026-07-20T23:48:10,2026-07-21T01:22:10,2026-07-25T23:19:00,batch_002
2797faaf-56ad-4014-8184-1f4bbd8bb58b,1016,,BOLETO,1521.05,BRL,Aliquam eius ad tempore odit aut.,,Pacheco de Aragão,APROVADA,2026-07-19T02:57:39,2026-07-19T03:34:39,2026-07-25T23:19:00,batch_002
4b891dc6-2f95-4600-bb24-cf920e71cfa2,742,,PIX,10546.15,BRL,Est a quam ullam nostrum.,,Vieira,APROVADA,2026-07-21T15:34:07,2026-07-21T16:33:07,2026-07-25T23:19:00,batch_002
45dcbf49-2fe4-4d2e-884b-2d87400317bf,715,,PIX,5272.33,BRL,Nihil inventore reiciendis recusandae repudiandae.,,Marques,APROVADA,2026-07-24T10:45:24,2026-07-24T13:08:24,2026-07-25T23:19:00,batch_002
6e87e019-6ff1-40db-8b9e-d909f4a8a429,631,,BOLETO,8478.05,BRL,Odio ut debitis.,,da Cunha de Novaes,APROVADA,2026-07-20T06:59:25,2026-07-20T08:42:25,2026-07-25T23:19:00,batch_002
5223f25f-9d70-4b25-90cc-099688c677eb,959,,TED,18516.6,BRL,Pariatur nesciunt voluptas nemo reiciendis suscipit.,,Rocha,APROVADA,2026-07-25T19:46:12,2026-07-25T20:32:12,2026-07-25T23:19:00,batch_002
438292e5-463f-42e6-8f6c-292e35697d1f,1081,,TED,706.15,BRL,Alias odio consectetur aliquid.,,Albuquerque,NEGADA,2026-07-21T19:16:53,2026-07-21T21:03:53,2026-07-25T23:19:00,batch_002
d02bd79b-fdc4-437e-b86f-b9c01fa32057,49,,PIX,17236.62,BRL,Nihil unde laborum exercitationem quo.,,da Paz,NEGADA,2026-07-22T14:02:50,2026-07-22T15:55:50,2026-07-25T23:19:00,batch_002
ff679cd6-2ac0-4e4e-8d4a-af4e92a8779e,191,,SAQUE,18487.74,BRL,Nobis ratione dolor natus nemo.,,Fonseca,APROVADA,2026-07-22T17:47:43,2026-07-22T18:55:43,2026-07-25T23:19:00,batch_002
1c9cfbc7-053b-45dd-8631-76497958d034,286,,SAQUE,8793.06,BRL,Iusto illum aut debitis iusto praesentium.,,Abreu,APROVADA,2026-07-22T11:02:09,2026-07-22T12:43:09,2026-07-25T23:19:00,batch_002
95717e26-470e-4959-b5c0-2e7847bad6ac,474,,CARTAO,5984.99,BRL,Ullam consectetur molestias non.,Santos,Sampaio de Cirino,APROVADA,2026-07-22T04:57:32,2026-07-22T07:45:32,2026-07-25T23:19:00,batch_002
a7950d83-1d4d-466d-ae58-c4c0a892e899,211,,PIX,19547.87,BRL,Quasi unde a.,,Nogueira de Farias,APROVADA,2026-07-20T14:36:18,2026-07-20T17:15:18,2026-07-25T23:19:00,batch_002
59c2af8a-08d5-4122-ad73-5a2e04b3e4ef,1075,,BOLETO,12713.14,BRL,Quod numquam voluptas esse architecto vero.,,Azevedo,APROVADA,2026-07-25T11:06:33,2026-07-25T11:29:33,2026-07-25T23:19:00,batch_002
7f6f6149-a09c-493f-a717-2bb355bbc7e9,975,571.0,CARTAO,14577.18,BRL,Impedit maxime ipsa quod.,Santos,Nogueira do Amparo,APROVADA,2026-07-25T21:53:07,2026-07-25T23:55:07,2026-07-25T23:19:00,batch_002
dbb4d182-dac0-4af7-8536-c4885806e9eb,281,,PIX,1796.64,BRL,Cupiditate iure culpa delectus ullam.,,Peixoto do Campo,APROVADA,2026-07-20T05:04:26,2026-07-20T08:01:26,2026-07-25T23:19:00,batch_002
7f9ffa9e-863b-4842-b289-190a799b3065,180,,BOLETO,12277.86,BRL,Mollitia quis fuga ipsum natus.,,Pimenta,APROVADA,2026-07-23T06:25:52,2026-07-23T09:08:52,2026-07-25T23:19:00,batch_002
1abf9570-17a9-4c4b-a9e7-75db6e0c70da,196,,SAQUE,15028.28,BRL,Tenetur aliquid quasi exercitationem.,,Campos,APROVADA,2026-07-19T15:35:15,2026-07-19T16:33:15,2026-07-25T23:19:00,batch_002
24c3009c-9497-4a6b-9728-0a405c2ca810,557,,PIX,19739.85,BRL,Ullam quas dolores.,,Martins,APROVADA,2026-07-24T08:31:28,2026-07-24T08:58:28,2026-07-25T23:19:00,batch_002
f249a0e1-254f-4aec-83c5-7b5b954a23cb,738,709.0,CARTAO,15828.27,BRL,Velit illo blanditiis et.,Novaes,Costa,APROVADA,2026-07-19T22:59:45,2026-07-20T01:51:45,2026-07-25T23:19:00,batch_002
466d4c69-2f48-4749-a399-763d39fb382b,376,,TED,16855.96,BRL,Commodi iste necessitatibus beatae est.,,Barros,APROVADA,2026-07-22T04:28:38,2026-07-22T04:40:38,2026-07-25T23:19:00,batch_002
cbfe8077-2464-4ac0-82a4-16588f59d4ec,387,,SAQUE,18928.7,BRL,Culpa voluptates officiis voluptatem.,,Duarte,APROVADA,2026-07-22T07:23:12,2026-07-22T09:28:12,2026-07-25T23:19:00,batch_002
a2873470-90db-48e6-b53d-bde70445ddc0,528,,SAQUE,1272.81,BRL,Aperiam ad facere.,,Garcia de Porto,APROVADA,2026-07-22T04:38:52,2026-07-22T06:41:52,2026-07-25T23:19:00,batch_002
3a2b2480-cf0b-477e-9174-041e42c7ee7c,840,,TED,4883.59,BRL,Reiciendis inventore et fugit natus.,,Mendonça,APROVADA,2026-07-20T09:45:41,2026-07-20T11:57:41,2026-07-25T23:19:00,batch_002
6becb8ac-eae7-4b58-8036-6195a8cb29ab,884,,SAQUE,11552.63,BRL,Natus inventore labore voluptatibus.,,Machado,APROVADA,2026-07-24T04:16:23,2026-07-24T07:13:23,2026-07-25T23:19:00,batch_002
a0a71a3f-0d72-4737-b47a-ff50dc478ae0,864,,SAQUE,14187.63,BRL,Recusandae deserunt consequatur aliquam.,,da Mota,APROVADA,2026-07-23T18:34:52,2026-07-23T18:45:52,2026-07-25T23:19:00,batch_002
336fff5f-c3a8-4b7e-9361-72182d2586c9,636,,SAQUE,13687.09,BRL,Voluptatibus placeat est.,,Casa Grande,APROVADA,2026-07-23T04:20:59,2026-07-23T06:04:59,2026-07-25T23:19:00,batch_002
c0a6a9ee-baae-44df-a2ce-83ec81a8f766,932,,TED,14667.3,BRL,Facilis quod aliquid deserunt.,,Montenegro do Norte,APROVADA,2026-07-20T01:41:43,2026-07-20T03:45:43,2026-07-25T23:19:00,batch_002
1951c393-854b-4de6-832a-e3593fc865d5,2,,TED,2448.71,BRL,Fugiat dicta facere ad.,,Camargo do Sul,APROVADA,2026-07-24T09:07:42,2026-07-24T09:12:42,2026-07-25T23:19:00,batch_002
52955644-3751-4268-bc96-8e63a5bf4339,988,,BOLETO,7234.66,BRL,Officia quidem explicabo ratione.,,Sampaio,APROVADA,2026-07-24T22:15:49,2026-07-25T00:12:49,2026-07-25T23:19:00,batch_002
ec647573-ed18-4f1b-84c8-2bf236266a7e,618,,TED,1178.02,BRL,Quam eligendi incidunt mollitia.,,Mendonça,APROVADA,2026-07-20T05:58:30,2026-07-20T08:25:30,2026-07-25T23:19:00,batch_002
33a7c5cd-11d2-41d9-81c4-76ca1092a4ae,1110,,BOLETO,19478.65,BRL,Necessitatibus doloribus voluptate similique.,,Cavalcanti do Campo,APROVADA,2026-07-20T15:41:52,2026-07-20T16:06:52,2026-07-25T23:19:00,batch_002
62073ede-25a6-4765-9553-d863744b2965,488,,TED,19498.83,BRL,Repudiandae quibusdam corrupti cumque atque.,,Aparecida,APROVADA,2026-07-22T04:35:30,2026-07-22T04:41:30,2026-07-25T23:19:00,batch_002
af74d413-17d6-4443-a515-596f4805c8c5,764,,SAQUE,904.09,BRL,Dolorem quidem non.,,Correia,APROVADA,2026-07-24T03:01:32,2026-07-24T05:44:32,2026-07-25T23:19:00,batch_002
1c928a99-4382-4eab-8a09-ed47a960047a,680,,TED,5340.49,BRL,Sunt mollitia exercitationem.,,Mendonça de Minas,APROVADA,2026-07-23T04:45:12,2026-07-23T05:12:12,2026-07-25T23:19:00,batch_002
853965e9-cd08-428c-b10d-16e01f4fcaa7,926,585.0,CARTAO,7216.82,BRL,Quibusdam ullam deleniti.,Cavalcante,das Neves,APROVADA,2026-07-23T09:43:58,2026-07-23T12:37:58,2026-07-25T23:19:00,batch_002
337982fd-dd00-4651-a154-b6b9d1a988dd,845,,TED,5497.65,BRL,Alias tempora iusto praesentium.,,Borges Grande,APROVADA,2026-07-25T02:24:29,2026-07-25T04:30:29,2026-07-25T23:19:00,batch_002
59d8fbc7-c2a6-4380-8c6a-686aed863518,368,,PIX,12453.81,BRL,Et molestias id.,,Melo,APROVADA,2026-07-23T20:12:58,2026-07-23T20:43:58,2026-07-25T23:19:00,batch_002
6b6f0dd6-2abf-4ce1-8086-06387f79a476,281,,PIX,8577.94,BRL,Aliquam at nulla.,,Vasconcelos,APROVADA,2026-07-19T18:57:35,2026-07-19T21:49:35,2026-07-25T23:19:00,batch_002
e38c4f72-a41a-471a-b547-a7bbd1a2ffe0,69,,CARTAO,10744.53,BRL,Nostrum occaecati nemo modi.,Montenegro,Ferreira,APROVADA,2026-07-21T08:49:34,2026-07-21T09:38:34,2026-07-25T23:19:00,batch_002
196b922b-0f9f-41bf-be7d-4b2563381115,877,,SAQUE,15741.52,BRL,Numquam ad vero eos excepturi voluptas.,,Pereira,APROVADA,2026-07-22T12:17:15,2026-07-22T13:04:15,2026-07-25T23:19:00,batch_002
fe69523e-bed5-4cc8-a0b7-bbbc876d8920,136,,TED,6158.39,BRL,In neque ducimus sed.,,Moreira,APROVADA,2026-07-25T08:52:29,2026-07-25T11:52:29,2026-07-25T23:19:00,batch_002
ddc46fd5-8bf0-4337-b951-9075513a6ced,1098,,PIX,14112.44,BRL,Voluptatum a cumque.,,Moraes,APROVADA,2026-07-25T01:21:24,2026-07-25T01:23:24,2026-07-25T23:19:00,batch_002
99085ddb-114e-4da5-89cf-9933b029ec09,186,,BOLETO,11592.37,BRL,Quaerat eaque quos quo.,,Machado de Sousa,APROVADA,2026-07-23T12:07:21,2026-07-23T12:27:21,2026-07-25T23:19:00,batch_002
d65b0800-355f-4694-94f5-9fdf822e6f16,8,,CARTAO,980.78,BRL,Veritatis sit dignissimos vel.,Araújo S/A,Casa Grande,NEGADA,2026-07-23T21:14:06,2026-07-23T21:41:06,2026-07-25T23:19:00,batch_002
bf2143d3-52a3-4903-b596-a299fe86028d,322,,BOLETO,778.2,BRL,Odit a vero quisquam ad deserunt.,,Sampaio,APROVADA,2026-07-19T22:56:39,2026-07-20T00:00:39,2026-07-25T23:19:00,batch_002
1704b520-0c67-4a2a-9f4d-be317a321a19,273,,PIX,18855.61,BRL,Maiores ipsa nisi maiores.,,da Costa,APROVADA,2026-07-22T17:48:58,2026-07-22T20:44:58,2026-07-25T23:19:00,batch_002
a751520f-c754-4c16-9eed-0325a3989941,588,,PIX,13413.24,BRL,Vel aut iste animi.,,Brito de Sales,APROVADA,2026-07-22T20:42:56,2026-07-22T20:43:56,2026-07-25T23:19:00,batch_002
e81e3368-7648-40fc-b743-f3960a3ab776,343,,TED,12775.71,BRL,Cumque libero possimus iure repudiandae atque.,,Aparecida de Alves,APROVADA,2026-07-20T11:26:05,2026-07-20T12:40:05,2026-07-25T23:19:00,batch_002
e79d6a59-6429-4606-8468-a2505aa79e7b,1070,,PIX,12481.86,BRL,Illo odit totam.,,Gomes,APROVADA,2026-07-24T03:38:43,2026-07-24T03:39:43,2026-07-25T23:19:00,batch_002
4a531e70-b1d7-4863-a3f7-9e7e118bd811,504,,SAQUE,5812.58,BRL,Adipisci architecto delectus ipsum maxime.,,Costela,APROVADA,2026-07-21T19:58:14,2026-07-21T21:16:14,2026-07-25T23:19:00,batch_002
7609bd16-6c45-4a8e-83cf-cc0862e9990e,1122,,BOLETO,8095.73,BRL,Quaerat maiores sint tempore fugiat rem.,,Oliveira,APROVADA,2026-07-23T19:49:36,2026-07-23T20:32:36,2026-07-25T23:19:00,batch_002
d43e5ab2-42a1-4d62-8aaf-20a7b636d9ce,163,402.0,CARTAO,6944.13,BRL,Blanditiis ducimus aspernatur.,da Paz S/A,Cavalcanti,PENDENTE,2026-07-23T20:13:24,2026-07-23T21:13:24,2026-07-25T23:19:00,batch_002
5bfdc3c4-f933-4588-90a3-099d34de0155,133,,BOLETO,17389.15,BRL,Tempora quis eos vel.,,Gonçalves de Minas,APROVADA,2026-07-25T09:20:43,2026-07-25T10:41:43,2026-07-25T23:19:00,batch_002
cfc96683-5b81-4e0a-9b8a-7c5a15888070,731,,CARTAO,10849.69,BRL,Voluptatibus dolore sequi.,Freitas Costa e Filhos,Mendes,APROVADA,2026-07-21T00:12:31,2026-07-21T02:17:31,2026-07-25T23:19:00,batch_002
ddd822f8-3f56-4495-89b7-5b991ffd2b2c,930,,TED,3914.55,BRL,Optio iusto ut maiores ipsa alias.,,Viana,APROVADA,2026-07-21T09:15:07,2026-07-21T12:06:07,2026-07-25T23:19:00,batch_002
27d409d4-3c7a-4f39-b231-d74f028ac6c6,918,,PIX,13070.47,BRL,Hic vitae facere quibusdam quibusdam.,,Aparecida,APROVADA,2026-07-19T14:11:38,2026-07-19T14:31:38,2026-07-25T23:19:00,batch_002
79786fb2-bc77-4567-b26b-2f3adb552fdf,680,,SAQUE,5390.51,BRL,Quisquam dolores facere nulla dignissimos.,,Jesus Grande,APROVADA,2026-07-24T04:27:28,2026-07-24T05:03:28,2026-07-25T23:19:00,batch_002
558e51d1-bc54-4f07-93ca-f7cf405d5278,1147,471.0,CARTAO,6611.34,BRL,Necessitatibus quam consequuntur enim sunt autem.,Aparecida - EI,Silveira,APROVADA,2026-07-20T10:18:50,2026-07-20T12:51:50,2026-07-25T23:19:00,batch_002
0f390656-e590-4c44-81f0-ceaf7b4c0594,377,,TED,10751.0,BRL,Cum ipsa veritatis.,,Martins,APROVADA,2026-07-20T14:14:43,2026-07-20T15:23:43,2026-07-25T23:19:00,batch_002
56b2be9b-aae9-4128-a9d9-899d541c1d28,726,,TED,16332.2,BRL,Suscipit aspernatur praesentium omnis neque.,,Mendonça de Sampaio,APROVADA,2026-07-19T05:05:03,2026-07-19T07:48:03,2026-07-25T23:19:00,batch_002
9ed804a3-fbc7-4292-bfc2-483c9711196f,795,,BOLETO,18585.96,BRL,Delectus autem nobis.,,Jesus,APROVADA,2026-07-25T19:37:46,2026-07-25T22:35:46,2026-07-25T23:19:00,batch_002
afb15712-a876-4358-80b8-a00b01f36833,42,,PIX,3945.06,BRL,Provident perspiciatis quidem nulla corporis cupiditate.,,Castro,APROVADA,2026-07-22T22:38:58,2026-07-22T22:41:58,2026-07-25T23:19:00,batch_002
a403f22f-b581-4c34-8b5d-3fa2218f75d1,222,,TED,10972.4,BRL,Et exercitationem sed in repellendus deserunt.,,Casa Grande do Norte,APROVADA,2026-07-25T17:58:22,2026-07-25T20:12:22,2026-07-25T23:19:00,batch_002
58630f31-4871-45f5-9339-6c49b39e1b1c,165,423.0,CARTAO,14792.89,BRL,Autem repudiandae officia.,Gomes,Viana,APROVADA,2026-07-21T11:28:06,2026-07-21T12:41:06,2026-07-25T23:19:00,batch_002
eeebb24b-c4c4-4c3f-bb99-625d71d906fd,732,,TED,7940.59,BRL,Itaque quasi eveniet qui amet eaque.,,Cassiano,NEGADA,2026-07-20T05:50:23,2026-07-20T07:22:23,2026-07-25T23:19:00,batch_002
db22d9bd-7deb-4983-8e7b-6ea286424016,445,,SAQUE,19563.72,BRL,Suscipit laudantium omnis molestias sit.,,Aragão do Campo,APROVADA,2026-07-23T11:46:33,2026-07-23T12:04:33,2026-07-25T23:19:00,batch_002
c5d65469-bbcc-4d22-852f-64fa68cc7a96,492,,SAQUE,15140.1,BRL,Voluptate illo quisquam provident.,,Jesus de Aparecida,APROVADA,2026-07-21T19:57:20,2026-07-21T22:34:20,2026-07-25T23:19:00,batch_002
d59140f7-8661-422b-9efb-372555769f71,108,,CARTAO,9380.49,BRL,Esse similique quia.,Nogueira,Almeida Grande,APROVADA,2026-07-21T03:15:22,2026-07-21T05:02:22,2026-07-25T23:19:00,batch_002
52665e8a-8e28-4108-96f6-3fffa29198a4,510,,PIX,12164.27,BRL,Modi tempora hic soluta.,,da Cruz da Praia,NEGADA,2026-07-22T22:14:22,2026-07-22T22:58:22,2026-07-25T23:19:00,batch_002
94c0a214-328c-481c-87b8-91cf8ba7c5d6,557,,PIX,15480.04,BRL,Veritatis sunt incidunt fugit laborum assumenda nobis.,,Correia de Sá,APROVADA,2026-07-22T19:24:07,2026-07-22T21:12:07,2026-07-25T23:19:00,batch_002
98aeaed8-f027-4d28-8eae-0ebfaeae6f45,1095,,SAQUE,10237.52,BRL,Eveniet voluptas libero minus.,,Rios do Amparo,APROVADA,2026-07-21T11:04:52,2026-07-21T11:18:52,2026-07-25T23:19:00,batch_002
836a933c-ceee-4874-b39f-72c044a57479,119,,PIX,9956.15,BRL,Ut est sapiente doloribus corrupti.,,Machado,APROVADA,2026-07-24T20:10:40,2026-07-24T22:48:40,2026-07-25T23:19:00,batch_002
fb96eace-311a-4dc1-9ed2-b20a3a09b08e,503,,BOLETO,19359.33,BRL,Esse nesciunt veniam deleniti optio voluptates.,,Cavalcanti,APROVADA,2026-07-22T22:16:05,2026-07-23T01:11:05,2026-07-25T23:19:00,batch_002
8c8d38c4-7db9-45cb-ba5c-d0c5a9472c9f,436,,TED,11986.82,BRL,Omnis nihil quisquam pariatur.,,Jesus,APROVADA,2026-07-21T08:49:22,2026-07-21T09:06:22,2026-07-25T23:19:00,batch_002
ee8052f1-3502-4ff4-9a97-e12ecd5d6094,300,,PIX,8854.74,BRL,Animi voluptate distinctio non praesentium.,,Andrade Verde,APROVADA,2026-07-23T22:34:55,2026-07-23T22:57:55,2026-07-25T23:19:00,batch_002
077b3ff1-866e-48d8-b123-40243694bca6,559,,CARTAO,1026.31,BRL,Quaerat similique temporibus.,Cardoso Vasconcelos - EI,Correia de Siqueira,APROVADA,2026-07-24T19:42:15,2026-07-24T19:43:15,2026-07-25T23:19:00,batch_002
382f0619-2448-48a3-b9cd-315030656458,1061,,SAQUE,19471.09,BRL,Itaque quam iste amet optio.,,Castro do Sul,APROVADA,2026-07-21T22:30:36,2026-07-22T00:43:36,2026-07-25T23:19:00,batch_002
9229a93e-fbd1-49ea-9f6f-4e81dfa931f9,278,,PIX,12450.95,BRL,Omnis sint iusto sequi nihil aliquam.,,Nogueira da Mata,APROVADA,2026-07-21T01:41:09,2026-07-21T04:04:09,2026-07-25T23:19:00,batch_002
c1793b6d-74d9-4164-864c-3f02c6bdd79d,940,,PIX,10823.49,BRL,Optio fugiat fuga aperiam.,,Nogueira de da Cunha,APROVADA,2026-07-21T18:34:28,2026-07-21T21:25:28,2026-07-25T23:19:00,batch_002
cfdf07ee-a753-4b8b-b561-9cd509826f42,307,,BOLETO,5442.44,BRL,Facilis ut nesciunt dolorum.,,Vieira,APROVADA,2026-07-23T13:09:41,2026-07-23T15:43:41,2026-07-25T23:19:00,batch_002
36f2dd36-9ef4-4d3e-81df-2588bdf2b72a,400,,PIX,8232.71,BRL,Cumque eligendi at.,,Ferreira do Norte,APROVADA,2026-07-19T11:11:39,2026-07-19T13:27:39,2026-07-25T23:19:00,batch_002
0b037735-60d3-4b71-87a6-c5cba177fd74,459,276.0,CARTAO,2604.27,BRL,Rem earum debitis.,Pimenta e Filhos,da Cruz da Serra,APROVADA,2026-07-21T16:13:40,2026-07-21T16:52:40,2026-07-25T23:19:00,batch_002
4e681cc8-e0f0-4c7a-a5b4-69f952be0792,550,143.0,CARTAO,8345.82,BRL,Aut dolores placeat libero nemo quasi.,Macedo - ME,da Rocha Paulista,APROVADA,2026-07-25T01:38:59,2026-07-25T04:00:59,2026-07-25T23:19:00,batch_002
ffafb0c1-e71d-46e0-a663-66363e42c9a6,717,,CARTAO,1086.79,BRL,Doloribus aperiam porro.,Caldeira da Rosa S.A.,Souza do Amparo,APROVADA,2026-07-23T21:56:40,2026-07-23T23:34:40,2026-07-25T23:19:00,batch_002
cf3dd750-ea8b-4d86-bc62-ea05cb85f591,553,810.0,CARTAO,9640.76,BRL,Est voluptatem ex minus accusamus.,Caldeira - ME,Aparecida,APROVADA,2026-07-25T10:25:01,2026-07-25T12:05:01,2026-07-25T23:19:00,batch_002
47bce22d-cca7-4205-a699-2fd34088debd,606,,TED,14901.32,BRL,Fugiat sapiente praesentium inventore maxime.,,Ribeiro do Norte,PENDENTE,2026-07-24T02:06:16,2026-07-24T03:45:16,2026-07-25T23:19:00,batch_002
138ff0de-4c87-4e3c-b1fa-f9914c888729,472,,PIX,13013.13,BRL,Facilis neque consectetur perferendis.,,Gonçalves,APROVADA,2026-07-23T05:20:53,2026-07-23T05:58:53,2026-07-25T23:19:00,batch_002
f85cb760-a39f-4483-9af5-f4e8c56434cb,789,,CARTAO,8768.9,BRL,Distinctio libero facere optio.,Garcia,Cavalcanti,APROVADA,2026-07-21T13:54:18,2026-07-21T16:18:18,2026-07-25T23:19:00,batch_002
6f93a72b-493e-4f6a-b072-51e6962dd534,857,,PIX,12738.58,BRL,Voluptatibus veritatis iste cumque odit.,,Barros,APROVADA,2026-07-23T13:37:31,2026-07-23T15:13:31,2026-07-25T23:19:00,batch_002
d36ef103-bfb9-453c-8200-b9b9b1059441,489,,CARTAO,14258.76,BRL,Cumque nulla libero dolore earum.,Teixeira,da Cunha de Goiás,APROVADA,2026-07-21T11:23:27,2026-07-21T11:55:27,2026-07-25T23:19:00,batch_002
67b7bc41-619f-4b63-837a-00d31ed6576f,803,,TED,1784.02,BRL,Dignissimos eaque consectetur aliquid voluptas.,,Costela do Sul,APROVADA,2026-07-24T22:05:04,2026-07-24T22:39:04,2026-07-25T23:19:00,batch_002
acc1cb95-2a31-4ab1-9c9c-e3f09b3b2274,704,,CARTAO,15820.76,BRL,Dolor asperiores aut suscipit debitis.,Pastor,Barbosa das Flores,APROVADA,2026-07-19T17:35:39,2026-07-19T17:50:39,2026-07-25T23:19:00,batch_002
44e52614-44ff-4b12-83ca-27f9b7e4caa2,74,303.0,CARTAO,17565.92,BRL,Commodi modi vero cupiditate nam.,Pereira - ME,Castro de Alves,APROVADA,2026-07-23T10:14:07,2026-07-23T10:45:07,2026-07-25T23:19:00,batch_002
09f13d1e-946d-44a8-b80c-326a94917e74,972,,TED,12269.65,BRL,Voluptatibus reprehenderit esse harum.,,da Costa,APROVADA,2026-07-25T21:01:52,2026-07-25T22:08:52,2026-07-25T23:19:00,batch_002
46fd40ea-e8af-4927-8656-2d496d0fcfa9,609,,SAQUE,17216.17,BRL,Doloribus exercitationem error deserunt sint.,,Silva do Norte,APROVADA,2026-07-24T15:17:07,2026-07-24T15:21:07,2026-07-25T23:19:00,batch_002
10d895b9-bb74-497a-a75a-b2e25ef3e5ac,1185,,CARTAO,4492.45,BRL,Occaecati sint dicta.,Ramos S.A.,Castro,APROVADA,2026-07-25T16:22:54,2026-07-25T18:52:54,2026-07-25T23:19:00,batch_002
019ae29a-2187-4d25-a865-23ce78492fcb,902,,PIX,18806.13,BRL,Optio quasi ducimus eveniet voluptatum corporis.,,Fernandes das Flores,APROVADA,2026-07-21T00:24:51,2026-07-21T01:07:51,2026-07-25T23:19:00,batch_002
20c0fa31-fcaa-4e56-b17e-08c1e8571fb6,1056,,BOLETO,2544.56,BRL,Alias nemo delectus neque possimus.,,Carvalho,APROVADA,2026-07-23T03:00:36,2026-07-23T05:22:36,2026-07-25T23:19:00,batch_002
c8834ff8-f391-460f-9b5d-065fb3fff717,317,,SAQUE,14116.75,BRL,Expedita tempore deleniti earum.,,Moura,APROVADA,2026-07-23T13:31:55,2026-07-23T14:33:55,2026-07-25T23:19:00,batch_002
b14051eb-d28c-4e91-9c96-236ecd45d2a9,1023,,BOLETO,12083.19,BRL,Inventore aperiam esse cumque.,,Leão,APROVADA,2026-07-20T14:30:53,2026-07-20T16:37:53,2026-07-25T23:19:00,batch_002
48e4bc68-ced6-4444-a68e-3a1d252a527f,374,460.0,CARTAO,17897.46,BRL,A error at.,Moreira e Filhos,Pires do Oeste,APROVADA,2026-07-21T00:30:51,2026-07-21T01:52:51,2026-07-25T23:19:00,batch_002
fe0cf58c-8681-46dc-b584-baca4fa34674,387,,CARTAO,14307.38,BRL,Reiciendis distinctio autem non rerum necessitatibus.,Câmara,da Paz do Oeste,APROVADA,2026-07-20T08:12:25,2026-07-20T08:26:25,2026-07-25T23:19:00,batch_002
e2e9f187-10ed-4b52-8523-005934710dcb,245,,BOLETO,10090.24,BRL,Laborum architecto illo.,,Albuquerque,APROVADA,2026-07-25T15:01:11,2026-07-25T17:52:11,2026-07-25T23:19:00,batch_002
df6722c2-6663-416e-8d74-61a39b3d6934,721,,SAQUE,5645.86,BRL,Cupiditate nulla dolorum.,,Rios das Pedras,APROVADA,2026-07-24T12:36:56,2026-07-24T13:01:56,2026-07-25T23:19:00,batch_002
bae2aa8b-cbec-4a0f-9530-19f997020386,383,,TED,2541.37,BRL,Placeat similique dolorum dolore quo labore.,,Novais,APROVADA,2026-07-20T00:51:14,2026-07-20T02:06:14,2026-07-25T23:19:00,batch_002
a30273ed-7e84-4447-b84d-a9bf48fa7d55,293,,SAQUE,9531.46,BRL,Ipsam quidem consectetur error rerum excepturi.,,Costa de Borges,APROVADA,2026-07-22T03:58:59,2026-07-22T06:45:59,2026-07-25T23:19:00,batch_002
fa6e404a-6f53-4efd-b2d7-988e2d079c84,126,,BOLETO,1304.89,BRL,Corporis at totam ea magni.,,Sousa de Camargo,APROVADA,2026-07-19T00:25:41,2026-07-19T03:23:41,2026-07-25T23:19:00,batch_002
dbc8fa9d-fc26-46ed-ac53-3d3846147928,1052,,SAQUE,6585.08,BRL,Aut explicabo animi sit doloremque.,,Ramos,APROVADA,2026-07-25T10:06:18,2026-07-25T10:07:18,2026-07-25T23:19:00,batch_002
52d97e00-25c2-46cd-94ed-03926fc3f6a5,240,,TED,244.08,BRL,Dolorem totam nulla voluptatem temporibus iusto.,,Brito do Sul,APROVADA,2026-07-20T23:52:18,2026-07-21T01:15:18,2026-07-25T23:19:00,batch_002
8d2978db-2908-4553-8e39-d9c6f1b1ef25,519,,BOLETO,14500.57,BRL,Repudiandae dolorum magni.,,Ribeiro do Galho,APROVADA,2026-07-22T11:18:34,2026-07-22T11:53:34,2026-07-25T23:19:00,batch_002
9478130f-0f6c-4d15-8e45-cc99bac931fe,47,64.0,CARTAO,8121.89,BRL,Adipisci numquam id voluptate cum.,Rezende,Souza,APROVADA,2026-07-20T21:58:04,2026-07-20T23:20:04,2026-07-25T23:19:00,batch_002
bd7e13ea-b2fe-4bd1-9428-3f6ef6fff68b,946,,SAQUE,2038.98,BRL,Modi magnam excepturi.,,Porto das Flores,APROVADA,2026-07-21T12:59:42,2026-07-21T14:37:42,2026-07-25T23:19:00,batch_002
9415f3e0-b450-4991-b8d5-822e1497d9d9,236,,TED,10204.3,BRL,Veritatis voluptate explicabo soluta omnis totam.,,Caldeira,APROVADA,2026-07-20T22:31:39,2026-07-21T00:35:39,2026-07-25T23:19:00,batch_002
1fb99b82-301e-437e-bea9-8ba9148100f6,41,,BOLETO,10189.64,BRL,Provident facere ea ipsa.,,Sá,APROVADA,2026-07-20T08:56:00,2026-07-20T09:42:00,2026-07-25T23:19:00,batch_002
05cf56bd-6bdc-4169-be44-5a5c0bb4f7e1,179,,TED,13600.52,BRL,Dicta modi tempore eos voluptatum.,,Aragão de Moreira,NEGADA,2026-07-19T17:50:43,2026-07-19T19:37:43,2026-07-25T23:19:00,batch_002
73215b3d-53c9-4ab0-a498-b9c91956085b,491,,SAQUE,6872.42,BRL,Vitae molestiae ad libero cum.,,Araújo,APROVADA,2026-07-24T13:50:12,2026-07-24T15:06:12,2026-07-25T23:19:00,batch_002
add40a46-de59-4c3e-9f96-df3f5e375279,1187,,PIX,9604.15,BRL,Sequi rerum modi.,,Moreira da Praia,APROVADA,2026-07-19T08:16:50,2026-07-19T09:30:50,2026-07-25T23:19:00,batch_002
b2aa71bf-df16-4106-b088-ee6fac9d9d3b,182,,PIX,11578.9,BRL,Illo dolores aut maxime.,,Sá da Mata,APROVADA,2026-07-25T08:46:35,2026-07-25T10:05:35,2026-07-25T23:19:00,batch_002
f65c3db2-6826-44f2-bdd5-fa4675134276,300,,SAQUE,3961.63,BRL,At nam corporis reprehenderit fugiat laboriosam.,,Pacheco,APROVADA,2026-07-20T06:27:36,2026-07-20T08:29:36,2026-07-25T23:19:00,batch_002
2b73544a-0d0e-41c9-bb45-48661eb19ac7,69,,SAQUE,13130.53,BRL,Unde ut minima similique architecto nobis.,,Sousa de Fernandes,APROVADA,2026-07-20T13:56:30,2026-07-20T14:17:30,2026-07-25T23:19:00,batch_002
449949ff-72da-47f5-b14b-ca5f5384ae12,973,,TED,14184.1,BRL,Quo vel omnis.,,Pacheco,APROVADA,2026-07-23T18:41:31,2026-07-23T20:55:31,2026-07-25T23:19:00,batch_002
f3598ffe-8dc2-47c7-9ce7-f44e45231626,736,,CARTAO,5577.93,BRL,Eum ex minima accusantium.,Costa Lima - ME,Rios,APROVADA,2026-07-23T07:06:16,2026-07-23T08:43:16,2026-07-25T23:19:00,batch_002
c05cdfe3-9daf-49da-a4d7-77f77c639c49,452,,TED,5259.97,BRL,Officia amet error.,,Lima,APROVADA,2026-07-22T23:39:23,2026-07-23T00:40:23,2026-07-25T23:19:00,batch_002
588fc365-8101-4f65-b511-22dfd351585f,510,,BOLETO,11672.2,BRL,Error aspernatur ut.,,Nogueira da Prata,APROVADA,2026-07-19T01:42:10,2026-07-19T02:16:10,2026-07-25T23:19:00,batch_002
6e7c69f7-62f4-4551-b1b2-f0882dcf0e66,853,,SAQUE,5427.1,BRL,Culpa ea tempora recusandae commodi laborum.,,Vasconcelos,APROVADA,2026-07-25T21:49:44,2026-07-25T22:49:44,2026-07-25T23:19:00,batch_002
ab2f11f8-59aa-4891-b248-d749ce587a4f,341,,SAQUE,11220.51,BRL,Mollitia possimus dolores delectus corporis beatae.,,Camargo de Goiás,APROVADA,2026-07-21T07:16:57,2026-07-21T08:49:57,2026-07-25T23:19:00,batch_002
595dc269-38ca-4bb5-b43b-427044f8ec8d,1051,,TED,16703.65,BRL,Ipsam itaque autem deserunt neque.,,Moura,APROVADA,2026-07-22T14:56:02,2026-07-22T16:57:02,2026-07-25T23:19:00,batch_002
ad33eb15-df34-4578-b5ed-de3fd9daffaf,1028,,PIX,903.84,BRL,Similique placeat voluptates tenetur.,,Cavalcanti,APROVADA,2026-07-20T07:09:26,2026-07-20T07:31:26,2026-07-25T23:19:00,batch_002
c77f9d96-0346-43d9-95c5-3d89b09e0fd9,481,,PIX,15767.73,BRL,Voluptatibus facilis ea facilis officia sint.,,Abreu do Norte,APROVADA,2026-07-19T23:18:22,2026-07-20T00:13:22,2026-07-25T23:19:00,batch_002
edf81f99-faea-48e9-83f9-2299781451ed,174,,PIX,11816.84,BRL,Ab debitis asperiores.,,Pires de Alves,APROVADA,2026-07-24T05:07:00,2026-07-24T06:49:00,2026-07-25T23:19:00,batch_002
e5e170b1-5b1f-452e-8d79-d8cc80f63a45,558,831.0,CARTAO,12462.72,BRL,Eos omnis corrupti.,Almeida,Oliveira do Norte,APROVADA,2026-07-24T14:05:48,2026-07-24T16:38:48,2026-07-25T23:19:00,batch_002
99c104be-7177-4054-a586-3e9232db823b,654,,SAQUE,1167.17,BRL,Nostrum aliquam id est quisquam tenetur.,,Silva de Alves,APROVADA,2026-07-25T21:06:21,2026-07-25T23:09:21,2026-07-25T23:19:00,batch_002
c05dc931-ad21-4837-a1d4-2e55dc501062,609,,PIX,6841.11,BRL,Suscipit facilis accusamus.,,Ferreira,APROVADA,2026-07-24T09:34:14,2026-07-24T10:28:14,2026-07-25T23:19:00,batch_002
e17a9cb0-d053-4319-97c9-120d3661e7f9,608,,CARTAO,10188.67,BRL,Ducimus deleniti consectetur ratione maiores inventore.,Vargas,da Mota,APROVADA,2026-07-23T17:52:02,2026-07-23T18:38:02,2026-07-25T23:19:00,batch_002
72ac6e8a-178b-4dbf-9f4d-c5199dff44c6,1094,,BOLETO,13251.71,BRL,Ad voluptate aut.,,Monteiro,APROVADA,2026-07-24T08:55:47,2026-07-24T10:46:47,2026-07-25T23:19:00,batch_002
df41f69c-78a0-4946-b241-92c19c4b16f7,611,,CARTAO,7419.27,BRL,Asperiores possimus maiores voluptatum.,das Neves,Mendes do Amparo,APROVADA,2026-07-25T02:05:26,2026-07-25T03:35:26,2026-07-25T23:19:00,batch_002
32730747-a366-4175-8b11-79d3cefd2941,909,,PIX,10482.26,BRL,In molestiae ipsam at similique possimus.,,Nascimento,NEGADA,2026-07-22T15:33:59,2026-07-22T17:41:59,2026-07-25T23:19:00,batch_002
734c186f-ad3b-4edb-a57d-5ca8e7c9d88b,66,,CARTAO,17437.71,BRL,Quia molestiae porro vel accusantium.,Melo Ltda.,Ferreira,APROVADA,2026-07-23T19:16:12,2026-07-23T20:48:12,2026-07-25T23:19:00,batch_002
5e822916-6e1c-4d3d-b1f5-1cf9d5e68b93,425,,SAQUE,9619.58,BRL,Quia natus est.,,Fernandes,APROVADA,2026-07-20T12:12:21,2026-07-20T12:59:21,2026-07-25T23:19:00,batch_002
6c3e4d8b-8118-48f0-b167-162856b1b11d,891,,BOLETO,16211.17,BRL,Dolores quam illum quas dignissimos.,,Cunha,APROVADA,2026-07-23T16:44:23,2026-07-23T18:10:23,2026-07-25T23:19:00,batch_002
364ece5f-76db-4a3c-8e8f-fd9c2fb21c05,1072,,SAQUE,14276.48,BRL,Impedit tempore odio enim.,,Teixeira da Praia,APROVADA,2026-07-19T04:38:13,2026-07-19T05:12:13,2026-07-25T23:19:00,batch_002
213b080c-6fab-440f-8867-6a902e14a9f1,786,,BOLETO,19826.3,BRL,Ex laborum excepturi ab.,,Azevedo do Campo,APROVADA,2026-07-20T04:54:23,2026-07-20T06:26:23,2026-07-25T23:19:00,batch_002
0a9bb6fc-03a4-4889-9653-fc9b6e9b30ea,1210,,TED,7638.29,BRL,Excepturi praesentium cupiditate quia.,,Cassiano Alegre,APROVADA,2026-07-25T00:50:29,2026-07-25T02:34:29,2026-07-25T23:19:00,batch_002
204d53c0-911b-4e42-a273-224d9c05d0ef,1201,,BOLETO,6738.43,BRL,Ipsum minus assumenda.,,Macedo do Sul,APROVADA,2026-07-20T18:35:25,2026-07-20T18:50:25,2026-07-25T23:19:00,batch_002
d0d2538c-1148-43ae-ad9d-616ad3c407dc,902,,PIX,15141.05,BRL,Quis consequuntur ea harum quos voluptas.,,da Paz,APROVADA,2026-07-23T11:20:03,2026-07-23T12:37:03,2026-07-25T23:19:00,batch_002
05abbb8a-fe5f-44dc-9d1f-0720da50adf8,977,,BOLETO,16014.69,BRL,Vitae voluptatem sint.,,da Mota,APROVADA,2026-07-25T01:23:11,2026-07-25T04:23:11,2026-07-25T23:19:00,batch_002
b700cb23-d0be-494f-baf4-8909e79a1b2a,896,78.0,CARTAO,14725.73,BRL,Quisquam exercitationem tempore laborum.,Duarte,Pires,APROVADA,2026-07-24T13:02:28,2026-07-24T14:54:28,2026-07-25T23:19:00,batch_002
491a3d77-0b47-4caa-9087-e77696ab4346,634,,BOLETO,18338.86,BRL,Non dicta magni earum sit.,,Monteiro,APROVADA,2026-07-21T16:38:11,2026-07-21T19:00:11,2026-07-25T23:19:00,batch_002
39408f4c-5eea-4c4c-ae96-a6114888dd79,37,,BOLETO,211.36,BRL,Nostrum neque pariatur.,,Albuquerque Grande,APROVADA,2026-07-23T03:07:28,2026-07-23T05:21:28,2026-07-25T23:19:00,batch_002
30bff827-1fb3-4837-a252-7c8e94d8d058,1124,,TED,13810.61,BRL,Sint assumenda adipisci nulla esse debitis.,,Duarte,APROVADA,2026-07-22T02:58:04,2026-07-22T03:18:04,2026-07-25T23:19:00,batch_002
7bcf7000-4c7d-4263-a1eb-acfecb6ec683,201,,TED,11042.21,BRL,Impedit repellendus aspernatur quae blanditiis aperiam.,,Rocha de Machado,APROVADA,2026-07-23T02:42:16,2026-07-23T03:44:16,2026-07-25T23:19:00,batch_002
1849b454-23cf-4e0b-92a4-7fab9ad24f06,376,,BOLETO,16892.54,BRL,Blanditiis reiciendis dolore.,,Borges,APROVADA,2026-07-21T09:08:14,2026-07-21T10:10:14,2026-07-25T23:19:00,batch_002
716bf93e-04f8-4d93-aa6e-04426251af76,538,,SAQUE,2829.18,BRL,Praesentium adipisci reiciendis cumque alias assumenda.,,Machado,APROVADA,2026-07-25T01:43:28,2026-07-25T02:31:28,2026-07-25T23:19:00,batch_002
a381675b-3d95-42a8-9de3-0c15d964f5bb,36,149.0,CARTAO,11742.85,BRL,Enim quo recusandae quibusdam debitis sunt.,Correia e Filhos,Rezende,APROVADA,2026-07-22T00:34:14,2026-07-22T01:44:14,2026-07-25T23:19:00,batch_002
51bbb7f3-81d7-41a1-a6eb-7843fdfc2b01,924,,PIX,14403.01,BRL,Occaecati corrupti praesentium repellat ratione.,,Monteiro,APROVADA,2026-07-22T15:35:21,2026-07-22T16:19:21,2026-07-25T23:19:00,batch_002
3ab91712-c5cb-44ae-bd76-c768ddb8e0c0,1064,,PIX,5850.21,BRL,Autem eveniet magnam architecto.,,da Cunha de Rocha,APROVADA,2026-07-19T07:46:06,2026-07-19T08:37:06,2026-07-25T23:19:00,batch_002
a4c7f1e3-3ea3-453e-86ca-67206d1d5190,406,519.0,CARTAO,1299.52,BRL,Asperiores natus illo ratione modi.,da Cruz S/A,Vargas do Campo,APROVADA,2026-07-24T20:56:02,2026-07-24T23:47:02,2026-07-25T23:19:00,batch_002
dee994df-28a5-4da3-bb1f-02ba6bf29e7d,485,,PIX,19350.95,BRL,Molestiae unde quibusdam odio vitae.,,Barbosa Alegre,APROVADA,2026-07-25T10:09:54,2026-07-25T10:11:54,2026-07-25T23:19:00,batch_002
cedd865c-2ef4-4afb-b631-a624e4847ef0,1038,,TED,4030.7,BRL,Distinctio ad vitae consequatur laboriosam.,,Borges,APROVADA,2026-07-24T22:52:24,2026-07-24T23:50:24,2026-07-25T23:19:00,batch_002
07de76b3-1128-4abc-8c23-28ee198b300d,838,,BOLETO,19953.22,BRL,Eligendi nulla at voluptates a.,,da Paz de Viana,APROVADA,2026-07-24T18:58:23,2026-07-24T20:58:23,2026-07-25T23:19:00,batch_002
bbee6145-0c7c-4271-9044-93a665c43035,925,,TED,17710.86,BRL,Velit eveniet voluptatum.,,Macedo do Amparo,APROVADA,2026-07-21T15:48:42,2026-07-21T17:59:42,2026-07-25T23:19:00,batch_002
4960853b-0198-458a-a630-9989364a4369,245,,PIX,13595.11,BRL,Velit ullam nobis tempora.,,Oliveira,APROVADA,2026-07-24T07:34:13,2026-07-24T09:35:13,2026-07-25T23:19:00,batch_002
1a872888-c9c5-4734-b5d5-c3b1cb0e35be,413,,TED,19057.04,BRL,Officiis dicta qui.,,Azevedo Grande,APROVADA,2026-07-21T17:18:08,2026-07-21T20:04:08,2026-07-25T23:19:00,batch_002
468fc4e6-e7da-48c4-96d9-b4d04ac70dce,412,180.0,CARTAO,1823.98,BRL,Hic architecto nam aliquam.,Rios,Siqueira,APROVADA,2026-07-22T14:58:13,2026-07-22T16:22:13,2026-07-25T23:19:00,batch_002
e4a7a7ff-51f4-4636-b026-b8a9061bcf99,620,,SAQUE,12670.47,BRL,Deserunt maxime sapiente aut consequuntur.,,da Cruz de Aparecida,APROVADA,2026-07-25T09:17:41,2026-07-25T11:21:41,2026-07-25T23:19:00,batch_002
6bd52ba2-4453-4e3c-8002-733825cfa243,814,,PIX,8242.23,BRL,Illo doloremque minima ipsam.,,Fogaça de da Costa,APROVADA,2026-07-24T17:04:01,2026-07-24T19:09:01,2026-07-25T23:19:00,batch_002
0df94c44-b36b-4c36-a13c-dba32c0daad5,401,,PIX,3945.36,BRL,Nobis quam molestias culpa tenetur placeat.,,Mendonça de Souza,APROVADA,2026-07-24T19:48:51,2026-07-24T20:27:51,2026-07-25T23:19:00,batch_002
fb75c13c-5bcd-4d82-b68f-d096866065da,885,,SAQUE,17783.41,BRL,Quod harum rerum iusto distinctio.,,Sousa da Mata,APROVADA,2026-07-24T14:00:42,2026-07-24T15:29:42,2026-07-25T23:19:00,batch_002
d45790a2-012d-4020-bf21-85a8b835ebf7,531,,CARTAO,1851.74,BRL,Quos voluptate voluptate.,Dias Novais - ME,Moreira,APROVADA,2026-07-20T03:58:25,2026-07-20T04:45:25,2026-07-25T23:19:00,batch_002
0fdf785e-b370-4887-9a4a-c52845665d2e,183,,SAQUE,1174.33,BRL,Voluptates ipsa consectetur.,,Abreu de Abreu,APROVADA,2026-07-19T23:15:28,2026-07-20T00:56:28,2026-07-25T23:19:00,batch_002
336b9286-2488-4309-8a90-23e2d0da96db,679,,PIX,5498.62,BRL,Facere repudiandae rem consequatur.,,Vieira da Praia,APROVADA,2026-07-20T03:06:33,2026-07-20T03:13:33,2026-07-25T23:19:00,batch_002
1ae9e9a8-ffdf-49d2-bd99-23e559f26054,283,,TED,14717.94,BRL,Ut et saepe magni.,,Macedo de Minas,APROVADA,2026-07-21T20:15:49,2026-07-21T21:54:49,2026-07-25T23:19:00,batch_002
c3f5919a-d214-470a-a32b-e1b3570e3a54,1215,,PIX,11208.53,BRL,Aut impedit earum sed.,,da Costa,APROVADA,2026-07-22T12:07:27,2026-07-22T13:26:27,2026-07-25T23:19:00,batch_002
406d1f8b-3c8e-4ab6-bb8a-30896bf77f66,293,,SAQUE,5261.74,BRL,Facere similique doloribus.,,Caldeira,APROVADA,2026-07-22T15:34:17,2026-07-22T16:18:17,2026-07-25T23:19:00,batch_002
d1525963-41d3-41f9-a598-58978dc51d80,50,,TED,16973.38,BRL,Magnam id nam.,,Guerra do Norte,APROVADA,2026-07-22T02:32:23,2026-07-22T04:48:23,2026-07-25T23:19:00,batch_002
0d284aab-9674-420b-8bcf-b02660003b06,603,,SAQUE,15750.99,BRL,Eveniet ad perspiciatis nobis quibusdam ut.,,Aragão de Goiás,APROVADA,2026-07-24T13:47:13,2026-07-24T15:25:13,2026-07-25T23:19:00,batch_002
5d446fcb-17be-4cd6-aa99-8ed10e31fe47,1173,298.0,CARTAO,17053.55,BRL,Natus voluptates cumque.,Novais,Costela,APROVADA,2026-07-20T18:42:44,2026-07-20T19:35:44,2026-07-25T23:19:00,batch_002
85126617-face-4804-a374-1da322e08dbb,921,,TED,17798.85,BRL,Perferendis dolore quae occaecati.,,Gonçalves Verde,APROVADA,2026-07-24T20:41:30,2026-07-24T21:13:30,2026-07-25T23:19:00,batch_002
9f8e83c2-3da9-4115-9d51-12e85b942e13,1112,,PIX,137.66,BRL,Non commodi accusantium a sequi.,,Mendonça do Campo,PENDENTE,2026-07-22T03:06:43,2026-07-22T05:04:43,2026-07-25T23:19:00,batch_002
cd91bcaa-c3b8-4aeb-b6c7-fab1d6b4d4c6,569,,SAQUE,13948.97,BRL,Debitis fugiat laudantium laborum dicta repellat.,,Almeida de Carvalho,APROVADA,2026-07-20T14:14:19,2026-07-20T16:08:19,2026-07-25T23:19:00,batch_002
98fd4d2e-4760-46bb-ab45-838d80147ae1,874,,SAQUE,7128.3,BRL,Totam sunt dolorum dolores sint.,,Silveira,APROVADA,2026-07-23T19:00:29,2026-07-23T20:22:29,2026-07-25T23:19:00,batch_002
54de5561-21e3-430a-95a8-7e8e2435a940,1129,,PIX,15207.36,BRL,Atque deserunt exercitationem in ea atque assumenda.,,Siqueira,APROVADA,2026-07-24T02:42:05,2026-07-24T04:27:05,2026-07-25T23:19:00,batch_002
1a681acf-9970-4ed5-90ca-2ade03b30902,399,,SAQUE,6103.63,BRL,Necessitatibus aperiam tempora molestiae.,,Barbosa,APROVADA,2026-07-19T22:41:19,2026-07-19T23:34:19,2026-07-25T23:19:00,batch_002
a16a5a23-79d3-4417-8fbb-8329c5cdec58,577,,BOLETO,9653.99,BRL,Corporis quis nesciunt.,,Cirino do Norte,APROVADA,2026-07-19T19:11:32,2026-07-19T21:05:32,2026-07-25T23:19:00,batch_002
bcf93c1e-7eb9-4b61-97d9-0b9318c70bd2,154,,PIX,3385.93,BRL,Quis harum excepturi assumenda facilis iure.,,da Rocha do Sul,APROVADA,2026-07-19T00:53:58,2026-07-19T02:15:58,2026-07-25T23:19:00,batch_002
f8338216-9f6d-497b-99c9-8824ae214c67,847,,TED,11736.41,BRL,Quidem commodi rem cupiditate modi.,,Pimenta,APROVADA,2026-07-20T17:13:19,2026-07-20T17:36:19,2026-07-25T23:19:00,batch_002
c9d28b1e-b638-41fe-8d22-5207c4031374,57,,SAQUE,4616.04,BRL,Recusandae laudantium ducimus.,,Jesus de Câmara,APROVADA,2026-07-22T17:54:06,2026-07-22T18:28:06,2026-07-25T23:19:00,batch_002
4097c2ec-0078-4ef4-9871-5a8f0255421d,178,,TED,3212.93,BRL,Quia tempora voluptate pariatur odit expedita.,,Fernandes de da Mata,APROVADA,2026-07-24T13:24:25,2026-07-24T14:43:25,2026-07-25T23:19:00,batch_002
f56f6271-0a08-4347-8aa2-8e1c7d2d72ab,237,,PIX,17673.62,BRL,Corporis enim magni.,,Jesus da Serra,APROVADA,2026-07-22T11:47:26,2026-07-22T11:57:26,2026-07-25T23:19:00,batch_002
c5b4123f-7698-4125-929c-69960dac9edc,484,,TED,19340.31,BRL,Officiis earum excepturi similique debitis.,,Brito de Melo,APROVADA,2026-07-22T17:23:17,2026-07-22T18:43:17,2026-07-25T23:19:00,batch_002
00f51a70-73d7-4761-b56f-fdf84e2aadb9,3,11.0,CARTAO,8580.76,BRL,Asperiores ex voluptates.,Montenegro,Moraes do Galho,APROVADA,2026-07-20T10:53:56,2026-07-20T12:52:56,2026-07-25T23:19:00,batch_002
aa8a09d6-0a62-4e58-b81e-e1ed39b8bf83,618,,PIX,8611.17,BRL,Neque iste praesentium atque quidem quasi.,,da Cruz Paulista,APROVADA,2026-07-19T06:51:49,2026-07-19T07:30:49,2026-07-25T23:19:00,batch_002
6cf1bef8-009f-4c48-b818-e904fbbd5f0d,219,,BOLETO,6941.58,BRL,Odio dolor facere suscipit temporibus facere.,,Dias Verde,APROVADA,2026-07-21T05:06:22,2026-07-21T05:17:22,2026-07-25T23:19:00,batch_002
30b69b5c-ed70-4c80-af0f-501aab1fe931,1124,,CARTAO,15953.98,BRL,Asperiores quo consectetur maiores incidunt architecto.,Duarte,Nogueira de Minas,APROVADA,2026-07-22T18:46:47,2026-07-22T21:31:47,2026-07-25T23:19:00,batch_002
77b663de-d8b6-47ac-a26f-17077d02b10e,250,182.0,CARTAO,14144.12,BRL,Tempora at consequuntur.,Borges,Farias,APROVADA,2026-07-20T18:16:05,2026-07-20T21:15:05,2026-07-25T23:19:00,batch_002
b69ae789-ade8-4475-a3a5-d8a0ce83341d,334,,PIX,75.45,BRL,Quasi soluta quae animi eligendi.,,das Neves,APROVADA,2026-07-21T11:12:08,2026-07-21T12:45:08,2026-07-25T23:19:00,batch_002
37d395d2-2aad-45f6-a44b-64cc44ae9b1d,829,,SAQUE,10651.82,BRL,Similique impedit adipisci.,,Sá,APROVADA,2026-07-22T12:02:55,2026-07-22T14:38:55,2026-07-25T23:19:00,batch_002
89fb2bbe-546d-4e43-82f1-0ffffbc10bfe,1146,,CARTAO,19571.47,BRL,Repellat et consequuntur perspiciatis dicta laborum.,da Conceição Andrade S.A.,Campos,APROVADA,2026-07-22T13:49:21,2026-07-22T14:58:21,2026-07-25T23:19:00,batch_002
bdd97728-8e6d-45db-94a8-4f6ddf5fbfea,159,,BOLETO,2579.67,BRL,Placeat tempore expedita vel dolore voluptate.,,Dias,APROVADA,2026-07-21T17:32:16,2026-07-21T20:14:16,2026-07-25T23:19:00,batch_002
2757430d-2b92-47db-8623-3ab0a3a500d4,67,,PIX,15825.43,BRL,Eius placeat nam.,,Casa Grande,APROVADA,2026-07-19T23:39:59,2026-07-20T02:02:59,2026-07-25T23:19:00,batch_002
7152f015-7e64-48a0-a5f2-0f71a98fa60c,384,,TED,3466.97,BRL,Harum aliquid unde odit doloribus commodi.,,Silva do Sul,APROVADA,2026-07-22T08:15:54,2026-07-22T10:23:54,2026-07-25T23:19:00,batch_002
0d1632cd-f352-40fa-9f0a-fe85c456ab44,305,,CARTAO,5134.58,BRL,Aperiam rerum quasi molestiae fuga blanditiis.,da Paz S/A,Alves de Nascimento,APROVADA,2026-07-25T06:06:56,2026-07-25T06:11:56,2026-07-25T23:19:00,batch_002
271b9d69-d452-42ed-96ed-7ea518a5bcc3,391,,TED,10684.24,BRL,Odio aspernatur aut velit perferendis.,,Cirino,APROVADA,2026-07-20T04:24:04,2026-07-20T06:46:04,2026-07-25T23:19:00,batch_002
66552d2c-1679-407c-983a-827a5e63c41e,147,,PIX,15763.05,BRL,Quaerat eos provident impedit necessitatibus.,,Cunha,APROVADA,2026-07-20T16:18:42,2026-07-20T17:31:42,2026-07-25T23:19:00,batch_002
e1bc3a34-d798-4315-98e2-ab2c06fd1ad5,105,,PIX,11039.77,BRL,Molestiae dolore atque odit saepe beatae.,,Ferreira,APROVADA,2026-07-19T09:37:31,2026-07-19T10:44:31,2026-07-25T23:19:00,batch_002
a0a4220b-134e-4e48-9f7b-feea01470d16,925,,BOLETO,2372.49,BRL,Labore vitae quae qui.,,Almeida,APROVADA,2026-07-23T17:03:08,2026-07-23T17:28:08,2026-07-25T23:19:00,batch_002
6fca3ab0-2d4f-423c-94c2-f54e802a0d3a,54,,BOLETO,13157.75,BRL,Quas aperiam maxime quo.,,das Neves Paulista,APROVADA,2026-07-20T16:19:26,2026-07-20T18:56:26,2026-07-25T23:19:00,batch_002
81088856-60a6-48c8-a0c4-974575272c53,261,,TED,5039.23,BRL,Temporibus et soluta ex aliquid asperiores.,,Fernandes,APROVADA,2026-07-20T00:48:05,2026-07-20T03:30:05,2026-07-25T23:19:00,batch_002
0010e6b9-f123-45aa-88d7-b66d64d71baf,346,,BOLETO,18694.42,BRL,Ducimus facilis culpa aperiam aut.,,Rocha das Flores,APROVADA,2026-07-21T21:28:13,2026-07-21T23:01:13,2026-07-25T23:19:00,batch_002
88ea995f-9dea-445a-a9af-ab1ff98303f3,620,,SAQUE,3061.15,BRL,Soluta et accusamus aspernatur placeat mollitia.,,Andrade,APROVADA,2026-07-25T00:00:44,2026-07-25T02:23:44,2026-07-25T23:19:00,batch_002
00e53136-8383-49b7-ad9c-17fc732eaee3,851,,SAQUE,12947.15,BRL,Blanditiis asperiores quia blanditiis saepe.,,Pastor de Sá,APROVADA,2026-07-24T16:50:26,2026-07-24T19:41:26,2026-07-25T23:19:00,batch_002
e16bb20a-7570-47f7-a576-6831cd3c479a,1185,,BOLETO,14200.32,BRL,Nemo laboriosam animi odit commodi porro.,,da Mata,APROVADA,2026-07-21T09:33:10,2026-07-21T11:53:10,2026-07-25T23:19:00,batch_002
29a48f83-d4e7-4a26-b90a-adaa46dccf19,533,,TED,7822.62,BRL,Eaque consectetur aliquid recusandae aut.,,Camargo do Campo,APROVADA,2026-07-22T22:07:08,2026-07-22T22:17:08,2026-07-25T23:19:00,batch_002
0ed82a9c-8788-496e-8e02-ca45424510d1,620,,CARTAO,3905.26,BRL,Est eaque iusto reprehenderit.,Pastor,da Conceição de Minas,PENDENTE,2026-07-25T05:45:46,2026-07-25T07:45:46,2026-07-25T23:19:00,batch_002
dd839cba-782c-4a4a-bcfb-c9adc1b45ef7,268,,TED,16266.21,BRL,Eaque natus qui rem dolores consequuntur.,,Siqueira,APROVADA,2026-07-24T11:33:35,2026-07-24T11:59:35,2026-07-25T23:19:00,batch_002
77ff79d0-9c51-4a03-97af-6320b8553fa6,379,,PIX,16985.18,BRL,Neque similique debitis deserunt.,,da Cruz de Goiás,APROVADA,2026-07-24T03:26:36,2026-07-24T04:02:36,2026-07-25T23:19:00,batch_002
f7562640-78f0-43d6-8aef-0810a411f595,12,,BOLETO,17589.99,BRL,Dolorum atque porro at soluta.,,Machado,NEGADA,2026-07-19T12:12:05,2026-07-19T14:18:05,2026-07-25T23:19:00,batch_002
610e67d5-06fe-4742-8403-73f1f7cad93c,527,,SAQUE,12410.02,BRL,Tenetur sit voluptates.,,Melo da Prata,APROVADA,2026-07-24T17:29:46,2026-07-24T19:24:46,2026-07-25T23:19:00,batch_002
66d4331e-988d-4b82-8ba2-06ca15be4aff,717,,PIX,1695.72,BRL,Rem dolorem consectetur fugit corrupti excepturi.,,Martins,APROVADA,2026-07-21T23:15:26,2026-07-22T00:04:26,2026-07-25T23:19:00,batch_002
7fd2cdf9-0fe6-4b4b-88d0-c1f1da106da6,551,,BOLETO,13988.69,BRL,Explicabo debitis sunt.,,Pinto do Sul,APROVADA,2026-07-21T02:26:30,2026-07-21T03:36:30,2026-07-25T23:19:00,batch_002
72f419ca-7556-4030-8403-81ee05030a60,531,,SAQUE,7134.0,BRL,Totam aliquam aperiam molestiae deleniti nesciunt.,,Sousa de Farias,NEGADA,2026-07-21T14:01:20,2026-07-21T14:59:20,2026-07-25T23:19:00,batch_002
b6a36e55-cba0-455d-8382-65df9c695d24,240,,BOLETO,11460.37,BRL,Aspernatur quam repellat blanditiis dicta.,,Sales,APROVADA,2026-07-19T09:28:02,2026-07-19T09:48:02,2026-07-25T23:19:00,batch_002
2f9add64-6007-48dc-a52e-d09ddebb47c9,1021,,SAQUE,2008.45,BRL,Consequatur alias reiciendis officia maiores.,,Nogueira da Prata,APROVADA,2026-07-19T14:19:25,2026-07-19T15:22:25,2026-07-25T23:19:00,batch_002
22f9019c-e538-46ec-b65f-a7fb0858f1a4,938,,BOLETO,6906.52,BRL,Ex fugit tempora molestias.,,Azevedo de Goiás,APROVADA,2026-07-19T23:18:57,2026-07-20T00:42:57,2026-07-25T23:19:00,batch_002
2f1d3801-e65a-4b31-adef-1b019e953459,684,,BOLETO,11203.26,BRL,Tempora est dolorum assumenda atque.,,Ramos,APROVADA,2026-07-25T08:02:47,2026-07-25T10:52:47,2026-07-25T23:19:00,batch_002
e2b0cb79-9f55-41b3-832f-edf93a53aa09,463,,BOLETO,7430.28,BRL,Veniam rem saepe.,,Barros,APROVADA,2026-07-21T12:57:34,2026-07-21T15:22:34,2026-07-25T23:19:00,batch_002
366d74d2-a5eb-4dd0-9080-2275797fe32e,1057,,BOLETO,4591.79,BRL,Porro voluptatem deleniti perferendis dicta.,,da Cruz de Pires,APROVADA,2026-07-22T04:48:21,2026-07-22T04:50:21,2026-07-25T23:19:00,batch_002
b27e0788-8293-4686-b6a2-76eb9762219f,177,,BOLETO,13484.03,BRL,Accusantium quaerat voluptatibus quibusdam.,,Barbosa do Amparo,APROVADA,2026-07-20T21:39:06,2026-07-20T22:12:06,2026-07-25T23:19:00,batch_002
a71a0bbb-2085-444b-8648-2990fa07c3cd,1073,,BOLETO,11718.48,BRL,Debitis illo delectus sit natus.,,Nogueira de Borges,APROVADA,2026-07-22T00:06:59,2026-07-22T00:58:59,2026-07-25T23:19:00,batch_002
a08808a8-85df-4f80-9921-c08882d1630c,105,,TED,12898.98,BRL,Vel cupiditate assumenda ratione dolorem tempora.,,Ribeiro da Praia,APROVADA,2026-07-20T08:35:06,2026-07-20T10:37:06,2026-07-25T23:19:00,batch_002
90aae09e-8e08-4f4e-a4d8-ed4681a6cc80,87,,BOLETO,14606.37,BRL,Minus exercitationem adipisci et optio.,,Marques,APROVADA,2026-07-21T19:35:05,2026-07-21T22:33:05,2026-07-25T23:19:00,batch_002
fddd5417-d301-4740-b76a-2a7dd94c6ae8,589,236.0,CARTAO,889.35,BRL,Ut amet molestias hic omnis adipisci.,Monteiro,Pereira,APROVADA,2026-07-21T01:46:27,2026-07-21T02:00:27,2026-07-25T23:19:00,batch_002
b3a7cfdc-85dc-49bd-aa9f-2f6f8430da1e,231,,PIX,11147.4,BRL,Sit temporibus similique voluptatem quasi quisquam.,,da Rosa,APROVADA,2026-07-20T13:26:48,2026-07-20T13:58:48,2026-07-25T23:19:00,batch_002
7790ad95-856f-4023-ad6a-59f11e8cca2c,724,,BOLETO,2295.06,BRL,Maxime nesciunt minus vel quia harum.,,Gomes de Minas,APROVADA,2026-07-20T19:16:52,2026-07-20T19:52:52,2026-07-25T23:19:00,batch_002
fa665bd5-7a86-4f27-ba5e-c7a84d17f23b,650,,PIX,14000.18,BRL,Optio ducimus molestias possimus.,,Aragão dos Dourados,APROVADA,2026-07-19T08:32:14,2026-07-19T10:17:14,2026-07-25T23:19:00,batch_002
d61a74c8-e4f9-4fa9-847a-4d1b311edfcb,755,,BOLETO,14307.75,BRL,Atque saepe libero.,,Azevedo do Galho,APROVADA,2026-07-19T20:26:04,2026-07-19T21:17:04,2026-07-25T23:19:00,batch_002
f3c05abb-01c0-4a23-b523-b16928a97653,73,,BOLETO,3964.56,BRL,Facilis suscipit quos reiciendis.,,Ribeiro,APROVADA,2026-07-25T22:26:13,2026-07-26T00:10:13,2026-07-25T23:19:00,batch_002
3a1cefa5-f24c-413e-8ddb-b527941aa2be,686,,BOLETO,14425.52,BRL,Inventore incidunt nisi.,,Mendonça do Galho,APROVADA,2026-07-25T23:04:50,2026-07-25T23:42:50,2026-07-25T23:19:00,batch_002
565150ec-e185-41a9-8748-227ab408e592,3,,PIX,18469.07,BRL,Libero accusamus cumque dolore provident.,,Melo,NEGADA,2026-07-23T09:22:12,2026-07-23T11:42:12,2026-07-25T23:19:00,batch_002
6df9a9b3-cd31-436e-b4c0-3ea551b399e4,360,,SAQUE,5603.67,BRL,Ipsum necessitatibus architecto libero.,,da Conceição,APROVADA,2026-07-22T04:22:47,2026-07-22T05:44:47,2026-07-25T23:19:00,batch_002
6f515883-55e7-4ea5-bf49-cc85b366dcf0,927,,PIX,1968.99,BRL,Laborum cum itaque ipsam esse blanditiis.,,da Mota,APROVADA,2026-07-20T08:16:08,2026-07-20T08:16:08,2026-07-25T23:19:00,batch_002
dc06df74-d861-4dca-acf2-f14a9e54fad2,307,30.0,CARTAO,1098.38,BRL,Molestias earum labore ut odio officiis.,Alves,Silveira de Goiás,APROVADA,2026-07-19T16:46:52,2026-07-19T18:39:52,2026-07-25T23:19:00,batch_002
97cc183e-9114-47cb-8a87-7be84346bd6a,1153,,CARTAO,15796.43,BRL,Nobis nisi consectetur assumenda esse.,Nunes Lopes S.A.,Oliveira,APROVADA,2026-07-23T08:41:24,2026-07-23T09:27:24,2026-07-25T23:19:00,batch_002
1b585c8e-2d07-4f0d-8ed7-68f50dcec76e,510,397.0,CARTAO,7376.03,BRL,Quis deleniti temporibus temporibus repudiandae.,Guerra - EI,da Rocha,APROVADA,2026-07-25T09:51:52,2026-07-25T12:34:52,2026-07-25T23:19:00,batch_002
4875881c-e2f2-4bc2-85cb-ac3a6537a011,17,,SAQUE,10755.76,BRL,Impedit occaecati ipsam.,,Andrade de Minas,APROVADA,2026-07-22T14:05:20,2026-07-22T16:06:20,2026-07-25T23:19:00,batch_002
efcf31ee-77ac-4eda-896e-3aaa1259c072,559,,TED,7166.62,BRL,Saepe rerum nihil.,,Freitas,APROVADA,2026-07-19T14:34:38,2026-07-19T15:20:38,2026-07-25T23:19:00,batch_002
029998bb-9e0a-4b54-a732-5e8ffcfe6e5f,725,,BOLETO,19874.78,BRL,Voluptates sit perspiciatis.,,Lima,APROVADA,2026-07-21T12:28:50,2026-07-21T14:41:50,2026-07-25T23:19:00,batch_002
17418304-158c-4b28-90bd-41ae9fb39de2,369,,BOLETO,19113.19,BRL,Temporibus repellendus nostrum sapiente.,,Fogaça,APROVADA,2026-07-19T10:37:16,2026-07-19T11:35:16,2026-07-25T23:19:00,batch_002
723c6eb1-1f97-4bba-9e39-583b50d50690,1010,,PIX,17212.62,BRL,Ducimus ullam blanditiis cumque expedita.,,da Conceição,APROVADA,2026-07-24T08:43:29,2026-07-24T11:28:29,2026-07-25T23:19:00,batch_002
16318439-4f50-400a-91ef-184ac8482c11,420,,BOLETO,9156.3,BRL,Commodi perferendis vero fuga nam.,,Cirino do Campo,APROVADA,2026-07-25T10:31:16,2026-07-25T13:04:16,2026-07-25T23:19:00,batch_002
3e9e59da-a07b-4e50-9d96-61126212cc5e,787,,CARTAO,10491.45,BRL,Hic mollitia eos sequi repellat voluptate.,da Mata,Fogaça,APROVADA,2026-07-22T18:28:16,2026-07-22T20:47:16,2026-07-25T23:19:00,batch_002
d5bb12ed-9ae5-44de-af05-96e2d0d51daa,30,,BOLETO,13246.69,BRL,Dolores harum dolorum sapiente hic eligendi.,,Monteiro Paulista,APROVADA,2026-07-21T21:38:09,2026-07-21T23:41:09,2026-07-25T23:19:00,batch_002
bc509ff6-34ab-438d-9fe6-82bf18760d34,1209,,TED,6454.58,BRL,Ab corrupti aliquid animi aliquam natus.,,Pimenta,APROVADA,2026-07-20T10:44:31,2026-07-20T10:56:31,2026-07-25T23:19:00,batch_002
de4cd957-79aa-448e-9e44-c457cc4f63db,870,,BOLETO,9298.83,BRL,Nam dicta maxime consequuntur natus fugiat.,,Almeida de Duarte,APROVADA,2026-07-20T19:18:32,2026-07-20T21:26:32,2026-07-25T23:19:00,batch_002
61579f04-48cb-404e-a944-4e8fd8b21a9b,749,,TED,1533.7,BRL,Quo reiciendis molestiae est.,,Almeida,APROVADA,2026-07-25T12:45:50,2026-07-25T12:52:50,2026-07-25T23:19:00,batch_002
d3b7755a-73b6-4b1c-83f6-9cd683664c80,176,,SAQUE,12032.58,BRL,Omnis ducimus aliquid aliquid possimus possimus.,,Casa Grande,APROVADA,2026-07-20T07:39:38,2026-07-20T08:37:38,2026-07-25T23:19:00,batch_002
7a56c5c4-59fd-4087-88bc-3bacfced276c,887,,SAQUE,11305.17,BRL,Occaecati iusto quae.,,Porto,PENDENTE,2026-07-22T01:10:48,2026-07-22T03:09:48,2026-07-25T23:19:00,batch_002
3423039c-36bd-4a1a-95f1-2153410797a4,889,,TED,19753.33,BRL,Amet beatae temporibus praesentium.,,Cardoso,APROVADA,2026-07-20T22:52:34,2026-07-21T01:35:34,2026-07-25T23:19:00,batch_002
9e96a99c-5b0c-469d-ae5d-08013600b91b,875,,BOLETO,13719.47,BRL,Quas unde odio ab.,,Dias,APROVADA,2026-07-23T02:04:31,2026-07-23T02:37:31,2026-07-25T23:19:00,batch_002
3ab22da0-82d0-428a-bc7a-154906b4604e,472,22.0,CARTAO,1713.83,BRL,A neque minus.,Silva,Correia,APROVADA,2026-07-23T03:21:45,2026-07-23T04:10:45,2026-07-25T23:19:00,batch_002
56024e2d-4e44-42c5-96d5-00e855986a36,154,,SAQUE,12302.29,BRL,Eius eos harum sunt consectetur aliquam.,,Melo de Minas,APROVADA,2026-07-22T03:03:00,2026-07-22T04:37:00,2026-07-25T23:19:00,batch_002
eb515da5-4ff8-4e3b-8ef7-1fcde8513fd6,44,,PIX,18807.02,BRL,Odit mollitia dolorum deleniti.,,Castro do Oeste,NEGADA,2026-07-24T20:39:42,2026-07-24T21:41:42,2026-07-25T23:19:00,batch_002
52ddde4d-e61c-4b45-b6a9-d3c24f784da8,933,,SAQUE,8587.98,BRL,Magnam rerum nulla numquam reiciendis saepe.,,Andrade,APROVADA,2026-07-19T16:02:56,2026-07-19T18:25:56,2026-07-25T23:19:00,batch_002
8b26a88b-78c9-403e-bbd0-029008fb1982,625,233.0,CARTAO,10373.98,BRL,Ab cum vel nostrum ipsam.,Gonçalves Moraes Ltda.,Moreira,APROVADA,2026-07-24T17:58:10,2026-07-24T18:53:10,2026-07-25T23:19:00,batch_002
dd3c5965-eeeb-4623-ad7b-41204e7e9726,47,,PIX,1805.98,BRL,Occaecati cum omnis veniam.,,Dias do Oeste,APROVADA,2026-07-22T11:16:43,2026-07-22T13:21:43,2026-07-25T23:19:00,batch_002
b85e049e-e16b-4463-9bdc-79327bc3fff7,761,38.0,CARTAO,7014.88,BRL,Exercitationem unde ipsa.,Teixeira Fonseca S/A,Cardoso,APROVADA,2026-07-21T00:31:49,2026-07-21T00:50:49,2026-07-25T23:19:00,batch_002
71e033d3-e59f-4fce-88e0-de100e977e71,117,,PIX,7640.56,BRL,Aperiam praesentium enim.,,Nunes,APROVADA,2026-07-25T17:00:45,2026-07-25T17:53:45,2026-07-25T23:19:00,batch_002
885188ce-e787-4c2f-997b-1e5daa9e5bb5,1078,872.0,CARTAO,492.05,BRL,Voluptatum labore atque fugit quis.,Silveira,Gonçalves,APROVADA,2026-07-20T11:24:07,2026-07-20T12:19:07,2026-07-25T23:19:00,batch_002
faaf664d-6621-4142-a930-bd8950a181b8,1012,,CARTAO,5634.41,BRL,Iste esse atque vitae delectus sed.,Lima da Cruz S/A,da Cunha,APROVADA,2026-07-22T21:05:22,2026-07-22T21:38:22,2026-07-25T23:19:00,batch_002
8bc1ec0d-b184-4758-87d7-3bd254852d4e,265,,BOLETO,15498.91,BRL,Consequatur unde aliquam perferendis quaerat deserunt.,,Novais de Rodrigues,APROVADA,2026-07-20T08:48:57,2026-07-20T09:25:57,2026-07-25T23:19:00,batch_002
95f5dc7e-7c94-46e6-b158-404832166815,858,,TED,10583.63,BRL,Doloribus quis voluptate.,,Cardoso do Amparo,APROVADA,2026-07-20T17:21:16,2026-07-20T17:48:16,2026-07-25T23:19:00,batch_002
67d9a656-158f-4917-b7a0-e1bb637f52e8,502,,CARTAO,19193.66,BRL,Asperiores iure quos iste.,Almeida,Lima das Flores,APROVADA,2026-07-20T18:40:54,2026-07-20T21:12:54,2026-07-25T23:19:00,batch_002
14b0db75-5cab-4769-bc44-349112a8bc15,347,,PIX,18665.03,BRL,Dolorum non adipisci molestiae illum.,,Jesus do Amparo,APROVADA,2026-07-19T16:45:06,2026-07-19T16:48:06,2026-07-25T23:19:00,batch_002
e6c9875a-6f2f-4f21-83e6-c741952b79ea,868,,PIX,17443.57,BRL,Temporibus delectus autem enim.,,Viana,APROVADA,2026-07-21T18:35:51,2026-07-21T19:42:51,2026-07-25T23:19:00,batch_002
dabefc89-7959-44e7-90bc-08a8e22140f2,13,,TED,18260.55,BRL,Repellendus sapiente expedita ut.,,Costa das Pedras,APROVADA,2026-07-22T01:14:53,2026-07-22T04:01:53,2026-07-25T23:19:00,batch_002
e157bfa4-aa30-4cf1-8e03-239fa05a3760,381,,BOLETO,16943.98,BRL,Nisi vel nesciunt minima.,,Barbosa,APROVADA,2026-07-19T13:52:11,2026-07-19T16:09:11,2026-07-25T23:19:00,batch_002
11325b69-b87f-42cd-babb-dbac016b9bc9,97,,BOLETO,988.07,BRL,Quasi repudiandae rem.,,Fernandes do Norte,APROVADA,2026-07-20T21:13:24,2026-07-20T22:25:24,2026-07-25T23:19:00,batch_002
2ea19e54-2188-4b14-8d5f-299c0dc94ffa,17,,TED,6950.69,BRL,Nulla a doloremque voluptatibus beatae esse.,,Rodrigues Grande,APROVADA,2026-07-20T03:56:44,2026-07-20T06:01:44,2026-07-25T23:19:00,batch_002
970ba660-fc0a-43e0-acc0-4c46d6530c4f,559,,SAQUE,4756.85,BRL,Neque earum quo suscipit.,,Andrade,PENDENTE,2026-07-20T07:44:31,2026-07-20T09:35:31,2026-07-25T23:19:00,batch_002
5cd0f26d-56af-41cb-b834-756bfc296241,459,,BOLETO,14552.12,BRL,Dolor et voluptate.,,Costela do Norte,APROVADA,2026-07-20T01:52:19,2026-07-20T04:43:19,2026-07-25T23:19:00,batch_002
bceade17-def7-4b04-a993-b38614929670,956,,TED,1229.53,BRL,Quidem totam consequatur iusto expedita officiis debitis.,,da Mata de Minas,APROVADA,2026-07-23T21:15:12,2026-07-23T22:21:12,2026-07-25T23:19:00,batch_002
98a7851b-446d-4717-bb3e-912d7f9032a5,41,650.0,CARTAO,19772.08,BRL,Ipsam quo nam aspernatur accusantium.,Brito Abreu e Filhos,Sá,NEGADA,2026-07-21T04:19:41,2026-07-21T05:44:41,2026-07-25T23:19:00,batch_002
701e00c5-66b5-48c6-b82a-07b477cfb11f,1045,,SAQUE,7545.15,BRL,Cumque omnis maiores.,,Barbosa,APROVADA,2026-07-23T11:09:30,2026-07-23T12:49:30,2026-07-25T23:19:00,batch_002
5f663530-2b54-4a7a-b493-6d855e269bc3,962,,BOLETO,17051.19,BRL,Ipsam nemo nemo.,,Martins da Prata,APROVADA,2026-07-25T09:35:09,2026-07-25T11:11:09,2026-07-25T23:19:00,batch_002
bde3e2aa-66e7-4960-b44e-cd663b67f7a1,698,,SAQUE,11125.46,BRL,Veritatis atque at natus non voluptatum.,,da Cruz de Cavalcante,APROVADA,2026-07-25T12:27:04,2026-07-25T14:58:04,2026-07-25T23:19:00,batch_002
86943d70-884b-4c70-b57f-675d95bb8712,685,,SAQUE,131.36,BRL,Dolorem enim consequatur sunt placeat laudantium.,,Aparecida Paulista,APROVADA,2026-07-24T09:09:05,2026-07-24T11:41:05,2026-07-25T23:19:00,batch_002
7cfc890b-13a0-432c-b805-55eac10e1d9b,135,,CARTAO,7101.88,BRL,Natus sequi architecto quod veritatis non.,Siqueira,Costa,APROVADA,2026-07-19T17:55:29,2026-07-19T20:14:29,2026-07-25T23:19:00,batch_002
d74bc652-4fe6-4187-81f2-68543223642d,663,,TED,17348.98,BRL,Consequatur assumenda beatae voluptates deleniti.,,Pacheco,APROVADA,2026-07-23T01:46:30,2026-07-23T04:13:30,2026-07-25T23:19:00,batch_002
ac6aea5c-27ac-442f-84b4-307ff06dc147,567,,TED,11760.93,BRL,Reprehenderit ea unde voluptas iusto.,,Santos de Teixeira,APROVADA,2026-07-22T14:59:27,2026-07-22T17:38:27,2026-07-25T23:19:00,batch_002
de42f425-3229-4ad4-bebf-e8e06b8d2b16,1177,,SAQUE,7146.69,BRL,Tempora consequatur voluptatum quo veritatis consequuntur.,,Pires,APROVADA,2026-07-19T14:15:59,2026-07-19T14:43:59,2026-07-25T23:19:00,batch_002
d1fd8707-807a-4de5-800a-838623c08073,704,,TED,2273.02,BRL,Est fugit vero tenetur.,,Peixoto,APROVADA,2026-07-20T07:53:51,2026-07-20T08:52:51,2026-07-25T23:19:00,batch_002
6cb47ea6-7686-497e-9a99-495db4c8fb75,268,,CARTAO,16226.43,BRL,Eligendi molestias suscipit eos debitis dolore.,Abreu,Siqueira de Pereira,APROVADA,2026-07-23T02:20:49,2026-07-23T04:39:49,2026-07-25T23:19:00,batch_002
c46a9704-a66c-40ba-a291-8a3e2ae82269,325,439.0,CARTAO,9632.2,BRL,Atque facere est necessitatibus et.,da Paz da Paz Ltda.,da Costa Verde,APROVADA,2026-07-24T23:15:43,2026-07-25T00:42:43,2026-07-25T23:19:00,batch_002
f5870596-65ae-425e-9c91-5a4bda2a5508,41,649.0,CARTAO,17265.2,BRL,Dolore doloremque ipsam.,da Rosa Ramos Ltda.,Monteiro do Norte,APROVADA,2026-07-22T15:20:59,2026-07-22T17:01:59,2026-07-25T23:19:00,batch_002
0aec788c-0f80-40f0-a357-8136c804a9df,480,,PIX,5624.29,BRL,Vel quisquam consectetur magnam minus.,,Freitas,APROVADA,2026-07-19T15:53:09,2026-07-19T16:33:09,2026-07-25T23:19:00,batch_002
2938a98e-6cf3-4863-b971-1388c7a9d512,946,,BOLETO,4745.81,BRL,Amet voluptate voluptatibus.,,Novaes,APROVADA,2026-07-20T06:59:29,2026-07-20T08:08:29,2026-07-25T23:19:00,batch_002
e18e40d4-97be-4e99-9a82-5a295a9fabc9,469,,CARTAO,14718.3,BRL,Aperiam soluta neque provident debitis accusantium.,Nunes Guerra - ME,Duarte,APROVADA,2026-07-20T10:43:16,2026-07-20T11:17:16,2026-07-25T23:19:00,batch_002
d79323fd-5201-4b5f-aab1-3aa0e1c85186,433,,TED,18221.16,BRL,Fugiat tenetur ipsum dolores hic beatae unde.,,Silva,APROVADA,2026-07-25T20:04:56,2026-07-25T21:44:56,2026-07-25T23:19:00,batch_002
70a55f94-2cb5-4ac3-bc9a-77b847e34b19,925,,BOLETO,2942.91,BRL,Omnis iusto voluptatum atque.,,Vasconcelos,APROVADA,2026-07-24T16:09:39,2026-07-24T16:50:39,2026-07-25T23:19:00,batch_002
f9d2d81b-bc1a-4b8a-835d-d0db5885d605,853,,CARTAO,11283.01,BRL,Corrupti unde animi culpa illum temporibus voluptatum.,Ramos,Cirino,APROVADA,2026-07-21T00:15:28,2026-07-21T02:56:28,2026-07-25T23:19:00,batch_002
df7bfa31-0da6-4ad4-90cf-cb1be5cb3ea4,449,,TED,9291.12,BRL,Corrupti quo totam accusamus veritatis totam.,,Leão,NEGADA,2026-07-25T08:44:02,2026-07-25T11:01:02,2026-07-25T23:19:00,batch_002
9a6c1e33-f800-4726-83e8-8b9461816fd6,730,,PIX,3800.06,BRL,Nemo itaque deserunt doloribus laudantium.,,Melo dos Dourados,APROVADA,2026-07-20T16:15:06,2026-07-20T16:44:06,2026-07-25T23:19:00,batch_002
f8cae7a1-61e7-4ce1-954c-6f765dc01c94,251,,PIX,18522.0,BRL,Reprehenderit exercitationem harum.,,Nunes,APROVADA,2026-07-24T22:31:30,2026-07-24T23:56:30,2026-07-25T23:19:00,batch_002
95880d11-af16-40a9-8347-c44cd55c2162,1036,,PIX,11913.56,BRL,Nemo quia necessitatibus vel quia delectus.,,Moraes do Oeste,APROVADA,2026-07-22T18:46:45,2026-07-22T20:07:45,2026-07-25T23:19:00,batch_002
9e4ac5cc-26b1-4510-91f5-5a5979ead5f4,633,,TED,15961.63,BRL,Dolorum tempora tempore.,,da Luz,APROVADA,2026-07-19T11:23:35,2026-07-19T12:58:35,2026-07-25T23:19:00,batch_002
101b7ff8-8ee8-4c79-a896-811cee146999,1201,,SAQUE,6509.57,BRL,Quia fuga autem sint et in.,,Costela,APROVADA,2026-07-22T11:56:39,2026-07-22T14:10:39,2026-07-25T23:19:00,batch_002
37a954ec-e148-45ef-bf45-629d65a3af38,906,,TED,8445.94,BRL,Iure ratione distinctio sequi quod.,,Cavalcanti,APROVADA,2026-07-23T20:32:20,2026-07-23T22:40:20,2026-07-25T23:19:00,batch_002
753b59af-c4a2-48fb-a1c3-394e6d5a8eb1,631,,PIX,19284.04,BRL,Quod beatae architecto maxime.,,Câmara,APROVADA,2026-07-20T05:49:56,2026-07-20T07:39:56,2026-07-25T23:19:00,batch_002
44a19917-5768-4302-9ef8-720426e29786,701,,PIX,2297.07,BRL,Sit ullam repellat quibusdam totam est.,,Viana das Flores,APROVADA,2026-07-22T14:26:02,2026-07-22T15:51:02,2026-07-25T23:19:00,batch_002
41df35c1-dd36-401a-ab8f-6a979bc031d4,467,,SAQUE,316.75,BRL,Sed tenetur corporis molestias.,,Castro,APROVADA,2026-07-20T23:42:52,2026-07-21T01:30:52,2026-07-25T23:19:00,batch_002
e1a840a0-c5aa-43ba-9b25-62c026d73daf,913,,BOLETO,17596.43,BRL,Dicta odit rem.,,Sá dos Dourados,APROVADA,2026-07-24T03:03:57,2026-07-24T05:02:57,2026-07-25T23:19:00,batch_002
a1404069-8129-48fe-b194-93ba3e1d0acd,800,,TED,2201.82,BRL,Reiciendis magni quidem quis architecto minus.,,Moraes,APROVADA,2026-07-19T10:08:23,2026-07-19T11:45:23,2026-07-25T23:19:00,batch_002
696b5e32-4282-4062-9d8b-1d8ee0463bc7,36,149.0,CARTAO,4879.05,BRL,Qui adipisci sint.,Porto,das Neves,APROVADA,2026-07-24T14:05:47,2026-07-24T14:07:47,2026-07-25T23:19:00,batch_002
d0866846-1bdd-45ff-be28-631483068f5f,553,,SAQUE,19921.16,BRL,Exercitationem facilis praesentium soluta ad.,,Sá de Montenegro,APROVADA,2026-07-24T08:27:09,2026-07-24T08:34:09,2026-07-25T23:19:00,batch_002
7dd296ac-b258-4a5d-93ac-598e7848773a,43,,SAQUE,13825.58,BRL,Ex tempora quae ab sunt.,,Rezende do Campo,APROVADA,2026-07-21T16:28:40,2026-07-21T16:42:40,2026-07-25T23:19:00,batch_002
f5cb890d-a0e0-4478-9f3d-78272dec29d3,984,,TED,6430.9,BRL,Alias eligendi reprehenderit.,,Rocha,APROVADA,2026-07-21T02:45:56,2026-07-21T04:03:56,2026-07-25T23:19:00,batch_002
c0f6e821-fc06-4552-a38a-5fff216485b3,1017,,SAQUE,11706.96,BRL,Nobis aliquid rerum sed deleniti.,,Almeida do Sul,APROVADA,2026-07-19T20:39:44,2026-07-19T22:45:44,2026-07-25T23:19:00,batch_002
efd9f845-cba4-430d-acb4-9a48acbd8e7a,853,,SAQUE,4637.43,BRL,Architecto quos sequi autem.,,Lima do Galho,NEGADA,2026-07-24T17:38:06,2026-07-24T17:52:06,2026-07-25T23:19:00,batch_002
808217e7-aa9e-40ef-a75d-c84a10a3f305,305,,TED,6719.18,BRL,Delectus quae quis sit dicta quasi.,,Fogaça,APROVADA,2026-07-19T04:09:21,2026-07-19T04:58:21,2026-07-25T23:19:00,batch_002
20194acc-e51d-4288-ac6c-8f6a62035af3,1128,,SAQUE,1359.75,BRL,Distinctio earum officiis.,,Peixoto,APROVADA,2026-07-20T08:18:04,2026-07-20T09:51:04,2026-07-25T23:19:00,batch_002
39ee3915-ecec-412e-9c89-4215b96696b7,1173,,PIX,4276.81,BRL,Facilis ipsa quas temporibus quas provident.,,Fonseca,APROVADA,2026-07-22T00:42:33,2026-07-22T02:16:33,2026-07-25T23:19:00,batch_002
9b08e367-5561-4838-a6ae-31a8bca733b9,250,182.0,CARTAO,6251.99,BRL,Ipsam quisquam ipsam officiis itaque repudiandae.,Albuquerque Rios S.A.,Guerra de Minas,APROVADA,2026-07-20T16:15:27,2026-07-20T17:33:27,2026-07-25T23:19:00,batch_002
c6cc24ad-f80a-4ab0-b13c-a10605f27dbe,306,,BOLETO,18948.17,BRL,Alias aliquid facilis saepe dolores.,,Moraes das Pedras,APROVADA,2026-07-19T05:48:58,2026-07-19T06:07:58,2026-07-25T23:19:00,batch_002
a3e71d8f-0862-4f65-b009-6dc0b6763264,1070,,BOLETO,12933.05,BRL,Praesentium dignissimos numquam.,,da Paz Paulista,APROVADA,2026-07-23T04:59:38,2026-07-23T06:06:38,2026-07-25T23:19:00,batch_002
271b6a34-c519-48f6-8bf2-f68215175538,185,,TED,5426.69,BRL,Saepe excepturi sunt dignissimos consectetur.,,Vargas do Oeste,APROVADA,2026-07-24T02:11:57,2026-07-24T02:18:57,2026-07-25T23:19:00,batch_002
7000bfd6-5731-45ed-8316-8ec0c26960ad,480,,TED,3324.09,BRL,Deleniti maiores similique occaecati tempore.,,Sampaio,APROVADA,2026-07-24T20:43:09,2026-07-24T23:28:09,2026-07-25T23:19:00,batch_002
5ef99cf7-67df-4015-bef8-8e6fc7021f8f,729,,BOLETO,19005.55,BRL,Dolor sapiente illo aut.,,Aragão,PENDENTE,2026-07-24T23:10:17,2026-07-25T00:28:17,2026-07-25T23:19:00,batch_002
73ec6e3c-0632-42d5-851c-44bbfd2fd759,303,,TED,593.04,BRL,Quia repellendus hic fuga.,,Borges,APROVADA,2026-07-25T15:11:19,2026-07-25T16:34:19,2026-07-25T23:19:00,batch_002
1aedcff3-c60f-487e-ad54-d3c1ef041bfb,55,,PIX,15474.25,BRL,Similique ad ex.,,Farias Verde,APROVADA,2026-07-21T05:53:10,2026-07-21T07:08:10,2026-07-25T23:19:00,batch_002
adfb3b55-7428-4972-86b2-1ec3ea6d4b53,599,,BOLETO,17634.0,BRL,Eos voluptas repellendus.,,Moura Alegre,APROVADA,2026-07-23T22:19:50,2026-07-23T23:45:50,2026-07-25T23:19:00,batch_002
f87a45c8-61cb-44b6-88d1-8af4831b31c8,810,,PIX,12376.49,BRL,Ipsa assumenda quo.,,Abreu da Mata,APROVADA,2026-07-20T16:01:14,2026-07-20T17:46:14,2026-07-25T23:19:00,batch_002
dd89a9d9-cbd5-4b0b-86ac-798fbd40e9bf,92,,PIX,9058.04,BRL,Blanditiis aut veritatis.,,Câmara,APROVADA,2026-07-19T14:58:38,2026-07-19T16:40:38,2026-07-25T23:19:00,batch_002
efa9dd2b-a3db-4fcf-a216-fd848cd4e2f9,652,,BOLETO,15187.65,BRL,Ipsa minus nobis nemo dicta.,,Nascimento Alegre,APROVADA,2026-07-23T03:57:37,2026-07-23T06:56:37,2026-07-25T23:19:00,batch_002
5584c8a7-ffd6-481c-9106-5b3d73c5f22c,931,,BOLETO,116.2,BRL,Vel a consectetur aliquam perferendis aspernatur.,,Rodrigues Alegre,APROVADA,2026-07-19T11:00:00,2026-07-19T12:52:00,2026-07-25T23:19:00,batch_002
b78247ae-f76d-4085-bc44-8e5bd6df52cd,133,,CARTAO,4314.38,BRL,Illo nesciunt voluptate suscipit saepe.,Porto - EI,Marques,APROVADA,2026-07-25T18:30:26,2026-07-25T21:03:26,2026-07-25T23:19:00,batch_002
f486e6a3-f212-4931-a74d-2fd41a909170,494,,TED,13214.94,BRL,Rerum repudiandae hic.,,Gomes do Oeste,APROVADA,2026-07-19T17:02:52,2026-07-19T19:31:52,2026-07-25T23:19:00,batch_002
e9af427b-b0bb-4a78-8b2b-45a92ee46e6f,466,,SAQUE,12187.69,BRL,Veniam amet tempora recusandae non rerum.,,Azevedo,APROVADA,2026-07-24T22:41:31,2026-07-25T00:30:31,2026-07-25T23:19:00,batch_002
8e2c0f33-caf3-4df4-a99e-0b68db43f67f,1051,,CARTAO,8761.39,BRL,Rerum animi sed.,Cassiano,Silveira,APROVADA,2026-07-19T18:49:22,2026-07-19T18:50:22,2026-07-25T23:19:00,batch_002
736fe631-bafc-4e20-bbec-4f89cad3a76d,1162,,PIX,8272.97,BRL,Eveniet cupiditate mollitia.,,Carvalho,APROVADA,2026-07-25T13:53:35,2026-07-25T16:05:35,2026-07-25T23:19:00,batch_002
19e45366-2c84-4b09-8a62-930d179da647,700,,PIX,19178.69,BRL,Nihil labore et soluta nisi.,,Nogueira,APROVADA,2026-07-23T08:44:40,2026-07-23T09:42:40,2026-07-25T23:19:00,batch_002
4830305b-1614-493b-851f-bc0b8435e365,667,,CARTAO,12985.61,BRL,Minima repellat beatae.,Fernandes,da Costa,APROVADA,2026-07-19T20:38:48,2026-07-19T21:27:48,2026-07-25T23:19:00,batch_002
5aabe2c4-9489-4e76-a99d-86b497505de7,205,870.0,CARTAO,1321.96,BRL,Suscipit quibusdam assumenda distinctio.,Melo - ME,Pimenta,APROVADA,2026-07-19T23:18:36,2026-07-19T23:47:36,2026-07-25T23:19:00,batch_002
8bdedc84-0d2d-43ca-966f-8eddbdd2b918,890,,TED,15146.87,BRL,Laborum minus sint ad voluptates.,,das Neves da Praia,APROVADA,2026-07-22T09:58:39,2026-07-22T10:33:39,2026-07-25T23:19:00,batch_002
7c07c345-e8d5-4cd0-8815-f06484a09026,468,,PIX,14037.29,BRL,Quis doloremque quod autem rem.,,Souza de Moreira,APROVADA,2026-07-23T14:38:40,2026-07-23T15:34:40,2026-07-25T23:19:00,batch_002
383a821a-737a-4c6d-ac1a-92cdc2ca9817,1208,,SAQUE,17567.24,BRL,Vel mollitia quasi.,,Montenegro,APROVADA,2026-07-22T05:05:01,2026-07-22T07:03:01,2026-07-25T23:19:00,batch_002
119a0961-c525-487d-9608-e37415f70649,1035,,TED,8099.1,BRL,Culpa culpa quis assumenda commodi sit.,,Pinto,APROVADA,2026-07-21T15:24:07,2026-07-21T15:55:07,2026-07-25T23:19:00,batch_002
4a2d9f65-0798-44a6-81c4-48a53fd7d82c,675,,BOLETO,8373.21,BRL,Pariatur maxime voluptatem voluptatem.,,Siqueira,APROVADA,2026-07-21T06:13:15,2026-07-21T06:27:15,2026-07-25T23:19:00,batch_002
5e5c354c-57f8-4e4d-9863-9de7612766dd,696,,CARTAO,16955.43,BRL,Dicta ipsum esse expedita.,Viana,Leão de Oliveira,APROVADA,2026-07-21T14:04:39,2026-07-21T14:38:39,2026-07-25T23:19:00,batch_002
a6e0281b-08a8-483f-9997-4383f7b9ae0e,498,,BOLETO,12641.15,BRL,Nulla facilis enim.,,da Rocha,APROVADA,2026-07-23T16:35:10,2026-07-23T17:56:10,2026-07-25T23:19:00,batch_002
56db1f53-9403-4119-bc47-ad569a393d8a,445,,CARTAO,5366.17,BRL,Architecto ex culpa.,da Rosa,Fernandes da Mata,APROVADA,2026-07-22T18:25:11,2026-07-22T21:16:11,2026-07-25T23:19:00,batch_002
d3c5fafa-28e0-4a69-9e9f-d787018e41dd,694,,BOLETO,12615.55,BRL,Nisi eaque aperiam.,,Freitas da Prata,APROVADA,2026-07-19T07:34:15,2026-07-19T08:15:15,2026-07-25T23:19:00,batch_002
d5b59527-b36f-4e14-8020-8d0a1348f414,940,,TED,12949.15,BRL,Commodi impedit culpa iure repellendus totam.,,Andrade,APROVADA,2026-07-19T03:13:20,2026-07-19T04:25:20,2026-07-25T23:19:00,batch_002
5e49cf7c-b32d-4d62-9ddd-2a6d327d8324,1150,,BOLETO,7505.62,BRL,Expedita provident perferendis sunt molestias.,,Lima,APROVADA,2026-07-22T05:38:11,2026-07-22T06:59:11,2026-07-25T23:19:00,batch_002
1ebe68c2-b747-4ce1-b204-7f5b05b1dba3,915,,PIX,1784.54,BRL,Quae natus pariatur.,,Fonseca de Silva,APROVADA,2026-07-21T09:58:00,2026-07-21T12:04:00,2026-07-25T23:19:00,batch_002
725c84fe-9bc5-4dc9-9177-215452d2da8e,1013,,PIX,14578.38,BRL,Harum consequuntur similique aperiam ut.,,Sampaio,APROVADA,2026-07-25T00:34:25,2026-07-25T00:43:25,2026-07-25T23:19:00,batch_002
f0b7a40e-8831-4613-bf99-75dfda116680,874,,PIX,9177.01,BRL,Similique fuga excepturi pariatur non.,,Barros de Sales,APROVADA,2026-07-24T10:02:13,2026-07-24T11:08:13,2026-07-25T23:19:00,batch_002
d01f241f-1ee0-4c93-8af7-bbbb16f8cef1,392,,PIX,16958.26,BRL,Provident libero cupiditate.,,Correia,APROVADA,2026-07-20T14:34:38,2026-07-20T14:42:38,2026-07-25T23:19:00,batch_002
7d6c80fe-4e1d-45fc-8f6b-a0c1366300a4,335,,SAQUE,8727.0,BRL,Labore quos nostrum voluptatem veritatis.,,Dias de Rezende,APROVADA,2026-07-19T13:57:39,2026-07-19T15:07:39,2026-07-25T23:19:00,batch_002
543523e9-57be-467d-9cb4-6c41f82c4fc5,528,,TED,9430.2,BRL,Ipsa inventore dolorem eveniet.,,Caldeira do Galho,APROVADA,2026-07-20T12:12:11,2026-07-20T13:57:11,2026-07-25T23:19:00,batch_002
02f94871-137b-4ecd-9573-e03a500228e1,831,,SAQUE,17519.06,BRL,Ad blanditiis illum illo in.,,da Paz,APROVADA,2026-07-21T11:04:50,2026-07-21T12:37:50,2026-07-25T23:19:00,batch_002
5058e111-c930-4ec4-aeec-ccbd9cd6a4d9,1198,,TED,16898.39,BRL,Ex minus voluptatem.,,Fogaça,APROVADA,2026-07-25T14:08:22,2026-07-25T15:35:22,2026-07-25T23:19:00,batch_002
ee384aa0-68ab-40f9-868e-718acfdbd7d5,862,,BOLETO,1751.99,BRL,Hic quaerat sed incidunt vero suscipit.,,Siqueira de Moraes,APROVADA,2026-07-19T12:30:33,2026-07-19T13:59:33,2026-07-25T23:19:00,batch_002
40790955-3ba5-4f74-a07d-0a6a08a56c4c,165,,TED,11405.08,BRL,Odio aliquid blanditiis.,,Carvalho do Norte,APROVADA,2026-07-20T07:58:43,2026-07-20T08:29:43,2026-07-25T23:19:00,batch_002
ae62a3e2-358d-4195-92e1-6913a37410ea,365,,BOLETO,6471.06,BRL,Pariatur quas beatae laudantium laboriosam.,,Monteiro,APROVADA,2026-07-25T19:32:13,2026-07-25T20:48:13,2026-07-25T23:19:00,batch_002
24dd9e87-6187-4ff4-8176-16602c3f02b2,307,,TED,12030.27,BRL,Quis sed magni dignissimos aliquid voluptas.,,Ramos Grande,APROVADA,2026-07-21T19:18:27,2026-07-21T21:02:27,2026-07-25T23:19:00,batch_002
59fa9d50-e6a2-43bf-934b-2c05291f2242,36,149.0,CARTAO,3855.61,BRL,Exercitationem molestiae odio quae.,Fernandes,Melo,APROVADA,2026-07-25T17:11:07,2026-07-25T18:47:07,2026-07-25T23:19:00,batch_002
c848b5a9-704a-46f6-a1ce-81adc88c47f0,288,,BOLETO,1450.1,BRL,Quo fugit quisquam.,,Freitas,APROVADA,2026-07-22T01:45:55,2026-07-22T02:58:55,2026-07-25T23:19:00,batch_002
e398acbf-29f6-4741-931e-366b8a699b8c,565,,TED,7226.89,BRL,Tempore mollitia exercitationem incidunt dicta.,,Caldeira,APROVADA,2026-07-19T07:59:48,2026-07-19T10:37:48,2026-07-25T23:19:00,batch_002
7ad7ba81-c3b2-432d-bfcd-fc95cd2fed15,418,,CARTAO,7988.63,BRL,Suscipit aut ex dolore.,Macedo Peixoto - ME,Cavalcante,APROVADA,2026-07-21T23:37:29,2026-07-22T00:14:29,2026-07-25T23:19:00,batch_002
b1a6c826-c913-4ca8-b225-9c1114b9e6d3,181,,SAQUE,8420.8,BRL,Commodi iste omnis.,,Leão de Fogaça,APROVADA,2026-07-19T19:38:58,2026-07-19T20:43:58,2026-07-25T23:19:00,batch_002
11c822a5-d614-427a-87d4-db2920cc65ad,667,,SAQUE,19325.77,BRL,Consequatur corrupti molestias voluptate.,,da Luz,APROVADA,2026-07-20T05:52:15,2026-07-20T07:53:15,2026-07-25T23:19:00,batch_002
29f243df-96fb-4531-b865-6ca6092a7ca1,211,,BOLETO,5923.49,BRL,Nobis ipsa asperiores.,,Sampaio,APROVADA,2026-07-23T09:49:53,2026-07-23T12:25:53,2026-07-25T23:19:00,batch_002
0674c067-e309-41e3-96e8-a86410341e00,466,,TED,12089.46,BRL,Amet dolor delectus quo repellendus sed.,,Ramos do Amparo,APROVADA,2026-07-25T08:49:04,2026-07-25T11:10:04,2026-07-25T23:19:00,batch_002
1e3b00f3-5a0f-462b-949b-bef5eb8f7326,960,171.0,CARTAO,14581.79,BRL,Molestiae enim dolores optio optio magni.,das Neves e Filhos,Rodrigues,APROVADA,2026-07-22T12:30:18,2026-07-22T14:33:18,2026-07-25T23:19:00,batch_002
facde3e1-5cb1-4c3d-8538-b968fdd96a78,89,,CARTAO,2150.84,BRL,Ipsum sint dignissimos.,Barros S/A,Camargo,NEGADA,2026-07-21T05:13:02,2026-07-21T06:08:02,2026-07-25T23:19:00,batch_002
f429498f-51ce-494c-bd47-a5052ddf570a,142,,CARTAO,16562.95,BRL,Doloremque ducimus iusto.,Jesus,Silva,APROVADA,2026-07-24T21:11:49,2026-07-24T23:23:49,2026-07-25T23:19:00,batch_002
d99125c9-20b9-46af-a214-9e6f4646e7e2,544,,SAQUE,12843.22,BRL,Quam blanditiis accusamus.,,Araújo,APROVADA,2026-07-19T17:34:10,2026-07-19T18:44:10,2026-07-25T23:19:00,batch_002
51771365-bc1e-4356-a08d-c635ef70f55b,559,,PIX,10529.16,BRL,Facere animi consequatur facilis laboriosam.,,Pires,APROVADA,2026-07-22T21:26:16,2026-07-22T22:00:16,2026-07-25T23:19:00,batch_002
97d909f1-3489-4909-b523-228d70c3ebb3,1110,,TED,19707.04,BRL,Necessitatibus repellendus repudiandae consequatur reiciendis fuga.,,Caldeira de Gomes,APROVADA,2026-07-23T10:49:05,2026-07-23T11:54:05,2026-07-25T23:19:00,batch_002
a31d2781-58f5-4be9-8d64-2ae3f9ee1226,556,,SAQUE,11870.62,BRL,Tenetur nulla tempore.,,Lopes Alegre,APROVADA,2026-07-23T02:29:59,2026-07-23T03:31:59,2026-07-25T23:19:00,batch_002
ca2754c5-4431-4524-b941-db4308c4c72a,145,,PIX,10422.88,BRL,Corporis aliquid consequuntur dignissimos.,,Peixoto,APROVADA,2026-07-21T18:56:49,2026-07-21T19:07:49,2026-07-25T23:19:00,batch_002
6a9bc59b-e411-40d2-87b1-772c175b4791,865,,BOLETO,4371.24,BRL,Autem facilis ratione animi harum.,,da Rocha,PENDENTE,2026-07-20T01:34:52,2026-07-20T02:37:52,2026-07-25T23:19:00,batch_002
f6aaeb28-9a9e-4f27-992d-4f2909961e90,376,,SAQUE,1445.12,BRL,Sed minus aspernatur.,,Sousa das Flores,NEGADA,2026-07-23T00:52:17,2026-07-23T01:28:17,2026-07-25T23:19:00,batch_002
456a3406-2567-4798-8e72-f8c33280f6d0,1087,,SAQUE,11959.42,BRL,Quisquam eaque illum.,,Barros,APROVADA,2026-07-25T06:18:17,2026-07-25T07:54:17,2026-07-25T23:19:00,batch_002
ec08c46e-82cd-4fec-9b3b-ca6e722bb8df,129,,TED,15488.17,BRL,Voluptatum et dolorem ullam ipsum.,,Brito Paulista,APROVADA,2026-07-22T07:47:58,2026-07-22T09:56:58,2026-07-25T23:19:00,batch_002
f217ae11-7fbc-4445-b629-331177b12812,1062,,BOLETO,14645.91,BRL,Sed sed voluptatibus ratione excepturi.,,Pinto,APROVADA,2026-07-24T10:58:22,2026-07-24T13:11:22,2026-07-25T23:19:00,batch_002
5ee48f74-beae-4191-acee-b0dc8646890c,130,,CARTAO,5919.34,BRL,Reiciendis consequuntur delectus.,Câmara - ME,Silveira de Lopes,APROVADA,2026-07-24T12:55:53,2026-07-24T13:31:53,2026-07-25T23:19:00,batch_002
ff546bb4-367f-4dda-a3e4-79bf9f83face,1012,,SAQUE,1615.69,BRL,Dignissimos occaecati animi vero quae.,,Carvalho de Andrade,APROVADA,2026-07-20T10:18:59,2026-07-20T13:13:59,2026-07-25T23:19:00,batch_002
5c2f5b08-6165-4911-a558-78148dfab9fd,893,269.0,CARTAO,10560.6,BRL,Saepe a iure.,Silva Ltda.,Abreu de Campos,APROVADA,2026-07-21T21:20:24,2026-07-21T22:57:24,2026-07-25T23:19:00,batch_002
0a277bc0-cea7-4885-b8e8-a1474a53a2ba,621,,PIX,10980.02,BRL,Sit vitae nam iste.,,Dias,APROVADA,2026-07-24T20:59:10,2026-07-24T21:17:10,2026-07-25T23:19:00,batch_002
4903d613-e83b-4631-a1eb-61fb7bf86852,858,,CARTAO,4619.94,BRL,Est quibusdam facere ipsa.,Marques S.A.,Martins de Minas,APROVADA,2026-07-24T21:07:45,2026-07-24T21:48:45,2026-07-25T23:19:00,batch_002
88df1b50-aaa8-45f4-b02a-55ba4ef29d14,137,534.0,CARTAO,8878.44,BRL,Aspernatur blanditiis quia qui.,Peixoto,Garcia,APROVADA,2026-07-21T22:43:27,2026-07-21T23:09:27,2026-07-25T23:19:00,batch_002
3bc345aa-23d6-48d2-9093-da2e469e5b63,439,,BOLETO,22.67,BRL,Facilis eum accusamus laudantium ex.,,Gomes,APROVADA,2026-07-24T05:01:14,2026-07-24T08:01:14,2026-07-25T23:19:00,batch_002
3c201f94-8522-43b1-97c3-a92ac112bbc1,780,,PIX,3981.51,BRL,Culpa unde beatae blanditiis ullam reprehenderit.,,Camargo,APROVADA,2026-07-23T09:40:41,2026-07-23T11:54:41,2026-07-25T23:19:00,batch_002
51438ed3-747a-4e8a-807f-82b0a3add109,291,608.0,CARTAO,13279.28,BRL,Voluptatibus ad modi nam a.,Macedo,Araújo,APROVADA,2026-07-22T00:28:58,2026-07-22T01:50:58,2026-07-25T23:19:00,batch_002
3e87a63e-72fb-4846-9305-cfc311b1a553,826,,PIX,3593.45,BRL,Veritatis excepturi totam deleniti doloremque.,,Garcia da Praia,APROVADA,2026-07-23T15:00:50,2026-07-23T17:12:50,2026-07-25T23:19:00,batch_002
e25fc3c1-9348-4546-9b42-a12c2bed2321,456,,SAQUE,15576.05,BRL,Repellat quidem perferendis.,,Viana,APROVADA,2026-07-23T20:28:11,2026-07-23T21:18:11,2026-07-25T23:19:00,batch_002
13a024b4-a186-48da-86c6-e932c1c8abf8,261,782.0,CARTAO,15730.28,BRL,Odit explicabo illo culpa voluptate.,Almeida e Filhos,Rocha das Pedras,APROVADA,2026-07-20T10:16:46,2026-07-20T12:10:46,2026-07-25T23:19:00,batch_002
088619e7-500d-42d4-8ce9-4d8fa708a30e,75,,PIX,17629.33,BRL,Aliquid assumenda eligendi est.,,Cirino de Pimenta,APROVADA,2026-07-25T02:28:37,2026-07-25T04:10:37,2026-07-25T23:19:00,batch_002
df488237-0dfa-4c28-a341-13370f360b5e,74,,PIX,10038.94,BRL,Vitae temporibus deserunt molestias.,,da Rosa de Rodrigues,APROVADA,2026-07-22T05:41:26,2026-07-22T07:38:26,2026-07-25T23:19:00,batch_002
e13e8a02-4fa5-4432-ba11-f9f37c0ca692,189,,BOLETO,18382.78,BRL,Doloremque quibusdam est odio.,,Albuquerque,APROVADA,2026-07-20T02:17:40,2026-07-20T02:40:40,2026-07-25T23:19:00,batch_002
2a7d3924-3255-4ed0-a5ae-7cd12610db0d,199,,SAQUE,6114.55,BRL,Occaecati tempora accusantium.,,Viana,APROVADA,2026-07-20T10:07:50,2026-07-20T12:16:50,2026-07-25T23:19:00,batch_002
1fbecab6-3bf0-4900-8dd7-0af1895c2d1f,937,,TED,6079.55,BRL,Vitae dolor veritatis blanditiis.,,da Mata de Pereira,APROVADA,2026-07-23T06:11:08,2026-07-23T07:11:08,2026-07-25T23:19:00,batch_002
6db7b69d-fef1-48f5-9f90-bd2e972b787b,65,,BOLETO,973.77,BRL,Eligendi totam adipisci delectus vitae quasi.,,Silva,APROVADA,2026-07-25T03:10:44,2026-07-25T04:31:44,2026-07-25T23:19:00,batch_002
6b1d64d1-18df-4a16-a079-030a6833a3cf,584,385.0,CARTAO,18467.05,BRL,Officia est possimus eaque dolor.,Cirino,Barbosa,APROVADA,2026-07-25T08:29:59,2026-07-25T08:39:59,2026-07-25T23:19:00,batch_002
3bbea6c4-921a-4dd3-920c-a1172aca6ced,971,,SAQUE,19898.82,BRL,Tempora alias recusandae sequi explicabo explicabo.,,Sá de Jesus,APROVADA,2026-07-23T04:48:59,2026-07-23T07:36:59,2026-07-25T23:19:00,batch_002
cd49d74f-0965-4053-8675-53207f89a283,810,,TED,6618.48,BRL,Maiores aspernatur aut explicabo molestiae.,,Camargo de Barros,APROVADA,2026-07-19T22:08:21,2026-07-20T00:26:21,2026-07-25T23:19:00,batch_002
f70ef4eb-30fb-4ec2-9a35-8258ce9aab0c,72,,BOLETO,9020.43,BRL,Odit possimus ipsa.,,Pimenta,APROVADA,2026-07-19T15:28:27,2026-07-19T17:29:27,2026-07-25T23:19:00,batch_002
dcc98f60-081c-4930-859b-e52c9bb4d107,111,,BOLETO,1642.5,BRL,Officia veritatis saepe libero repellendus.,,Moraes do Norte,APROVADA,2026-07-24T23:03:53,2026-07-25T01:01:53,2026-07-25T23:19:00,batch_002
f5c6c484-ff02-4ebf-92a9-c7bc53a50643,1159,,BOLETO,18372.94,BRL,Tenetur soluta cumque natus temporibus.,,Porto,APROVADA,2026-07-21T04:06:44,2026-07-21T04:22:44,2026-07-25T23:19:00,batch_002
ff0f493f-5ca0-455d-b33d-b51bab206964,239,,SAQUE,19470.53,BRL,Tempore cupiditate cum nihil molestiae neque aliquam.,,Abreu,APROVADA,2026-07-23T15:23:34,2026-07-23T16:47:34,2026-07-25T23:19:00,batch_002
d1cf3d4a-e9f1-41cc-88a6-d7b29ef2d113,366,,BOLETO,946.76,BRL,Minus reprehenderit soluta ipsum cumque vitae.,,Ribeiro de Camargo,NEGADA,2026-07-21T15:51:07,2026-07-21T18:05:07,2026-07-25T23:19:00,batch_002
dec6756e-be3b-4a2c-85ea-f6039f6c6d2a,720,,PIX,7014.29,BRL,Quaerat assumenda veniam.,,Barbosa de Goiás,APROVADA,2026-07-25T06:07:09,2026-07-25T07:44:09,2026-07-25T23:19:00,batch_002
d4bd708d-1905-4855-a4ac-07f84f48cd74,992,,SAQUE,11056.82,BRL,Nobis animi sed.,,Costa,APROVADA,2026-07-24T12:25:35,2026-07-24T12:35:35,2026-07-25T23:19:00,batch_002
3b48b7a5-3b38-42cb-8566-12ef8d2fa799,433,,TED,17074.57,BRL,Quas doloremque ipsam.,,Caldeira,APROVADA,2026-07-19T00:06:41,2026-07-19T00:14:41,2026-07-25T23:19:00,batch_002
90f85370-2b42-4fdd-9c2e-7cd6af70b48b,208,,PIX,16895.13,BRL,Illum voluptates at odit modi aliquam.,,Sales,APROVADA,2026-07-24T08:01:33,2026-07-24T09:17:33,2026-07-25T23:19:00,batch_002
191387b7-1d61-40af-8347-20c84613f098,434,,SAQUE,558.63,BRL,Iure cupiditate exercitationem optio officia voluptate.,,Dias,APROVADA,2026-07-19T23:33:29,2026-07-20T01:31:29,2026-07-25T23:19:00,batch_002
3d5e9ee9-25a5-48cc-a431-4b297844832d,466,,BOLETO,14161.77,BRL,Ab cum consectetur necessitatibus.,,Borges,APROVADA,2026-07-23T15:42:53,2026-07-23T17:38:53,2026-07-25T23:19:00,batch_002
13fe253a-ff08-4e25-b341-f3e4bc2688d0,499,,CARTAO,3886.93,BRL,Dolorem nam repellat modi.,Cassiano e Filhos,Viana do Campo,APROVADA,2026-07-24T21:58:56,2026-07-25T00:50:56,2026-07-25T23:19:00,batch_002
73d4cb80-31ca-436a-9c21-e385a503780c,526,,SAQUE,10772.05,BRL,Optio officiis nihil quidem quo.,,da Luz Alegre,PENDENTE,2026-07-20T07:43:08,2026-07-20T09:51:08,2026-07-25T23:19:00,batch_002
7f40e548-0511-4de4-a039-84ff75151502,1008,,CARTAO,13973.95,BRL,Quae aliquid accusantium.,da Rocha,Porto da Serra,APROVADA,2026-07-19T09:25:57,2026-07-19T11:15:57,2026-07-25T23:19:00,batch_002
12b30416-423b-40d5-a682-7c35acaffa26,963,,PIX,1984.88,BRL,Dignissimos fugiat nam rem exercitationem quibusdam.,,Santos Alegre,APROVADA,2026-07-21T02:25:58,2026-07-21T04:53:58,2026-07-25T23:19:00,batch_002
ed11f321-3a42-442a-b285-47988fb3be4a,1008,,BOLETO,3858.82,BRL,Similique veritatis minus numquam nihil.,,da Luz de Minas,APROVADA,2026-07-24T05:29:45,2026-07-24T07:03:45,2026-07-25T23:19:00,batch_002
0869b9ad-941b-4044-8a44-ba5226b61995,401,,CARTAO,8570.21,BRL,Tenetur architecto architecto saepe perspiciatis ea.,Correia e Filhos,Albuquerque da Praia,APROVADA,2026-07-21T15:33:58,2026-07-21T16:22:58,2026-07-25T23:19:00,batch_002
13011f97-8133-4978-8135-4aa4c555399b,567,,CARTAO,17811.18,BRL,Magni occaecati possimus modi.,Moraes,Costela dos Dourados,APROVADA,2026-07-23T08:44:30,2026-07-23T09:49:30,2026-07-25T23:19:00,batch_002
acdda630-ddbf-4f32-85de-73c629d65917,881,,BOLETO,15528.17,BRL,Ex vel sapiente.,,Araújo,APROVADA,2026-07-22T07:53:02,2026-07-22T10:01:02,2026-07-25T23:19:00,batch_002
eb15e025-ac96-41d5-8077-a31a87ca86d5,1173,298.0,CARTAO,15781.63,BRL,Voluptatum iure quos amet quae.,Cunha - EI,Oliveira,APROVADA,2026-07-21T22:22:14,2026-07-22T01:00:14,2026-07-25T23:19:00,batch_002
6a4e0272-f38a-4d57-b19a-dde094433a99,566,,SAQUE,6481.24,BRL,Consequatur tenetur ratione quos.,,Lima,APROVADA,2026-07-23T16:05:30,2026-07-23T17:30:30,2026-07-25T23:19:00,batch_002
29ff56bc-7b84-4dac-a659-5c7e1a48ec7b,24,,TED,5835.29,BRL,Ipsa sequi cupiditate veritatis recusandae beatae.,,Fonseca das Pedras,APROVADA,2026-07-24T06:59:48,2026-07-24T07:05:48,2026-07-25T23:19:00,batch_002
7e5c2802-f72f-477f-9cdb-ca0c89ac01ce,463,12.0,CARTAO,3614.11,BRL,Quam eos labore facere quod.,Souza,Fogaça,APROVADA,2026-07-19T16:38:39,2026-07-19T17:52:39,2026-07-25T23:19:00,batch_002
7d4f81bb-cec6-4bb9-916a-6e4e4056b69d,169,,SAQUE,11182.27,BRL,Quod sit enim reprehenderit.,,Câmara de Goiás,APROVADA,2026-07-20T20:23:41,2026-07-20T21:10:41,2026-07-25T23:19:00,batch_002
0aa44a2b-3727-44ab-bc8e-1a497f83d33c,452,,TED,12417.66,BRL,Nisi unde minus esse illo.,,Novais,APROVADA,2026-07-24T15:54:30,2026-07-24T17:47:30,2026-07-25T23:19:00,batch_002
f14bc6a2-1635-4ea2-9936-40872e505132,150,,TED,6390.05,BRL,Suscipit mollitia corrupti iure incidunt.,,Aragão de Mendonça,APROVADA,2026-07-22T13:16:25,2026-07-22T13:54:25,2026-07-25T23:19:00,batch_002
1ef77bd6-7793-44e0-80d3-141d85cb6ebe,212,,BOLETO,10311.28,BRL,Veniam autem velit voluptate laborum rerum.,,Nunes das Flores,APROVADA,2026-07-24T22:27:27,2026-07-25T00:18:27,2026-07-25T23:19:00,batch_002
6fc3a8dc-e7e0-4284-98bc-3395c60e3183,295,670.0,CARTAO,4127.35,BRL,Ratione cum beatae vel libero animi.,Fernandes,Ferreira de das Neves,APROVADA,2026-07-25T07:05:05,2026-07-25T07:25:05,2026-07-25T23:19:00,batch_002
8f63274c-4c06-448f-b5bf-2a8a80376ae5,626,,SAQUE,15614.14,BRL,Iure iste soluta officia cum.,,Souza do Amparo,APROVADA,2026-07-19T00:37:18,2026-07-19T03:10:18,2026-07-25T23:19:00,batch_002
0d386d25-38ba-454b-ae8d-0b0d8e76c59e,965,,SAQUE,13871.05,BRL,Ullam et nemo magnam odio fuga.,,Lima de Correia,APROVADA,2026-07-19T10:48:41,2026-07-19T13:08:41,2026-07-25T23:19:00,batch_002
118285ed-1063-4b22-8977-f8bbe8504745,1173,,PIX,2019.39,BRL,Maiores neque placeat.,,Macedo Alegre,APROVADA,2026-07-23T14:53:21,2026-07-23T15:20:21,2026-07-25T23:19:00,batch_002
d205083a-9913-4016-a327-402ad648c952,159,,CARTAO,15741.01,BRL,Architecto commodi nihil alias iste voluptates.,Freitas - ME,Albuquerque,APROVADA,2026-07-22T18:15:59,2026-07-22T20:40:59,2026-07-25T23:19:00,batch_002
d6a2c440-c6c6-434f-a910-b3ffd4eeac50,746,,TED,5297.58,BRL,Necessitatibus cupiditate alias enim velit.,,Nunes,APROVADA,2026-07-21T04:05:15,2026-07-21T05:17:15,2026-07-25T23:19:00,batch_002
f3ca5001-27ce-4f1d-a3db-e991875a7c3a,804,,SAQUE,9455.19,BRL,Aspernatur consequuntur nesciunt hic velit.,,Melo,APROVADA,2026-07-25T01:05:16,2026-07-25T02:10:16,2026-07-25T23:19:00,batch_002
bd4b2832-55e0-4cce-8f45-a8e92ec39340,1177,,CARTAO,4722.6,BRL,Ab ducimus rem ratione saepe.,Campos,Vieira de Fogaça,APROVADA,2026-07-22T01:34:12,2026-07-22T04:12:12,2026-07-25T23:19:00,batch_002
d69156aa-a498-4508-9926-2c73533461b7,510,,TED,11877.19,BRL,Sunt non totam nostrum.,,Sá,APROVADA,2026-07-25T16:23:59,2026-07-25T17:15:59,2026-07-25T23:19:00,batch_002
c5c3f3d1-9230-4933-9bf7-e90aa620781a,882,,CARTAO,8335.8,BRL,Quasi nisi maxime molestias ex ab placeat.,Caldeira Ferreira e Filhos,Jesus,APROVADA,2026-07-25T10:49:12,2026-07-25T10:57:12,2026-07-25T23:19:00,batch_002
507bba09-f681-451a-b0ec-275d22fb7272,667,,CARTAO,4380.6,BRL,Voluptatibus libero ratione sed sit.,Melo,Nunes do Galho,APROVADA,2026-07-20T03:44:29,2026-07-20T06:21:29,2026-07-25T23:19:00,batch_002
fe92e70a-f783-4673-8a46-88add2b7d2b8,628,753.0,CARTAO,19311.66,BRL,Sequi at voluptates et consequuntur.,Leão,Sampaio,APROVADA,2026-07-22T01:21:22,2026-07-22T02:02:22,2026-07-25T23:19:00,batch_002
608c3368-675d-4bf4-ba40-00d73569d165,124,,PIX,11874.2,BRL,Porro cupiditate repudiandae doloremque.,,Lopes do Sul,APROVADA,2026-07-23T19:01:32,2026-07-23T20:16:32,2026-07-25T23:19:00,batch_002
e1524571-b737-49a5-8ef5-09cb9f09396f,785,,BOLETO,18687.44,BRL,Minus deserunt error.,,da Luz,APROVADA,2026-07-23T12:36:50,2026-07-23T15:07:50,2026-07-25T23:19:00,batch_002
6dd823c9-03ae-4c27-ae27-88cd740e2bc9,73,,TED,1485.75,BRL,Consequuntur non doloremque.,,Aragão,APROVADA,2026-07-20T18:13:12,2026-07-20T19:50:12,2026-07-25T23:19:00,batch_002
7fa120a5-14be-4756-bf11-c6a136914f6a,838,,PIX,13319.41,BRL,Optio quisquam ipsam consectetur assumenda nemo.,,Moura do Oeste,APROVADA,2026-07-19T15:54:34,2026-07-19T17:51:34,2026-07-25T23:19:00,batch_002
4e518490-c526-494c-b3e5-daa5da61dff3,127,,CARTAO,8080.15,BRL,Iusto autem ipsa sint voluptatibus animi.,Costela,da Paz de Cavalcanti,APROVADA,2026-07-23T03:53:59,2026-07-23T06:53:59,2026-07-25T23:19:00,batch_002
8c319d10-3fef-45f3-beea-e698560d8779,1066,,BOLETO,6048.33,BRL,Corrupti nisi eos distinctio ex.,,Porto das Flores,APROVADA,2026-07-20T17:00:03,2026-07-20T17:58:03,2026-07-25T23:19:00,batch_002
4d82ff68-7f12-46cc-bc67-5a20e0be6d79,934,,TED,11365.1,BRL,Sequi labore similique.,,Oliveira,APROVADA,2026-07-25T08:19:34,2026-07-25T08:32:34,2026-07-25T23:19:00,batch_002
a36339ac-cc65-4030-9337-d42043049b20,629,,PIX,1985.09,BRL,Vero sapiente quas maiores excepturi.,,Souza,APROVADA,2026-07-22T06:53:52,2026-07-22T07:30:52,2026-07-25T23:19:00,batch_002
5d6cccce-5d54-47d7-80a2-cb4324c7b97a,476,,BOLETO,12224.85,BRL,Iste consequatur voluptatem ad.,,das Neves de Novaes,APROVADA,2026-07-22T18:00:44,2026-07-22T20:38:44,2026-07-25T23:19:00,batch_002
eedb20d0-603c-43cc-9bdb-c2955eb1b8e9,428,,TED,19155.74,BRL,Quis ipsum dolorem explicabo numquam laborum.,,Ramos Alegre,APROVADA,2026-07-23T18:15:55,2026-07-23T18:58:55,2026-07-25T23:19:00,batch_002
7b49f56b-aa4f-4649-ae95-433d57b018e6,408,,CARTAO,1325.24,BRL,Soluta asperiores esse tempora culpa aperiam.,Almeida Ltda.,Farias,NEGADA,2026-07-19T06:04:13,2026-07-19T06:39:13,2026-07-25T23:19:00,batch_002
9e087b49-98d1-4319-8539-b7c96ce18720,1215,912.0,CARTAO,7407.77,BRL,Exercitationem ea expedita est rem.,da Mata - ME,Garcia,APROVADA,2026-07-19T17:38:48,2026-07-19T17:45:48,2026-07-25T23:19:00,batch_002
7123cae1-ad3a-4823-8ac2-381ef77ca902,1217,,CARTAO,13818.97,BRL,Odit inventore dolores pariatur accusamus eligendi.,Cardoso Ltda.,Sousa,APROVADA,2026-07-24T23:19:41,2026-07-25T02:13:41,2026-07-25T23:19:00,batch_002
5723083e-5e59-418d-8993-cf7d1fbcc90a,1102,,BOLETO,4473.66,BRL,Labore aperiam iste cum sapiente eveniet.,,Ribeiro de Sousa,APROVADA,2026-07-19T11:51:56,2026-07-19T13:06:56,2026-07-25T23:19:00,batch_002
6cdbac24-9bc1-430d-bd2a-25acbf511d37,1207,,TED,6098.06,BRL,Sit adipisci asperiores eaque iusto.,,Ferreira,APROVADA,2026-07-22T07:26:12,2026-07-22T10:24:12,2026-07-25T23:19:00,batch_002
f2012c68-0ce6-45ae-ab8a-1b26f63fe956,88,,PIX,11727.18,BRL,Harum soluta iste ipsum.,,Sousa,APROVADA,2026-07-23T10:01:14,2026-07-23T11:32:14,2026-07-25T23:19:00,batch_002
f198d949-a36f-4f75-9ec3-7eb4bf7a141d,814,,BOLETO,16295.95,BRL,Occaecati nisi nostrum magnam.,,Castro do Amparo,APROVADA,2026-07-21T02:11:53,2026-07-21T02:35:53,2026-07-25T23:19:00,batch_002
807b9aa9-aaa7-4f8c-8790-5d642922b5c0,711,,TED,14922.29,BRL,Dicta eligendi ab quaerat sapiente.,,Campos da Prata,PENDENTE,2026-07-20T02:15:15,2026-07-20T04:51:15,2026-07-25T23:19:00,batch_002
96668747-e689-4d1e-b938-b8e161023680,1146,,CARTAO,9338.84,BRL,Delectus reiciendis distinctio.,Fonseca,Aragão,APROVADA,2026-07-25T12:11:30,2026-07-25T12:59:30,2026-07-25T23:19:00,batch_002
a9aa1fee-fd3e-4200-9158-aee6a861ce6c,611,,BOLETO,9188.88,BRL,Harum facere dolor error eum temporibus.,,Pimenta,APROVADA,2026-07-22T16:10:32,2026-07-22T16:42:32,2026-07-25T23:19:00,batch_002
ecb865d8-d9a5-45d5-a4f7-b1a800168dfc,1157,,BOLETO,16479.3,BRL,Fuga minima aspernatur optio voluptas voluptas.,,Novaes Alegre,APROVADA,2026-07-25T19:36:07,2026-07-25T21:40:07,2026-07-25T23:19:00,batch_002
24ecaec4-de3b-4744-a2d9-35bffbfbb08d,772,,CARTAO,3363.8,BRL,Consequuntur officia saepe fugit.,Pereira Cavalcanti S.A.,da Luz,APROVADA,2026-07-19T19:12:20,2026-07-19T20:10:20,2026-07-25T23:19:00,batch_002
679afba5-faba-42c7-a38c-af7ff1049ea6,965,,SAQUE,16310.75,BRL,Aperiam suscipit eligendi impedit.,,Pinto das Flores,APROVADA,2026-07-22T17:18:57,2026-07-22T17:42:57,2026-07-25T23:19:00,batch_002
8837193a-bd9c-426e-9693-9f8cb56dc0bb,574,,SAQUE,16505.26,BRL,Odio dolor eveniet harum hic nam.,,Fogaça de Goiás,APROVADA,2026-07-19T21:15:23,2026-07-19T23:44:23,2026-07-25T23:19:00,batch_002
03b9682a-e8cd-4f90-8080-b0368f10c057,1197,,CARTAO,4605.2,BRL,Tempore ducimus quibusdam voluptatibus quaerat voluptate.,Nogueira S.A.,Ferreira,APROVADA,2026-07-20T00:25:15,2026-07-20T02:10:15,2026-07-25T23:19:00,batch_002
753eb339-11ba-4a77-ba2b-dd0ba153699b,410,,SAQUE,4240.39,BRL,Porro voluptatibus soluta voluptatibus.,,Albuquerque da Praia,APROVADA,2026-07-23T22:16:51,2026-07-23T22:47:51,2026-07-25T23:19:00,batch_002
017df0dc-3ce5-4fff-a80d-bd464983e6df,21,,BOLETO,18684.26,BRL,Vel sint reprehenderit architecto dicta.,,da Cruz,APROVADA,2026-07-19T02:28:04,2026-07-19T03:08:04,2026-07-25T23:19:00,batch_002
e2f05515-ddf1-4e78-bf83-c9d685cf3830,1220,,SAQUE,15618.54,BRL,Hic quae aperiam dolore aut necessitatibus.,,Fernandes de Caldeira,APROVADA,2026-07-19T22:52:55,2026-07-19T23:15:55,2026-07-25T23:19:00,batch_002
08865d91-080d-49b4-b465-1748615100bc,367,,BOLETO,4789.13,BRL,Dolor dolore corrupti.,,Cassiano,APROVADA,2026-07-23T21:44:02,2026-07-23T21:48:02,2026-07-25T23:19:00,batch_002
80816485-9932-48a3-9a6f-5e6d417fc4e3,721,,PIX,19585.14,BRL,Consequuntur error nisi aliquam.,,Cavalcante,APROVADA,2026-07-22T04:47:12,2026-07-22T06:55:12,2026-07-25T23:19:00,batch_002
8144c12a-37f0-4b80-a5a3-e9cc51b84af6,835,,TED,5928.5,BRL,Asperiores qui vitae sed praesentium corrupti.,,Camargo,APROVADA,2026-07-23T01:55:37,2026-07-23T02:08:37,2026-07-25T23:19:00,batch_002
41f8b08a-f962-4cf2-81bc-4dd5e77f349f,556,,PIX,5846.89,BRL,Voluptatem qui deserunt.,,Barbosa,APROVADA,2026-07-24T17:39:59,2026-07-24T20:15:59,2026-07-25T23:19:00,batch_002
2aa43c4c-8ee8-4e93-94a1-1d08f0982a43,850,,PIX,8171.63,BRL,Expedita architecto cumque repellat.,,Souza de Goiás,APROVADA,2026-07-22T13:34:21,2026-07-22T13:42:21,2026-07-25T23:19:00,batch_002
80254ace-135b-4599-96dc-381e051e64e9,994,,CARTAO,8882.52,BRL,Exercitationem esse sapiente accusamus blanditiis repellendus.,Gonçalves,Costela,NEGADA,2026-07-22T17:27:15,2026-07-22T18:02:15,2026-07-25T23:19:00,batch_002
bddca8b6-b5f6-4328-ac02-178054eb18f7,10,,BOLETO,4158.27,BRL,Alias fugit consequatur.,,Cunha de Santos,APROVADA,2026-07-23T01:54:33,2026-07-23T02:49:33,2026-07-25T23:19:00,batch_002
50abb880-da9c-40b0-9376-4bee8d46dc81,538,,PIX,18695.42,BRL,Voluptate aspernatur nobis sit recusandae nisi.,,Marques,APROVADA,2026-07-24T02:55:55,2026-07-24T05:35:55,2026-07-25T23:19:00,batch_002
07eea826-fdb8-400d-92ba-98cdbc44a40b,397,,BOLETO,10727.45,BRL,Nemo pariatur possimus.,,Silva,APROVADA,2026-07-20T10:48:38,2026-07-20T12:01:38,2026-07-25T23:19:00,batch_002
82bb1972-bd94-4289-b2ea-6b180d9e5ad4,771,,TED,11814.36,BRL,Libero molestiae recusandae tenetur eius vitae.,,das Neves do Campo,APROVADA,2026-07-21T01:31:32,2026-07-21T03:07:32,2026-07-25T23:19:00,batch_002
42a5f963-d1a6-476b-b116-8a5efd5891e0,432,,TED,5725.51,BRL,Vitae voluptatibus inventore illum.,,Barros,APROVADA,2026-07-22T13:14:04,2026-07-22T15:13:04,2026-07-25T23:19:00,batch_002
0950dd72-d968-449e-a3e9-37ff1b263b9b,1167,,SAQUE,14962.31,BRL,Nam aspernatur fugit assumenda ipsum.,,Correia de Alves,APROVADA,2026-07-19T14:34:40,2026-07-19T15:46:40,2026-07-25T23:19:00,batch_002
765e6134-b0a1-48d2-aea1-edfc6785294f,486,,TED,2574.16,BRL,Dolor qui atque tenetur magni voluptate.,,Duarte,APROVADA,2026-07-25T03:12:28,2026-07-25T04:37:28,2026-07-25T23:19:00,batch_002
fe73d6ba-5125-406a-88c8-7b5dc132a6eb,109,,TED,3923.34,BRL,Porro error ipsam quidem.,,Guerra dos Dourados,APROVADA,2026-07-19T06:38:14,2026-07-19T09:37:14,2026-07-25T23:19:00,batch_002
c57559ad-c80b-45ce-b41b-88e8aa82535d,340,,TED,19333.35,BRL,Hic atque unde.,,Correia,APROVADA,2026-07-22T00:43:54,2026-07-22T00:44:54,2026-07-25T23:19:00,batch_002
bee3ecf8-e3d8-4236-a117-6decc2d878d2,864,,TED,4805.8,BRL,Quod sapiente saepe occaecati velit.,,Gomes do Galho,APROVADA,2026-07-22T05:43:17,2026-07-22T07:35:17,2026-07-25T23:19:00,batch_002
f38ea8d2-9e6e-4a37-a8a3-5a228270b5ba,506,570.0,CARTAO,15838.0,BRL,Molestias voluptatem dolores debitis.,Farias,Pastor,APROVADA,2026-07-19T01:19:21,2026-07-19T04:10:21,2026-07-25T23:19:00,batch_002
9f153472-2c0c-4a65-a32f-71211a3b0fda,422,,TED,15575.54,BRL,Architecto dolorem beatae deleniti.,,Moura de Minas,NEGADA,2026-07-21T11:27:48,2026-07-21T12:25:48,2026-07-25T23:19:00,batch_002
7c48939e-ebb1-4bdd-b937-29c0c79e3287,442,,BOLETO,2022.34,BRL,Deserunt molestiae tempore laborum consectetur ad.,,Pimenta,APROVADA,2026-07-23T17:58:47,2026-07-23T18:53:47,2026-07-25T23:19:00,batch_002
d44146b5-1596-4855-b256-2bddde8c5ff9,639,,SAQUE,6766.61,BRL,Eveniet hic culpa blanditiis.,,Alves,APROVADA,2026-07-23T10:47:48,2026-07-23T12:13:48,2026-07-25T23:19:00,batch_002
dc3ceba1-ec3e-4fbc-be16-3bfc0c1cbdbc,393,,PIX,5051.55,BRL,Nesciunt repellendus totam nostrum distinctio.,,Sousa de Goiás,NEGADA,2026-07-24T20:19:27,2026-07-24T21:38:27,2026-07-25T23:19:00,batch_002
e2ce64ba-faab-4b7f-9165-707c3d96bf4d,360,,BOLETO,10743.89,BRL,Asperiores dolorum eius perferendis nobis aut.,,Albuquerque do Norte,APROVADA,2026-07-21T06:25:24,2026-07-21T08:21:24,2026-07-25T23:19:00,batch_002
dcc6e76a-9617-488f-8e55-51f2459a2520,268,,BOLETO,7701.89,BRL,Qui commodi magni non tenetur.,,Silva,APROVADA,2026-07-22T23:04:02,2026-07-23T01:38:02,2026-07-25T23:19:00,batch_002
2583c7ce-c3c1-4d57-b181-6a62fc128bba,746,,SAQUE,1924.61,BRL,Molestias fugiat veritatis ut quas molestiae.,,Rios,APROVADA,2026-07-25T22:59:35,2026-07-25T23:32:35,2026-07-25T23:19:00,batch_002
42177ffe-cc01-42ad-9935-94571ed2ebb3,266,,SAQUE,11724.07,BRL,Omnis error ut itaque.,,Lima da Mata,APROVADA,2026-07-22T20:26:05,2026-07-22T21:18:05,2026-07-25T23:19:00,batch_002
9837ef73-47aa-4977-b05a-554aee79e298,657,,TED,10224.82,BRL,Excepturi maiores veniam nemo amet.,,Vasconcelos de Marques,APROVADA,2026-07-25T21:49:05,2026-07-25T22:23:05,2026-07-25T23:19:00,batch_002
e6b04640-1967-481a-a3a3-e259956ce500,743,,TED,16549.95,BRL,Voluptates doloremque quos placeat dicta.,,da Cruz,APROVADA,2026-07-19T07:58:56,2026-07-19T08:07:56,2026-07-25T23:19:00,batch_002
ccfa7a3a-7ebb-441d-b2c7-bc3871dc18b5,830,,SAQUE,4555.0,BRL,Ipsa vero quam eos.,,Carvalho,APROVADA,2026-07-23T18:14:10,2026-07-23T18:38:10,2026-07-25T23:19:00,batch_002
51fca258-0015-4fef-b891-fbfe09a6860c,21,,BOLETO,9334.2,BRL,Explicabo alias cumque similique expedita similique.,,Moura,APROVADA,2026-07-20T16:37:09,2026-07-20T17:29:09,2026-07-25T23:19:00,batch_002
7725dc8b-e3ad-427d-89ba-9540d8e36a36,749,,SAQUE,9653.09,BRL,Optio nam natus officia.,,Freitas de Novais,APROVADA,2026-07-22T12:44:24,2026-07-22T15:05:24,2026-07-25T23:19:00,batch_002
82f4c542-6f79-4a73-9147-c02ee01c667f,650,246.0,CARTAO,16613.66,BRL,Totam occaecati eius veritatis consectetur quibusdam.,Cassiano - ME,Mendonça,APROVADA,2026-07-20T14:35:00,2026-07-20T15:28:00,2026-07-25T23:19:00,batch_002
3663a666-5979-4a8c-b0da-7bbe1f5024b9,317,464.0,CARTAO,13555.93,BRL,Cupiditate itaque ipsum vitae culpa.,Melo,Araújo de Moreira,NEGADA,2026-07-21T02:21:09,2026-07-21T04:32:09,2026-07-25T23:19:00,batch_002
56118761-b323-42f0-9007-9ec2206f9fb2,400,,SAQUE,13620.83,BRL,Architecto quis sed unde.,,Rezende,APROVADA,2026-07-19T11:14:29,2026-07-19T12:32:29,2026-07-25T23:19:00,batch_002
7608d7ef-cb9c-45d8-bc45-424b3170a9f0,641,,BOLETO,14514.23,BRL,Nostrum dolor rem ut autem veritatis.,,Machado,APROVADA,2026-07-22T10:53:31,2026-07-22T11:00:31,2026-07-25T23:19:00,batch_002
456c8a83-ddca-4167-84e1-9834a88ae6b7,769,,SAQUE,13146.68,BRL,Veritatis id eum eius id accusantium.,,Brito do Sul,APROVADA,2026-07-20T12:55:35,2026-07-20T14:50:35,2026-07-25T23:19:00,batch_002
1070fb7d-01c4-441c-886d-45e4c4d81ff2,456,,PIX,139.91,BRL,Architecto earum ex vel labore.,,Azevedo,APROVADA,2026-07-19T22:26:52,2026-07-20T00:32:52,2026-07-25T23:19:00,batch_002
df42b0f8-f957-4f81-ad15-b7ce94ddb906,1158,,TED,16956.83,BRL,Fugit perspiciatis harum placeat voluptas maxime.,,Câmara da Mata,APROVADA,2026-07-21T10:09:15,2026-07-21T11:07:15,2026-07-25T23:19:00,batch_002
418e5c46-91c8-4bac-af45-6cd1e4a8e62a,178,744.0,CARTAO,9304.06,BRL,Praesentium alias saepe officia asperiores laborum.,Ramos Oliveira S.A.,Santos,APROVADA,2026-07-22T06:43:13,2026-07-22T07:06:13,2026-07-25T23:19:00,batch_002
423ae09e-f246-4e15-bd02-dcf13402b37b,214,,SAQUE,2539.31,BRL,Consectetur aut illum laborum.,,Machado da Mata,APROVADA,2026-07-21T22:58:31,2026-07-22T00:03:31,2026-07-25T23:19:00,batch_002
d6d3dcf4-42dc-4584-8969-11b97e7e3975,1167,,BOLETO,10332.17,BRL,Ratione sit pariatur.,,Martins,APROVADA,2026-07-22T01:39:56,2026-07-22T04:36:56,2026-07-25T23:19:00,batch_002
ddf0f9e1-8605-4d2d-8cb6-907d87271304,88,,PIX,10311.99,BRL,Iste voluptate reprehenderit.,,Pacheco,APROVADA,2026-07-23T15:07:43,2026-07-23T15:40:43,2026-07-25T23:19:00,batch_002
730b8f9e-c7f4-4575-96b5-51d417ea0ce6,776,,PIX,4676.35,BRL,Minima et dolor repellendus ad.,,Guerra de Brito,APROVADA,2026-07-21T15:52:03,2026-07-21T17:22:03,2026-07-25T23:19:00,batch_002
fd019e7b-0d2d-4f9b-b41e-494f61509c9c,490,,CARTAO,10766.46,BRL,Dolorum recusandae doloremque id nostrum maiores.,Almeida,Camargo de Minas,APROVADA,2026-07-23T16:42:32,2026-07-23T18:52:32,2026-07-25T23:19:00,batch_002
b665904c-011c-4495-891b-86ef16936d81,831,,BOLETO,18557.55,BRL,Commodi molestias natus.,,Rocha do Oeste,APROVADA,2026-07-19T13:27:20,2026-07-19T16:23:20,2026-07-25T23:19:00,batch_002
794723d9-aa9b-4b2a-a9c3-308a0c2d764f,579,,SAQUE,6885.23,BRL,Aut ullam nesciunt.,,Castro,APROVADA,2026-07-24T16:59:07,2026-07-24T19:06:07,2026-07-25T23:19:00,batch_002
016e4574-71fc-4181-a144-47e84337c331,711,,TED,1378.67,BRL,Temporibus laborum possimus ut.,,Costa,APROVADA,2026-07-21T22:21:06,2026-07-22T01:09:06,2026-07-25T23:19:00,batch_002
730e16a6-18e5-4447-a2d8-e0b0fe2dd8d0,675,,SAQUE,15032.86,BRL,Blanditiis vel expedita nostrum natus hic.,,Moura,APROVADA,2026-07-24T07:57:45,2026-07-24T08:24:45,2026-07-25T23:19:00,batch_002
2378578b-c92e-49d9-97f1-8060371b2ce8,942,,SAQUE,19076.94,BRL,Officiis laborum enim ullam provident atque.,,Nogueira de Ferreira,APROVADA,2026-07-24T05:24:21,2026-07-24T05:57:21,2026-07-25T23:19:00,batch_002
9e119d60-7502-45a4-ac3f-dea891a93328,718,,SAQUE,18458.16,BRL,Veniam maiores possimus.,,Fogaça de Fogaça,APROVADA,2026-07-20T11:13:31,2026-07-20T13:19:31,2026-07-25T23:19:00,batch_002
54b8539a-a9a2-4106-8e92-1099fdfffa7a,237,,PIX,19677.75,BRL,Magni doloremque rerum.,,Leão,APROVADA,2026-07-24T04:07:35,2026-07-24T05:49:35,2026-07-25T23:19:00,batch_002
bf5f26b4-8335-435f-bee3-25d2cbefb18a,835,,TED,384.15,BRL,Deserunt sed dolore.,,da Mota,APROVADA,2026-07-20T12:29:25,2026-07-20T12:41:25,2026-07-25T23:19:00,batch_002
1988f726-2e9f-4fa6-9e14-7fbcde0498c5,1119,,SAQUE,7721.24,BRL,Qui quia enim quibusdam nemo.,,Vargas de Aparecida,APROVADA,2026-07-19T21:44:53,2026-07-19T21:52:53,2026-07-25T23:19:00,batch_002
611ad6bc-abce-4699-94c5-f6d09233c866,587,,BOLETO,10748.22,BRL,Consequatur reprehenderit eum quam nulla dolore.,,Montenegro,APROVADA,2026-07-23T07:57:05,2026-07-23T08:29:05,2026-07-25T23:19:00,batch_002
47037041-86dd-4e19-8632-e0ee24b2cc1e,30,,TED,16505.82,BRL,Rerum beatae placeat iusto soluta accusamus.,,Melo de Jesus,APROVADA,2026-07-25T18:34:03,2026-07-25T20:19:03,2026-07-25T23:19:00,batch_002
10c879c0-4f7b-4168-be14-862f40b48479,1105,,TED,9490.59,BRL,At necessitatibus error neque.,,Costa,APROVADA,2026-07-20T13:14:00,2026-07-20T14:45:00,2026-07-25T23:19:00,batch_002
6e8c2526-7162-4c1e-8747-bafed79e73c9,486,693.0,CARTAO,5353.23,BRL,Temporibus qui fugit quos.,Leão S.A.,Silva,APROVADA,2026-07-21T15:22:05,2026-07-21T15:43:05,2026-07-25T23:19:00,batch_002
b15192b2-574f-45f8-a9b2-cbf932639ce9,773,,TED,4178.24,BRL,Voluptatibus placeat eaque.,,Pimenta de da Mota,APROVADA,2026-07-24T17:41:56,2026-07-24T19:49:56,2026-07-25T23:19:00,batch_002
ba9865b1-28b3-47f4-a976-322eb4789801,683,,BOLETO,1691.19,BRL,Repudiandae id minima.,,Albuquerque do Norte,APROVADA,2026-07-19T13:23:31,2026-07-19T15:09:31,2026-07-25T23:19:00,batch_002
695a31aa-22b1-4885-8390-0bb761c47d03,1025,,SAQUE,776.89,BRL,Magnam alias facere non.,,Rocha das Pedras,NEGADA,2026-07-24T07:32:26,2026-07-24T08:05:26,2026-07-25T23:19:00,batch_002
30617b4e-8d34-4873-a536-fe37a95ea6a3,151,,TED,2757.79,BRL,Temporibus et consequuntur consequuntur.,,Barbosa,APROVADA,2026-07-21T11:06:21,2026-07-21T13:35:21,2026-07-25T23:19:00,batch_002
c5e7c02c-aa89-4b04-a2a9-b6d7564ec974,671,,BOLETO,15093.62,BRL,Delectus reprehenderit nostrum optio est.,,Viana de Minas,APROVADA,2026-07-22T02:36:36,2026-07-22T04:10:36,2026-07-25T23:19:00,batch_002
249c546a-dae6-46b5-a21a-14141222c45b,1098,,BOLETO,6345.7,BRL,Eos natus eos.,,Caldeira,APROVADA,2026-07-24T12:15:30,2026-07-24T12:58:30,2026-07-25T23:19:00,batch_002
719595d1-ae66-4acf-b4d9-f755d4b106e0,375,,SAQUE,3128.85,BRL,Aperiam quia commodi voluptas eveniet error.,,Costela de Andrade,APROVADA,2026-07-21T21:03:15,2026-07-21T22:20:15,2026-07-25T23:19:00,batch_002
ec079d38-d5f2-4a4d-828a-14502b13e3ce,986,,CARTAO,12919.14,BRL,Ratione fugit eum modi.,Lima S/A,Pastor Alegre,APROVADA,2026-07-25T06:04:43,2026-07-25T08:10:43,2026-07-25T23:19:00,batch_002
c0e8bba2-57c5-4542-9f1e-ac3a3623db16,1100,,CARTAO,489.82,BRL,Quaerat assumenda debitis molestias.,da Paz Ltda.,Vargas,APROVADA,2026-07-21T19:55:29,2026-07-21T20:02:29,2026-07-25T23:19:00,batch_002
4e3b9a72-a222-4051-9aba-d7aecdf51b22,47,64.0,CARTAO,4382.27,BRL,Vero ullam sint.,Ramos,Ramos,APROVADA,2026-07-25T08:11:11,2026-07-25T10:13:11,2026-07-25T23:19:00,batch_002
ef2b236a-f831-48e3-8a26-10815967fcf9,388,,BOLETO,11492.78,BRL,Nulla iusto optio consequuntur alias.,,Nascimento da Mata,APROVADA,2026-07-23T13:08:09,2026-07-23T16:08:09,2026-07-25T23:19:00,batch_002
4ab2e481-3aba-44e6-ba11-59d7f4990cf3,133,,TED,15631.29,BRL,Rem reprehenderit fugit repellendus.,,Almeida,APROVADA,2026-07-22T03:20:47,2026-07-22T03:41:47,2026-07-25T23:19:00,batch_002
ce5ff3c6-a2f2-4aee-8eb7-1f606f963d0a,324,,TED,11548.37,BRL,Hic illum porro numquam molestiae.,,Pinto,APROVADA,2026-07-25T02:29:51,2026-07-25T03:46:51,2026-07-25T23:19:00,batch_002
a8b93ad2-fa2b-4377-a8b1-00becd41163d,175,,SAQUE,15561.36,BRL,Eligendi vero et quae.,,Duarte de da Mata,APROVADA,2026-07-21T15:48:04,2026-07-21T17:38:04,2026-07-25T23:19:00,batch_002
3ed83067-fc4f-498c-83b0-1057117b44e1,142,,BOLETO,4343.82,BRL,Corrupti tempore quod.,,Montenegro,APROVADA,2026-07-24T11:30:45,2026-07-24T12:57:45,2026-07-25T23:19:00,batch_002
85af7a10-5a95-4647-a0fd-9fb154e8ea63,139,,PIX,4629.38,BRL,Illo consequuntur corporis praesentium.,,Machado,APROVADA,2026-07-20T14:56:18,2026-07-20T15:53:18,2026-07-25T23:19:00,batch_002
82509251-455a-404c-be01-7f591f9dfd8e,413,,BOLETO,11067.21,BRL,Corrupti fugit optio cupiditate voluptas.,,Costa,APROVADA,2026-07-19T07:28:51,2026-07-19T09:55:51,2026-07-25T23:19:00,batch_002
55773dc8-ef00-4e51-9bd9-7d840fb42e11,1017,772.0,CARTAO,1575.37,BRL,Rem reiciendis cum voluptatum nemo.,Araújo da Rocha e Filhos,Sá,APROVADA,2026-07-23T07:25:03,2026-07-23T08:09:03,2026-07-25T23:19:00,batch_002
b0eb5c9b-45f5-4ad0-83a4-39f3c2294288,407,,SAQUE,765.98,BRL,Assumenda cupiditate dolorum consequatur nihil repellat.,,Duarte,APROVADA,2026-07-25T03:21:19,2026-07-25T05:29:19,2026-07-25T23:19:00,batch_002
2c496528-da45-43b3-81b0-40f7c5172785,563,,BOLETO,15528.15,BRL,Numquam nisi accusantium distinctio fugit.,,Ribeiro do Norte,APROVADA,2026-07-23T21:42:26,2026-07-24T00:29:26,2026-07-25T23:19:00,batch_002
92295014-6e7d-48cc-a837-73f4807dad1f,1131,,PIX,17997.31,BRL,Saepe ex eveniet odit hic accusamus.,,Martins,APROVADA,2026-07-21T22:48:32,2026-07-21T23:39:32,2026-07-25T23:19:00,batch_002
5717ca81-00ed-4fc1-b863-0e3e375422d6,70,265.0,CARTAO,16026.24,BRL,Molestias illum rerum non.,Guerra,Vasconcelos,APROVADA,2026-07-24T20:03:50,2026-07-24T21:25:50,2026-07-25T23:19:00,batch_002
335e76b5-a737-4e81-a635-0f9aace78119,1122,,PIX,8131.33,BRL,Delectus velit fugit unde.,,das Neves de Goiás,APROVADA,2026-07-23T09:09:43,2026-07-23T10:12:43,2026-07-25T23:19:00,batch_002
7d8306bd-8e16-440f-90e0-05adf8a717e3,3,,BOLETO,11170.85,BRL,Temporibus sequi fuga libero expedita.,,Guerra do Oeste,APROVADA,2026-07-25T18:51:13,2026-07-25T20:52:13,2026-07-25T23:19:00,batch_002
2f0a25bf-d2b4-4280-a82f-66fcc2d385d1,311,46.0,CARTAO,6908.4,BRL,Molestiae fugiat excepturi perspiciatis eum dolor.,Marques - ME,das Neves,APROVADA,2026-07-24T15:36:23,2026-07-24T17:17:23,2026-07-25T23:19:00,batch_002
e530cb49-a91d-46cb-8cef-d5ed5a6fdddf,493,,BOLETO,10166.99,BRL,Beatae ipsum praesentium neque occaecati.,,da Rocha de Vieira,PENDENTE,2026-07-25T01:58:17,2026-07-25T02:23:17,2026-07-25T23:19:00,batch_002
d71ba836-226c-469f-920b-fefdee37c64b,601,,PIX,2497.59,BRL,Error qui nulla sit dolore.,,Fonseca,APROVADA,2026-07-19T17:50:11,2026-07-19T17:54:11,2026-07-25T23:19:00,batch_002
682dca93-8fae-4a39-8a20-d857e03b1fc8,5,,SAQUE,18593.94,BRL,Est tempora adipisci.,,Fogaça de Lima,APROVADA,2026-07-25T10:15:39,2026-07-25T11:16:39,2026-07-25T23:19:00,batch_002
cb91998b-5595-4f64-bbff-4f8b2915a3e6,278,,TED,3760.56,BRL,Minus placeat tenetur consequuntur.,,Sousa,APROVADA,2026-07-23T10:59:00,2026-07-23T12:19:00,2026-07-25T23:19:00,batch_002
5827104e-aa21-4e0c-b735-dda40c560dfd,109,,CARTAO,2370.87,BRL,Omnis vero placeat temporibus.,Caldeira,Nascimento Grande,APROVADA,2026-07-23T13:33:44,2026-07-23T13:58:44,2026-07-25T23:19:00,batch_002
15d5de5b-215d-452b-a206-450bdabf6f3a,473,,PIX,8917.1,BRL,Quas quia officia.,,Montenegro,APROVADA,2026-07-21T05:56:42,2026-07-21T08:21:42,2026-07-25T23:19:00,batch_002
da46d4b4-7855-4618-9621-3d236c43d517,267,,CARTAO,15695.93,BRL,Nam aliquid est.,Pereira,Macedo de Duarte,APROVADA,2026-07-20T10:07:12,2026-07-20T12:46:12,2026-07-25T23:19:00,batch_002
200d132a-4800-4a92-b98c-fa5a8c1731f3,1005,,PIX,6129.36,BRL,Consectetur fugit dicta.,,da Mata Verde,APROVADA,2026-07-23T11:30:59,2026-07-23T12:11:59,2026-07-25T23:19:00,batch_002
3d633d8d-af12-46db-af21-fb44ba76615d,59,,PIX,17807.34,BRL,Perspiciatis excepturi perferendis.,,Viana Verde,PENDENTE,2026-07-25T23:16:26,2026-07-26T00:03:26,2026-07-25T23:19:00,batch_002
3eb342f7-876e-4c22-b61c-82c0ab4ae4d5,844,,TED,17276.51,BRL,Provident harum nihil.,,Rodrigues de Goiás,APROVADA,2026-07-25T03:50:26,2026-07-25T06:36:26,2026-07-25T23:19:00,batch_002
1862d02a-85b4-492b-b7cb-17b1ce6bc072,1021,,BOLETO,6149.66,BRL,Aut hic aut veritatis nulla ad.,,Marques de Castro,APROVADA,2026-07-21T16:32:39,2026-07-21T18:19:39,2026-07-25T23:19:00,batch_002
2414daae-f7c6-4ed5-8968-affbfd06bf81,1103,,TED,4601.59,BRL,Ea asperiores in vel sit dolorum.,,Abreu,NEGADA,2026-07-20T21:00:15,2026-07-20T23:08:15,2026-07-25T23:19:00,batch_002
a2d1cffc-29b1-4ca2-9205-8d8d0bfbf645,420,,PIX,9803.29,BRL,Blanditiis necessitatibus fuga praesentium nisi voluptatibus.,,Moura de Minas,APROVADA,2026-07-21T22:28:43,2026-07-21T23:06:43,2026-07-25T23:19:00,batch_002
f1221a72-6a18-48f5-9279-e3cdeed948a9,215,,PIX,4533.1,BRL,Quae occaecati iure sint.,,da Mota,APROVADA,2026-07-19T22:32:53,2026-07-20T00:21:53,2026-07-25T23:19:00,batch_002
b2a581dc-6018-4ab5-a7c8-3a1acb9fb715,1011,,TED,1973.41,BRL,Cupiditate facere eaque.,,Viana de Minas,NEGADA,2026-07-24T15:59:45,2026-07-24T16:22:45,2026-07-25T23:19:00,batch_002
ca549736-5fdf-4e0e-9f88-41cfed8bb88f,416,134.0,CARTAO,7234.59,BRL,Debitis soluta ratione.,Rios e Filhos,Monteiro,APROVADA,2026-07-22T11:08:36,2026-07-22T13:54:36,2026-07-25T23:19:00,batch_002
39a14513-36dc-44d6-a8f9-f38ca0f8f6a8,895,,BOLETO,13725.97,BRL,Hic perspiciatis voluptatum officia doloremque eum.,,Freitas do Oeste,NEGADA,2026-07-25T01:57:43,2026-07-25T02:43:43,2026-07-25T23:19:00,batch_002
8db8cb9c-5f51-4309-af0c-b9afbce7333e,1099,,BOLETO,2056.23,BRL,Hic quae molestiae reprehenderit.,,Barbosa,APROVADA,2026-07-21T21:49:24,2026-07-21T23:10:24,2026-07-25T23:19:00,batch_002
4455b9cc-4533-4813-aacd-7d4a2ca2c10d,1004,,CARTAO,15620.18,BRL,Eum autem laborum autem.,da Rosa,Ribeiro da Serra,APROVADA,2026-07-19T02:53:34,2026-07-19T04:11:34,2026-07-25T23:19:00,batch_002
e24cf187-1986-46eb-9997-e3a45d4182cf,1124,,PIX,10798.28,BRL,Dignissimos quia eos inventore blanditiis eligendi.,,Moura,NEGADA,2026-07-20T19:58:46,2026-07-20T20:33:46,2026-07-25T23:19:00,batch_002
10e008f9-b679-4f13-b898-9e02e3d56132,57,,PIX,12566.55,BRL,Voluptatem dolores delectus occaecati excepturi saepe.,,Casa Grande do Galho,APROVADA,2026-07-24T11:10:44,2026-07-24T11:11:44,2026-07-25T23:19:00,batch_002
6ecd7fae-07b5-45cb-985e-68a9d03cb370,572,,PIX,3823.92,BRL,Placeat alias quod.,,Castro do Campo,NEGADA,2026-07-23T18:30:33,2026-07-23T19:54:33,2026-07-25T23:19:00,batch_002
1b921af4-3515-443f-a22e-bf02b354cf47,246,,TED,7043.15,BRL,Provident voluptates repudiandae.,,Correia Grande,APROVADA,2026-07-23T19:47:40,2026-07-23T22:40:40,2026-07-25T23:19:00,batch_002
7288cc0b-5e57-4497-b4e6-4ca232920111,967,,TED,11631.64,BRL,Blanditiis perspiciatis dolore odit veritatis.,,Albuquerque do Sul,APROVADA,2026-07-23T21:03:50,2026-07-23T21:41:50,2026-07-25T23:19:00,batch_002
e0bfaa6e-a484-435e-b6c4-403a7f3f0252,432,876.0,CARTAO,13620.7,BRL,Hic repudiandae iste.,Jesus,Montenegro,APROVADA,2026-07-21T05:28:22,2026-07-21T08:24:22,2026-07-25T23:19:00,batch_002
5b3df8d1-ba5a-4608-9925-0d95ce71a195,731,,CARTAO,17798.87,BRL,Pariatur hic eligendi.,Lima,Jesus,APROVADA,2026-07-22T07:36:03,2026-07-22T08:23:03,2026-07-25T23:19:00,batch_002
a32a6fe5-1db5-47e6-a27a-c6215aa22154,195,,SAQUE,18864.15,BRL,Vitae quia fuga aliquam ab.,,Mendonça,APROVADA,2026-07-22T21:54:04,2026-07-22T23:38:04,2026-07-25T23:19:00,batch_002
d207aa37-2b0d-437a-b962-61474372aa55,474,,TED,18478.75,BRL,Corporis debitis rem.,,Barros da Prata,APROVADA,2026-07-21T19:09:16,2026-07-21T19:46:16,2026-07-25T23:19:00,batch_002
7571ecda-ba2b-4571-a734-1b3c662ecea2,926,585.0,CARTAO,12984.2,BRL,Labore veniam dolorem.,Costela,Machado,NEGADA,2026-07-21T23:20:59,2026-07-22T00:25:59,2026-07-25T23:19:00,batch_002
0bede02d-4b97-4b36-a419-f332e0610a6b,188,,TED,19253.55,BRL,Amet officia ex ipsum tempora et.,,Barros do Sul,APROVADA,2026-07-24T23:40:22,2026-07-25T01:29:22,2026-07-25T23:19:00,batch_002
cbb8213a-4a24-48ce-8acc-e111e6c9d371,76,,PIX,13596.87,BRL,Expedita alias esse.,,da Mata,APROVADA,2026-07-22T11:18:27,2026-07-22T13:14:27,2026-07-25T23:19:00,batch_002
6e9e7195-7ccf-4b8b-ba85-69240ec64bd8,308,254.0,CARTAO,187.73,BRL,Adipisci adipisci fugit a cumque deleniti.,Nascimento,Novaes,APROVADA,2026-07-20T08:38:17,2026-07-20T10:44:17,2026-07-25T23:19:00,batch_002
1c58befd-390b-411d-a680-be0fc9ba4a9c,703,100.0,CARTAO,13521.21,BRL,Vero hic blanditiis suscipit veniam.,Santos - EI,Moraes,APROVADA,2026-07-19T12:16:25,2026-07-19T12:43:25,2026-07-25T23:19:00,batch_002
d4a67a7e-695d-4caa-a556-3583359d8c91,609,67.0,CARTAO,16469.61,BRL,Consequatur maiores consequatur sit dignissimos impedit.,Gomes,Cavalcanti do Sul,NEGADA,2026-07-25T15:43:12,2026-07-25T17:02:12,2026-07-25T23:19:00,batch_002
47553114-f1d5-49ed-8428-ff877925b297,1064,,CARTAO,6898.04,BRL,Ipsum quisquam sit corrupti saepe voluptatem.,Albuquerque,Costela,APROVADA,2026-07-21T13:03:15,2026-07-21T13:11:15,2026-07-25T23:19:00,batch_002
a517afce-e61f-44be-a6db-5bfa966dc276,1061,,TED,10352.76,BRL,Repudiandae sed temporibus praesentium.,,Cardoso do Amparo,APROVADA,2026-07-20T12:00:40,2026-07-20T14:33:40,2026-07-25T23:19:00,batch_002
efc1df61-1b52-45a8-adfe-cb25fdc4726d,834,660.0,CARTAO,19240.43,BRL,Saepe rem est.,Rezende,Cavalcanti de Minas,APROVADA,2026-07-23T14:51:39,2026-07-23T16:46:39,2026-07-25T23:19:00,batch_002
b4457351-e5dd-44c0-a13e-5fe84b0d3c5d,958,,PIX,3339.23,BRL,Voluptas repudiandae ea.,,Câmara do Norte,APROVADA,2026-07-23T16:27:24,2026-07-23T17:36:24,2026-07-25T23:19:00,batch_002
e173661d-9210-42ae-817a-46a09296b192,815,,CARTAO,11761.87,BRL,Voluptas ipsum quis quas facere.,Vargas,Melo,APROVADA,2026-07-20T05:36:01,2026-07-20T05:58:01,2026-07-25T23:19:00,batch_002
4c2f8406-35cb-4811-8b01-91553e5646da,666,,TED,1716.52,BRL,Natus inventore recusandae magni ratione.,,Aparecida,APROVADA,2026-07-25T05:43:29,2026-07-25T07:17:29,2026-07-25T23:19:00,batch_002
5a255a2d-0454-4759-bb88-0a70eb2537c2,981,,CARTAO,4301.55,BRL,Laudantium architecto rerum iusto.,Dias,Pastor do Amparo,APROVADA,2026-07-21T02:05:05,2026-07-21T03:38:05,2026-07-25T23:19:00,batch_002
3c1dd631-4ae1-4ca7-9fb2-4df7105879c7,691,,SAQUE,4741.58,BRL,Aliquam soluta quas molestiae asperiores.,,Viana de Vieira,APROVADA,2026-07-22T04:27:16,2026-07-22T07:19:16,2026-07-25T23:19:00,batch_002
08dfe4b8-5a39-4eb7-bde2-a1ff1884f2aa,138,,SAQUE,1900.68,BRL,Minima molestiae voluptatibus.,,Macedo de Aparecida,APROVADA,2026-07-20T05:10:53,2026-07-20T06:17:53,2026-07-25T23:19:00,batch_002
f975efa8-4d25-44a7-9b5a-ed25befcb977,1069,,BOLETO,16126.93,BRL,Neque vitae quae tempore quidem.,,Sales,APROVADA,2026-07-24T01:33:57,2026-07-24T01:44:57,2026-07-25T23:19:00,batch_002
9f67a87e-4168-4a50-9849-a73df55fe0b9,425,,SAQUE,1061.88,BRL,Facilis expedita eius itaque.,,Monteiro,APROVADA,2026-07-22T01:51:32,2026-07-22T04:03:32,2026-07-25T23:19:00,batch_002
b7b4ed39-6cd0-47e5-a15a-11acc40d91ef,434,,PIX,9103.29,BRL,Quidem quasi optio necessitatibus ipsum.,,Carvalho de Moura,APROVADA,2026-07-24T12:36:21,2026-07-24T15:13:21,2026-07-25T23:19:00,batch_002
1cc434d2-ec97-4f92-92cb-f88d4dbd10b3,846,,SAQUE,1383.46,BRL,Rerum atque repellat blanditiis.,,Oliveira Verde,APROVADA,2026-07-20T21:27:27,2026-07-20T21:42:27,2026-07-25T23:19:00,batch_002
ae876da5-d41e-40b6-8211-cdfac8e66e8d,69,,PIX,16926.27,BRL,Vitae occaecati a.,,Cavalcante de Goiás,APROVADA,2026-07-21T17:34:35,2026-07-21T18:20:35,2026-07-25T23:19:00,batch_002
5d06552d-f44c-4886-9467-b900a0280d10,1134,,BOLETO,12549.45,BRL,Repellat cumque blanditiis.,,Fernandes de Aparecida,APROVADA,2026-07-22T03:00:11,2026-07-22T03:00:11,2026-07-25T23:19:00,batch_002
464fa8f6-b837-4eb1-aa59-7beccf33b2b8,476,,TED,19227.61,BRL,Voluptate dolores dolor sapiente temporibus.,,da Cunha,APROVADA,2026-07-23T01:47:53,2026-07-23T03:45:53,2026-07-25T23:19:00,batch_002
83dd9d54-58f7-4cc9-aeff-ae47fccc7f49,722,,BOLETO,11007.66,BRL,Ut quo corrupti repudiandae voluptas a.,,Duarte,PENDENTE,2026-07-21T23:28:52,2026-07-22T01:41:52,2026-07-25T23:19:00,batch_002
21ebf5d8-5dde-4aee-a840-f4c55741071a,410,,SAQUE,10772.97,BRL,Consectetur assumenda autem sapiente laudantium.,,Freitas,APROVADA,2026-07-23T16:11:38,2026-07-23T16:45:38,2026-07-25T23:19:00,batch_002
4f497610-3b10-42e5-a736-566a0879a30b,875,218.0,CARTAO,847.58,BRL,Molestias blanditiis praesentium libero nihil aperiam.,Pires,Melo,APROVADA,2026-07-22T17:05:37,2026-07-22T19:02:37,2026-07-25T23:19:00,batch_002
b59559da-ec0f-484a-b8e0-a0176a6c5af3,800,,BOLETO,3358.24,BRL,Natus animi animi tempora quia voluptas.,,Lima,APROVADA,2026-07-23T05:09:38,2026-07-23T07:11:38,2026-07-25T23:19:00,batch_002
78c70432-3190-48ed-921a-dbd963ed97f9,1095,,CARTAO,3692.43,BRL,Alias quisquam corrupti.,Novais,Montenegro Alegre,APROVADA,2026-07-21T22:13:29,2026-07-22T00:10:29,2026-07-25T23:19:00,batch_002
34ab561d-6b42-4215-a4d4-b8a4eba48ae3,44,,PIX,8274.4,BRL,Repellat error ipsa ipsa.,,Peixoto do Sul,APROVADA,2026-07-23T17:53:38,2026-07-23T20:32:38,2026-07-25T23:19:00,batch_002
30e51fe9-6552-4f23-bd64-d7d1588daee0,635,,SAQUE,5973.76,BRL,Fuga laboriosam dolor nisi.,,Peixoto,APROVADA,2026-07-20T14:50:16,2026-07-20T15:33:16,2026-07-25T23:19:00,batch_002
5d9eacc1-3f29-4e88-a872-4f3bd257f5e0,1024,,CARTAO,703.75,BRL,Porro cum sed quas iure.,Martins,Fernandes,APROVADA,2026-07-25T17:54:09,2026-07-25T18:16:09,2026-07-25T23:19:00,batch_002
92eb4d89-8811-486d-b1a5-f965e49a9c95,778,,PIX,3822.82,BRL,Aliquid aliquam nesciunt fuga odio fuga.,,Jesus,APROVADA,2026-07-19T05:37:23,2026-07-19T07:48:23,2026-07-25T23:19:00,batch_002
9fd6d3b7-5f63-4d5c-8b6e-1ee8ed46e94b,1038,,PIX,2979.59,BRL,Corrupti necessitatibus laudantium.,,Garcia,APROVADA,2026-07-20T14:45:09,2026-07-20T16:38:09,2026-07-25T23:19:00,batch_002
95d28399-e93a-4c97-8b78-8ad81234fb05,1076,,BOLETO,11603.38,BRL,Laudantium ullam accusamus.,,Araújo,APROVADA,2026-07-22T05:30:05,2026-07-22T07:44:05,2026-07-25T23:19:00,batch_002
e4c1dc81-c5fb-4b23-92f2-5f840a40e405,467,,TED,13951.2,BRL,Enim quam non.,,Albuquerque,APROVADA,2026-07-24T13:05:07,2026-07-24T14:03:07,2026-07-25T23:19:00,batch_002
1364c3e6-b35a-422d-aece-ea7cb3107441,765,689.0,CARTAO,4727.69,BRL,Amet consequatur doloremque mollitia provident tempore.,Vasconcelos,Dias,APROVADA,2026-07-22T00:53:53,2026-07-22T01:30:53,2026-07-25T23:19:00,batch_002
17c39bcc-e578-407e-b54b-5b1bc52d96e0,1079,,TED,13332.83,BRL,Numquam amet incidunt veniam quas.,,Sales das Flores,APROVADA,2026-07-23T22:56:01,2026-07-24T00:29:01,2026-07-25T23:19:00,batch_002
a83837e9-11a3-4e18-aaba-7e3551917c66,460,,PIX,2289.24,BRL,Doloribus maxime quis reprehenderit.,,Marques Paulista,APROVADA,2026-07-20T02:37:04,2026-07-20T02:47:04,2026-07-25T23:19:00,batch_002
e6d97e3d-b76e-44f2-adde-b7267ff2909f,605,,SAQUE,3718.32,BRL,Ratione distinctio sequi minus sit.,,Teixeira de Pacheco,APROVADA,2026-07-22T18:28:54,2026-07-22T18:41:54,2026-07-25T23:19:00,batch_002
6c9bd4f9-48dc-446d-a474-6b73a6297d96,48,414.0,CARTAO,12077.96,BRL,Consequuntur velit inventore reiciendis itaque hic.,Fonseca,Jesus da Serra,APROVADA,2026-07-19T17:34:12,2026-07-19T18:48:12,2026-07-25T23:19:00,batch_002
a1a3077d-a375-4541-9c0d-be5d39bcc7e4,629,,BOLETO,16959.59,BRL,Facere corporis fugiat accusantium.,,Novais,APROVADA,2026-07-25T05:56:57,2026-07-25T06:13:57,2026-07-25T23:19:00,batch_002
9f1fdb60-19d4-4c9c-b158-10407e3362e9,839,,SAQUE,11227.59,BRL,Maiores minima fuga commodi asperiores.,,Barros,APROVADA,2026-07-22T04:07:30,2026-07-22T06:09:30,2026-07-25T23:19:00,batch_002
c76ec392-75de-4438-b4bc-1f3b166860ec,796,,PIX,15019.4,BRL,Ea reprehenderit ut doloremque architecto.,,Câmara,APROVADA,2026-07-21T13:33:01,2026-07-21T15:59:01,2026-07-25T23:19:00,batch_002
b47b1c8e-8d4a-4f7f-8a05-79c90b1906ed,71,,SAQUE,12086.59,BRL,Eius fuga architecto repudiandae placeat necessitatibus.,,das Neves Paulista,APROVADA,2026-07-23T18:30:01,2026-07-23T18:57:01,2026-07-25T23:19:00,batch_002
d889ee94-af7a-4407-be5a-ad1d274687e0,1185,,CARTAO,6726.7,BRL,Quae esse corrupti rem aspernatur ipsa.,Fernandes,Farias,NEGADA,2026-07-20T12:38:20,2026-07-20T13:06:20,2026-07-25T23:19:00,batch_002
5d02929b-36d7-48e3-a09e-5427a162f10d,1168,,SAQUE,11994.2,BRL,Ex dolore fugit optio debitis eos.,,Fogaça Verde,APROVADA,2026-07-19T15:50:15,2026-07-19T16:28:15,2026-07-25T23:19:00,batch_002
81a9af4d-1e11-4469-9c64-921049f37d4d,1151,,BOLETO,148.7,BRL,Quisquam quo dolorem pariatur repellendus nam.,,Ribeiro do Sul,APROVADA,2026-07-25T14:47:13,2026-07-25T17:13:13,2026-07-25T23:19:00,batch_002
b9b60c3c-e06a-4918-82e1-9819dfdd0bfa,42,,BOLETO,6550.34,BRL,Quos nobis natus corrupti quaerat optio.,,Oliveira,APROVADA,2026-07-23T09:00:04,2026-07-23T10:21:04,2026-07-25T23:19:00,batch_002
b27fef87-4e4c-4ffa-a71a-45e773b91c56,1151,,CARTAO,7363.26,BRL,Ullam temporibus illo ducimus reprehenderit.,Nascimento,Santos,APROVADA,2026-07-21T17:22:43,2026-07-21T20:16:43,2026-07-25T23:19:00,batch_002
6d1fb0f1-c588-4622-949e-1e180b8bfee2,577,,TED,6901.47,BRL,Repellendus corporis rerum consequatur voluptatum.,,Barros,APROVADA,2026-07-19T09:38:50,2026-07-19T12:36:50,2026-07-25T23:19:00,batch_002
30780573-9c99-478b-8a79-95b58de2e5bc,1186,,SAQUE,10563.81,BRL,Quidem occaecati veritatis.,,Peixoto,APROVADA,2026-07-23T02:27:41,2026-07-23T04:16:41,2026-07-25T23:19:00,batch_002
88ebb84c-c13b-4411-800b-9b9fef5b4c4e,1011,140.0,CARTAO,6057.61,BRL,Labore nemo rem minus.,Sá Sousa Ltda.,Fonseca,APROVADA,2026-07-21T10:58:07,2026-07-21T11:34:07,2026-07-25T23:19:00,batch_002
81804d15-86fc-4d73-bede-9fdde76130b7,474,,BOLETO,8543.64,BRL,Labore minus quis.,,Oliveira,NEGADA,2026-07-21T18:34:32,2026-07-21T19:45:32,2026-07-25T23:19:00,batch_002
2780f765-3169-4332-8d56-ffde4b5c2d78,330,,SAQUE,15220.69,BRL,Quisquam ad hic.,,Fonseca,APROVADA,2026-07-21T17:13:29,2026-07-21T17:16:29,2026-07-25T23:19:00,batch_002
9cc00ec8-587d-4521-a7b2-6db8ce11e561,660,,PIX,1657.1,BRL,Est aperiam nam.,,Garcia de Lima,APROVADA,2026-07-24T09:36:44,2026-07-24T12:21:44,2026-07-25T23:19:00,batch_002
3aa470cb-e9dd-4b8c-b727-c8b7c2d0248d,768,,SAQUE,1537.55,BRL,Aspernatur culpa fuga dicta reiciendis.,,Gomes da Praia,APROVADA,2026-07-20T00:13:08,2026-07-20T00:32:08,2026-07-25T23:19:00,batch_002
dafb6f95-ad9e-4573-a71e-cdd5cc7cc431,435,,SAQUE,8469.63,BRL,Possimus tempore sed.,,Pires do Sul,APROVADA,2026-07-19T12:05:07,2026-07-19T14:02:07,2026-07-25T23:19:00,batch_002
f836b2e5-88da-4856-b767-d88e58b2f628,594,,PIX,6386.77,BRL,Saepe itaque consectetur aliquid tempore totam.,,da Conceição,APROVADA,2026-07-19T12:34:42,2026-07-19T15:08:42,2026-07-25T23:19:00,batch_002
d09cc7d9-7b03-4f00-8bde-5df4f443b563,411,,BOLETO,15902.61,BRL,Aliquid eum at.,,Siqueira das Flores,APROVADA,2026-07-19T03:38:58,2026-07-19T04:24:58,2026-07-25T23:19:00,batch_002
61ea0854-a879-46c4-9dc0-cc969932d2c9,1188,273.0,CARTAO,1226.93,BRL,Odio veritatis minus.,Nogueira,Nunes,APROVADA,2026-07-20T01:56:38,2026-07-20T02:43:38,2026-07-25T23:19:00,batch_002
833def21-3cf4-4569-9e17-3d570010b1c4,1055,,BOLETO,4805.31,BRL,Assumenda at sequi.,,Cassiano de Goiás,NEGADA,2026-07-20T13:30:49,2026-07-20T15:06:49,2026-07-25T23:19:00,batch_002
6ec7149c-79c8-4530-b2cc-c1ed2aac5f34,95,,TED,10970.53,BRL,Minima ab recusandae tenetur reiciendis amet.,,Albuquerque,APROVADA,2026-07-21T15:07:36,2026-07-21T18:03:36,2026-07-25T23:19:00,batch_002
c57efa1a-7d91-40dd-86f1-267c7acb8c5c,979,,BOLETO,11851.36,BRL,Ratione deleniti sunt.,,Farias da Serra,APROVADA,2026-07-21T09:46:33,2026-07-21T10:44:33,2026-07-25T23:19:00,batch_002
bb578def-50db-476b-8b3c-2b8d77dfa3f3,521,,PIX,2697.74,BRL,Consequatur quaerat possimus sunt omnis.,,da Mata das Flores,APROVADA,2026-07-24T16:04:39,2026-07-24T16:40:39,2026-07-25T23:19:00,batch_002
634fe7fa-5e1d-442d-afaa-ef671a9f8e71,189,,BOLETO,1226.11,BRL,Porro doloribus qui nemo aliquam suscipit.,,Camargo,APROVADA,2026-07-20T11:20:05,2026-07-20T12:53:05,2026-07-25T23:19:00,batch_002
4f68847a-01a4-4608-aa71-e53e35521de0,698,,PIX,4038.43,BRL,Alias voluptate consequuntur totam.,,Vieira,APROVADA,2026-07-21T05:27:10,2026-07-21T05:34:10,2026-07-25T23:19:00,batch_002
7accb24d-ed48-450b-b023-c5e4307c6d07,378,,CARTAO,7905.07,BRL,Illo minima aperiam.,Leão,da Paz Paulista,APROVADA,2026-07-23T22:07:53,2026-07-23T22:20:53,2026-07-25T23:19:00,batch_002
1bf8ce97-b69f-4128-a63c-19f6f056e66e,767,199.0,CARTAO,7608.91,BRL,Accusantium ea error impedit repellat libero.,Gomes,Andrade do Galho,APROVADA,2026-07-22T00:30:00,2026-07-22T03:20:00,2026-07-25T23:19:00,batch_002
4ed23abd-7252-49dd-b36a-2587c0ca614b,1122,,SAQUE,6528.83,BRL,Facilis similique ipsa.,,Vargas,APROVADA,2026-07-22T12:20:04,2026-07-22T12:59:04,2026-07-25T23:19:00,batch_002
aaed57f1-a87c-40a7-917c-5b2f95fc8c24,994,,CARTAO,14304.18,BRL,Aliquid porro explicabo distinctio facere maxime.,da Luz,Azevedo,APROVADA,2026-07-20T00:04:59,2026-07-20T01:17:59,2026-07-25T23:19:00,batch_002
8beade50-8268-4cf6-8e82-3ee995a68316,898,539.0,CARTAO,8099.23,BRL,Facilis ea excepturi.,Macedo Cavalcante - ME,Fogaça,APROVADA,2026-07-22T09:06:23,2026-07-22T11:33:23,2026-07-25T23:19:00,batch_002
ca88389e-4324-43f6-8edf-a83f1d7e4ba4,416,,PIX,5548.25,BRL,Veritatis dolore nihil rerum harum.,,Pinto de Lopes,PENDENTE,2026-07-24T22:24:41,2026-07-24T22:39:41,2026-07-25T23:19:00,batch_002
2ba55fa1-2f7c-4244-a4d7-7cb1a2b9af6f,844,,BOLETO,10595.57,BRL,Modi in commodi maxime vero.,,da Conceição,APROVADA,2026-07-23T10:08:23,2026-07-23T10:17:23,2026-07-25T23:19:00,batch_002
857c20ac-4222-4675-8683-a0973f75846d,1116,,PIX,15020.37,BRL,A aliquid minima fuga.,,Silva de Rios,APROVADA,2026-07-23T18:35:00,2026-07-23T20:01:00,2026-07-25T23:19:00,batch_002
1db8df68-ea80-43f7-9dbe-d33e743ec0ca,1070,,PIX,11085.86,BRL,Fuga eius molestiae voluptatibus.,,Caldeira,PENDENTE,2026-07-20T03:18:46,2026-07-20T05:07:46,2026-07-25T23:19:00,batch_002
07db7b05-3f44-4944-a23d-8ce87c4c1fcb,1186,,BOLETO,13173.84,BRL,Omnis excepturi dolores.,,Albuquerque,APROVADA,2026-07-20T17:28:26,2026-07-20T19:46:26,2026-07-25T23:19:00,batch_002
5395567b-a76f-4afa-bee4-8b28479ca7ab,1138,,CARTAO,4044.42,BRL,Vero nihil necessitatibus.,Oliveira da Mota S/A,Pacheco,APROVADA,2026-07-21T12:29:30,2026-07-21T14:08:30,2026-07-25T23:19:00,batch_002
5d0568e9-6402-4696-95fc-c0fae0747e9a,104,,SAQUE,16723.85,BRL,Voluptatum sunt rem fuga corporis non.,,Lima,APROVADA,2026-07-19T12:57:29,2026-07-19T13:39:29,2026-07-25T23:19:00,batch_002
3af4dba3-d569-418c-aa6b-8045ebee9723,1035,,CARTAO,8544.7,BRL,Consequuntur molestiae quos enim explicabo voluptatem.,Fernandes Costela S.A.,Viana,APROVADA,2026-07-25T05:31:30,2026-07-25T07:56:30,2026-07-25T23:19:00,batch_002
7120f9e9-e5d5-4826-bd29-25c5c383fe05,904,,BOLETO,401.04,BRL,Minima explicabo unde itaque tenetur reprehenderit.,,Silveira das Pedras,APROVADA,2026-07-24T13:03:38,2026-07-24T15:54:38,2026-07-25T23:19:00,batch_002
ce2b7ba0-3a68-4cc0-9da4-4611535f050c,1194,,SAQUE,11085.48,BRL,Officia tempora quaerat excepturi.,,Pires,APROVADA,2026-07-20T03:36:26,2026-07-20T05:49:26,2026-07-25T23:19:00,batch_002
f0412570-3c8d-4f0d-96d7-fbfe10f4ce96,663,,TED,8692.8,BRL,Sequi laboriosam aliquid a sint vero.,,Viana,APROVADA,2026-07-24T12:50:07,2026-07-24T14:50:07,2026-07-25T23:19:00,batch_002
fff5298d-2a95-421c-9866-330ca20b8dfd,116,,BOLETO,11758.1,BRL,Voluptatem doloremque iste deleniti officia.,,Monteiro,APROVADA,2026-07-19T00:31:31,2026-07-19T01:58:31,2026-07-25T23:19:00,batch_002
fd947f12-6ad9-49ad-9c8b-73ce17dc80b9,662,,SAQUE,1045.77,BRL,Laborum est deleniti in.,,da Paz,APROVADA,2026-07-22T19:02:59,2026-07-22T19:23:59,2026-07-25T23:19:00,batch_002
9d4ec30b-1c12-4dab-b62c-213439aa3957,1065,,BOLETO,12722.34,BRL,Ut ex provident velit quis.,,das Neves de Borges,APROVADA,2026-07-22T16:42:56,2026-07-22T18:24:56,2026-07-25T23:19:00,batch_002
f0bb7b0a-b7d6-4997-8b4b-0769360404d5,712,,TED,8580.82,BRL,Atque in totam id.,,da Mata,NEGADA,2026-07-20T00:07:49,2026-07-20T01:27:49,2026-07-25T23:19:00,batch_002
a8cacc33-b37a-4fe3-ad29-8892f8bbf3fc,764,,SAQUE,16745.89,BRL,Dolorum doloremque sapiente temporibus quis.,,Viana,APROVADA,2026-07-22T06:35:54,2026-07-22T07:08:54,2026-07-25T23:19:00,batch_002
d9c2c555-f783-4197-9e76-17f25b5a0750,921,,BOLETO,5371.47,BRL,Enim accusantium omnis excepturi distinctio.,,Pereira,APROVADA,2026-07-24T00:11:29,2026-07-24T00:25:29,2026-07-25T23:19:00,batch_002
a51049b4-90bb-4798-abb6-88b304a97766,871,,TED,3095.27,BRL,Vitae reprehenderit vero velit officiis.,,Alves,APROVADA,2026-07-19T14:25:43,2026-07-19T14:49:43,2026-07-25T23:19:00,batch_002
f8926d0c-ad96-41c8-a285-6f228db5c677,434,,BOLETO,6144.27,BRL,Necessitatibus illum deserunt.,,Rezende,APROVADA,2026-07-21T15:48:06,2026-07-21T18:43:06,2026-07-25T23:19:00,batch_002
691881a9-6ecc-4225-a8e4-c26ca5435eb0,1160,,SAQUE,7212.13,BRL,Explicabo perspiciatis error molestias veniam asperiores.,,Barbosa do Amparo,NEGADA,2026-07-25T22:44:43,2026-07-26T01:44:43,2026-07-25T23:19:00,batch_002
11080fc0-ceb2-40c5-91d6-a0bbef59b422,766,,PIX,17366.73,BRL,Explicabo officia exercitationem iusto porro.,,Moraes,APROVADA,2026-07-19T21:14:23,2026-07-19T23:46:23,2026-07-25T23:19:00,batch_002
3aca7df6-3be2-4511-adee-982cae31cda3,22,,SAQUE,13826.76,BRL,Nemo laboriosam asperiores amet hic commodi.,,Ribeiro do Amparo,APROVADA,2026-07-23T00:13:17,2026-07-23T00:39:17,2026-07-25T23:19:00,batch_002
b8c96283-a0b8-4dc7-b026-5a5990123630,571,,TED,4963.98,BRL,Odio nisi blanditiis inventore.,,da Cunha do Oeste,APROVADA,2026-07-25T17:33:38,2026-07-25T17:50:38,2026-07-25T23:19:00,batch_002
bea7ec59-4849-4916-80f3-1ec99d369938,721,,TED,10877.28,BRL,Molestiae nemo deleniti minima reprehenderit odit.,,Machado,APROVADA,2026-07-20T23:16:04,2026-07-21T00:35:04,2026-07-25T23:19:00,batch_002
15b0a0eb-932e-457c-8d20-3501988ae84c,817,405.0,CARTAO,18049.88,BRL,Illum est totam corrupti.,Peixoto S.A.,Pimenta Verde,APROVADA,2026-07-22T14:38:56,2026-07-22T17:01:56,2026-07-25T23:19:00,batch_002
a599c49e-eae7-441f-b2fc-c1527b84249e,754,,PIX,13562.51,BRL,Maiores necessitatibus odit eligendi repellendus.,,da Rosa do Campo,APROVADA,2026-07-25T11:14:52,2026-07-25T11:23:52,2026-07-25T23:19:00,batch_002
87a2d14d-709a-4a54-86f6-8d56fcf5d1fb,1186,,TED,3544.3,BRL,Quisquam nemo nesciunt reprehenderit.,,Rodrigues de Goiás,APROVADA,2026-07-19T08:34:41,2026-07-19T10:55:41,2026-07-25T23:19:00,batch_002
0f79f0e6-e1e0-41e5-8458-5de196c09197,371,,BOLETO,8566.06,BRL,Ab in libero voluptatibus maiores deserunt.,,da Rosa,APROVADA,2026-07-24T20:28:41,2026-07-24T22:51:41,2026-07-25T23:19:00,batch_002
86c9aafc-8c25-44c5-9ca2-0b8b5f63caac,1121,,SAQUE,17162.64,BRL,Laudantium iure saepe blanditiis quis.,,Costa,APROVADA,2026-07-22T13:50:52,2026-07-22T14:18:52,2026-07-25T23:19:00,batch_002
7c6c1a88-a3ad-4494-89d9-5d4fe9fa3d1a,613,,BOLETO,19066.75,BRL,Eum minima ullam eius.,,Lima do Sul,APROVADA,2026-07-20T14:29:35,2026-07-20T15:52:35,2026-07-25T23:19:00,batch_002
61880484-4c8c-418e-9706-fa347e2837bc,449,,SAQUE,5862.03,BRL,Facilis veritatis aperiam reprehenderit.,,Rodrigues,APROVADA,2026-07-21T20:09:06,2026-07-21T20:31:06,2026-07-25T23:19:00,batch_002
9e101852-ba04-4cd3-870c-79a29222a235,346,,SAQUE,5194.64,BRL,Incidunt pariatur fugiat rem sapiente reiciendis.,,da Costa,APROVADA,2026-07-20T03:40:43,2026-07-20T05:40:43,2026-07-25T23:19:00,batch_002
f911b275-64a1-453a-98c9-e25e6a50a41e,654,127.0,CARTAO,6206.36,BRL,Quo quibusdam quisquam cumque aut.,Borges,Andrade,APROVADA,2026-07-21T05:24:27,2026-07-21T06:01:27,2026-07-25T23:19:00,batch_002
952bb3b4-e26e-42a0-9d5d-1f779ca2f217,536,,PIX,1736.45,BRL,Totam placeat nemo laborum officiis quasi optio.,,Lopes do Norte,APROVADA,2026-07-21T16:35:13,2026-07-21T17:37:13,2026-07-25T23:19:00,batch_002
c1584c8f-b38c-4522-9f80-7b6d717e1c5f,628,,BOLETO,15051.23,BRL,Incidunt accusamus saepe.,,Casa Grande da Serra,APROVADA,2026-07-23T16:39:24,2026-07-23T16:46:24,2026-07-25T23:19:00,batch_002
80ab569d-ab6a-452d-ae42-21d8031f1bce,409,,SAQUE,7601.74,BRL,Modi excepturi omnis hic in.,,Pereira de Sales,APROVADA,2026-07-21T04:11:58,2026-07-21T05:07:58,2026-07-25T23:19:00,batch_002
dd0655db-425d-4a5b-bb64-9501f778abb5,196,,SAQUE,19109.92,BRL,Reprehenderit quasi aspernatur.,,Costela,APROVADA,2026-07-20T17:56:41,2026-07-20T18:48:41,2026-07-25T23:19:00,batch_002
7eec12e1-49dc-4f9a-9b0c-aac679a664ad,890,,BOLETO,13963.4,BRL,Accusantium explicabo sed rerum.,,Jesus dos Dourados,APROVADA,2026-07-23T07:16:13,2026-07-23T07:25:13,2026-07-25T23:19:00,batch_002
d16da3c5-d844-4893-976c-e8e14c48c9b4,945,,TED,16809.16,BRL,Amet deserunt odit nam eligendi dolores.,,Fernandes,APROVADA,2026-07-21T17:04:48,2026-07-21T18:07:48,2026-07-25T23:19:00,batch_002
28d2402b-3b88-45f9-9e88-a25bd15f2cba,428,,SAQUE,14800.46,BRL,Nobis asperiores autem.,,Cardoso,APROVADA,2026-07-22T20:29:46,2026-07-22T20:52:46,2026-07-25T23:19:00,batch_002
bf986d6e-cbb5-4bff-8de5-e23fab782353,725,,TED,8002.47,BRL,Cumque commodi quo minus non.,,Brito,APROVADA,2026-07-23T20:16:58,2026-07-23T22:29:58,2026-07-25T23:19:00,batch_002
5eafc9cd-2e41-43ba-aae6-ea0c9a842777,1168,,TED,5409.39,BRL,Voluptate ipsa quis.,,Dias do Norte,APROVADA,2026-07-23T19:54:02,2026-07-23T21:39:02,2026-07-25T23:19:00,batch_002
7f9df754-6534-4ca5-8f74-4a4a04dcf498,803,,BOLETO,15373.77,BRL,Qui quaerat nam possimus reiciendis.,,Cavalcante,APROVADA,2026-07-25T15:02:10,2026-07-25T16:19:10,2026-07-25T23:19:00,batch_002
bd48a28f-fa96-4319-9764-e6308001d2ef,615,,SAQUE,16536.31,BRL,Eos pariatur provident voluptas.,,Cunha,APROVADA,2026-07-25T08:05:40,2026-07-25T09:55:40,2026-07-25T23:19:00,batch_002
adf4d307-850b-450f-b48c-8e70c97fca27,1209,,BOLETO,3567.47,BRL,Amet laboriosam libero magni dolorem occaecati.,,Pimenta Paulista,APROVADA,2026-07-24T07:05:55,2026-07-24T07:44:55,2026-07-25T23:19:00,batch_002
60cf5104-6b32-437b-b9a6-86a0c503e0bb,605,280.0,CARTAO,13557.43,BRL,Saepe ipsa quibusdam.,das Neves e Filhos,Farias,APROVADA,2026-07-25T15:21:01,2026-07-25T15:59:01,2026-07-25T23:19:00,batch_002
0798390f-6cec-48f7-9072-4b6871a8e390,218,,BOLETO,13147.07,BRL,Minus voluptatem consequuntur ea.,,Pires dos Dourados,APROVADA,2026-07-23T01:04:27,2026-07-23T03:03:27,2026-07-25T23:19:00,batch_002
49dca8b6-39ae-41f4-bd63-2b8918173773,265,,SAQUE,18519.61,BRL,Blanditiis vero doloribus.,,Gonçalves de Vieira,APROVADA,2026-07-19T21:34:41,2026-07-19T23:09:41,2026-07-25T23:19:00,batch_002
87c6ca9d-f529-4cde-ba42-dea8f8a56789,240,,SAQUE,1874.2,BRL,Adipisci quia voluptatum adipisci fugiat.,,Pinto de Siqueira,APROVADA,2026-07-24T14:18:18,2026-07-24T16:39:18,2026-07-25T23:19:00,batch_002
ea5433c1-1522-4566-82a4-aa0dfc41a31a,400,,TED,2565.64,BRL,Dignissimos adipisci doloribus.,,Rezende,NEGADA,2026-07-25T12:44:52,2026-07-25T12:51:52,2026-07-25T23:19:00,batch_002
0dc98418-7ea1-4deb-853a-f8934fba8d9d,213,,SAQUE,2855.01,BRL,Ab eligendi animi iusto.,,da Mota,APROVADA,2026-07-22T04:32:09,2026-07-22T06:35:09,2026-07-25T23:19:00,batch_002
a06923b1-d193-41da-930a-1f1d3c278b22,1010,,BOLETO,3068.67,BRL,Molestias placeat recusandae.,,Moraes,APROVADA,2026-07-21T10:29:23,2026-07-21T12:03:23,2026-07-25T23:19:00,batch_002
32c3d56e-f293-4f31-877d-6b356d43be73,822,,SAQUE,8846.66,BRL,Ratione deleniti assumenda ea.,,Santos,APROVADA,2026-07-24T21:31:36,2026-07-25T00:31:36,2026-07-25T23:19:00,batch_002
77d94540-c0c0-4c00-b2b8-29d1870ca970,815,,SAQUE,2332.78,BRL,Omnis tenetur natus fugiat laboriosam quas.,,da Rosa,APROVADA,2026-07-22T06:37:58,2026-07-22T07:01:58,2026-07-25T23:19:00,batch_002
36294fcd-79fa-48fb-a355-61115d8973a2,479,,CARTAO,3881.48,BRL,Voluptate vitae illum.,Nogueira,Porto,NEGADA,2026-07-20T12:19:15,2026-07-20T12:38:15,2026-07-25T23:19:00,batch_002
da8fecad-40b8-411c-ac25-b0628f46ae47,146,,SAQUE,4535.13,BRL,Aut molestiae quos iste numquam alias.,,Albuquerque do Norte,APROVADA,2026-07-25T07:10:23,2026-07-25T07:42:23,2026-07-25T23:19:00,batch_002
d8318315-156c-4ed4-87e6-a69a0ac665c9,1043,,BOLETO,18863.59,BRL,Doloremque reprehenderit voluptas laboriosam.,,Rezende,APROVADA,2026-07-23T02:19:02,2026-07-23T03:06:02,2026-07-25T23:19:00,batch_002
ea79d753-c628-4849-9078-da4671d1c88f,308,,BOLETO,6645.06,BRL,Eum repudiandae rem.,,Teixeira,NEGADA,2026-07-22T04:49:52,2026-07-22T07:30:52,2026-07-25T23:19:00,batch_002
20adef44-885a-40f2-a318-fbdef7c797c8,532,,SAQUE,3026.09,BRL,Deserunt sunt vel.,,Leão,APROVADA,2026-07-24T05:31:14,2026-07-24T06:08:14,2026-07-25T23:19:00,batch_002
943d816f-0fee-4812-9616-5773e361d455,452,,TED,5488.56,BRL,Nulla ipsa modi molestias.,,Andrade,NEGADA,2026-07-19T17:54:44,2026-07-19T20:27:44,2026-07-25T23:19:00,batch_002
033aa3c4-21be-4998-8077-62e999e3b21e,1116,,PIX,8530.87,BRL,Tempora enim nostrum labore.,,Gomes da Serra,APROVADA,2026-07-23T11:47:42,2026-07-23T13:49:42,2026-07-25T23:19:00,batch_002
9ade19a2-7bb4-4bd7-85ab-b384e9272833,719,,SAQUE,12388.07,BRL,Aliquam repellat rem dolorum.,,da Cruz dos Dourados,APROVADA,2026-07-21T23:54:05,2026-07-22T01:18:05,2026-07-25T23:19:00,batch_002
e2737814-135c-4ac3-8764-68a2ae4c5281,22,,SAQUE,14797.98,BRL,Delectus suscipit laboriosam iste consectetur.,,da Mota,APROVADA,2026-07-22T10:11:10,2026-07-22T12:18:10,2026-07-25T23:19:00,batch_002
f199c278-f2cd-422e-b9aa-3c54c58e3b64,16,,TED,377.93,BRL,Impedit molestias enim officiis.,,Rodrigues,APROVADA,2026-07-24T22:00:57,2026-07-24T22:50:57,2026-07-25T23:19:00,batch_002
256d0732-692e-4df8-ba63-42c6133607cc,1094,,SAQUE,16018.83,BRL,Tempora aperiam aut explicabo neque ratione.,,Azevedo,APROVADA,2026-07-25T09:15:39,2026-07-25T09:49:39,2026-07-25T23:19:00,batch_002
bc0d6d55-44b9-4b98-8761-2ce432508294,247,,PIX,14156.67,BRL,Soluta neque laborum perspiciatis.,,Araújo do Oeste,APROVADA,2026-07-23T07:52:07,2026-07-23T10:29:07,2026-07-25T23:19:00,batch_002
3c4f03e2-e4a4-4f54-8f1f-7361abcf1bc0,949,,TED,11804.36,BRL,Temporibus fugit quisquam.,,Siqueira,APROVADA,2026-07-24T12:11:31,2026-07-24T14:50:31,2026-07-25T23:19:00,batch_002
f9f1fe22-7d13-469d-b43d-589917b0fda7,161,,PIX,13778.21,BRL,Esse id cupiditate quasi vitae sequi.,,Leão da Serra,APROVADA,2026-07-24T22:35:03,2026-07-25T00:40:03,2026-07-25T23:19:00,batch_002
86fa00ca-d39c-4360-a2cf-ef52842bf793,1157,,PIX,561.3,BRL,In eaque reiciendis omnis laboriosam.,,da Luz,APROVADA,2026-07-23T11:45:51,2026-07-23T13:41:51,2026-07-25T23:19:00,batch_002
68133aac-d260-412a-b065-6ce736410f86,214,,BOLETO,13512.3,BRL,Quam enim quis corrupti porro beatae.,,Dias da Prata,NEGADA,2026-07-22T20:02:02,2026-07-22T21:05:02,2026-07-25T23:19:00,batch_002
a316cbd2-0445-465b-b1e4-c9a3195e17e9,1102,329.0,CARTAO,1968.45,BRL,Est quos earum nisi.,Lima - ME,Sampaio de Silva,APROVADA,2026-07-24T03:00:43,2026-07-24T05:44:43,2026-07-25T23:19:00,batch_002
d8d12d23-9de4-45d0-be95-ba93b3b0610d,516,,SAQUE,18271.46,BRL,Dolor officia nam.,,Cassiano da Prata,APROVADA,2026-07-20T15:34:37,2026-07-20T15:40:37,2026-07-25T23:19:00,batch_002
328f1818-1407-41cc-82ca-766a0868ad18,880,,TED,4193.74,BRL,Officia voluptatum quam quidem omnis voluptatem necessitatibus.,,Peixoto,APROVADA,2026-07-25T07:02:13,2026-07-25T09:00:13,2026-07-25T23:19:00,batch_002
a1de2e11-96ec-43b3-b52a-97367636d91e,1127,417.0,CARTAO,16243.11,BRL,Voluptate modi laboriosam eligendi eveniet quo.,Azevedo S/A,Cunha,APROVADA,2026-07-20T03:17:43,2026-07-20T03:56:43,2026-07-25T23:19:00,batch_002
5369f351-461d-4ad0-8abe-92c8fb9fc919,1182,,PIX,5426.64,BRL,Dolorum cum magni illum hic.,,da Luz,APROVADA,2026-07-24T19:17:42,2026-07-24T22:09:42,2026-07-25T23:19:00,batch_002
9176a670-5dbb-4da4-8064-f1254051d08b,1203,,BOLETO,17405.48,BRL,Expedita quibusdam recusandae.,,Duarte de Novais,APROVADA,2026-07-24T12:42:36,2026-07-24T13:36:36,2026-07-25T23:19:00,batch_002
cf15c205-b504-4d23-baac-c6368cf399c4,455,,TED,14227.69,BRL,Nemo eveniet ex corrupti eaque qui.,,da Mota,APROVADA,2026-07-22T12:02:18,2026-07-22T13:16:18,2026-07-25T23:19:00,batch_002
48bb02aa-4b4f-48e7-9543-25b4e7a79149,547,,PIX,19775.98,BRL,At perferendis expedita earum.,,Martins,APROVADA,2026-07-22T01:22:24,2026-07-22T01:56:24,2026-07-25T23:19:00,batch_002
6ba2d70b-500f-4700-bbcf-fc0350bf3260,381,357.0,CARTAO,2650.05,BRL,Rerum rem est sed.,Cassiano,Azevedo,APROVADA,2026-07-19T09:17:04,2026-07-19T11:13:04,2026-07-25T23:19:00,batch_002
5a3ff4ba-70a1-4714-b96f-ef4d64224247,1043,,BOLETO,13942.28,BRL,Debitis culpa nihil.,,da Luz,APROVADA,2026-07-22T21:10:04,2026-07-22T23:04:04,2026-07-25T23:19:00,batch_002
8ab5cc0d-c075-4a4d-b3bb-a2a4e913d196,185,,SAQUE,4018.97,BRL,Ducimus quos quibusdam odio.,,Garcia,APROVADA,2026-07-19T09:12:37,2026-07-19T10:40:37,2026-07-25T23:19:00,batch_002
8ebabe1e-7739-4f9b-99c9-fee565e2ca72,840,,TED,7635.39,BRL,Laudantium ratione incidunt tempora dolorem odit.,,Cavalcanti de Goiás,APROVADA,2026-07-22T16:59:54,2026-07-22T17:35:54,2026-07-25T23:19:00,batch_002
d37d5625-288d-4494-9dfd-86003601b7f0,1110,,CARTAO,6446.04,BRL,Quia iste sequi facere magnam.,Casa Grande e Filhos,Cavalcante Verde,APROVADA,2026-07-24T13:51:01,2026-07-24T16:29:01,2026-07-25T23:19:00,batch_002
545b247e-acf1-454c-a285-f7cd55943d50,564,,PIX,7086.35,BRL,Quidem veniam quis.,,Viana,APROVADA,2026-07-23T09:31:39,2026-07-23T11:53:39,2026-07-25T23:19:00,batch_002
aa7c34e6-981e-4854-9fc1-136ec2479edf,1133,,SAQUE,9095.08,BRL,Corrupti tenetur molestias.,,da Rosa das Flores,APROVADA,2026-07-24T01:32:08,2026-07-24T02:57:08,2026-07-25T23:19:00,batch_002
5b12b595-fffd-4369-bc88-e0a3cd954e36,503,,SAQUE,18045.88,BRL,Ratione beatae delectus nam.,,Macedo,APROVADA,2026-07-20T07:49:23,2026-07-20T10:20:23,2026-07-25T23:19:00,batch_002
d5e9cfed-7dc9-4257-8862-56f65f6b0b84,844,,SAQUE,7123.53,BRL,Laudantium rerum ipsam.,,Novaes,APROVADA,2026-07-22T11:21:20,2026-07-22T12:57:20,2026-07-25T23:19:00,batch_002
f4edaaa9-b88a-4dc5-8f74-b9fa48f0530d,156,,SAQUE,13311.29,BRL,Quidem suscipit officiis architecto corrupti.,,Costela,APROVADA,2026-07-22T14:08:18,2026-07-22T15:11:18,2026-07-25T23:19:00,batch_002
5c8628ad-26eb-43bf-b406-d4f64770da51,965,,TED,10949.44,BRL,Mollitia minima similique non odit.,,Cunha,APROVADA,2026-07-23T23:54:10,2026-07-24T02:18:10,2026-07-25T23:19:00,batch_002
9dccbd5a-2efe-43b4-b72a-5ccde483b8f6,782,,BOLETO,8903.09,BRL,Quas maiores temporibus quam.,,Nascimento,APROVADA,2026-07-23T08:19:26,2026-07-23T08:54:26,2026-07-25T23:19:00,batch_002
6f23afb6-a1f2-4f21-896b-5dd699d3ee00,1031,,TED,16785.47,BRL,Sunt quas reiciendis provident numquam.,,das Neves,APROVADA,2026-07-24T14:52:35,2026-07-24T15:00:35,2026-07-25T23:19:00,batch_002
5b0c79d4-b3f3-4a85-9c81-2927247ff5f7,485,,SAQUE,4456.58,BRL,Nobis expedita quas.,,Viana de Silveira,NEGADA,2026-07-22T18:11:15,2026-07-22T20:24:15,2026-07-25T23:19:00,batch_002
266a19f2-f8b8-48b1-9444-4d89b0a67048,110,,BOLETO,12379.25,BRL,Quasi est molestiae.,,Sampaio de Minas,APROVADA,2026-07-22T22:32:51,2026-07-23T01:13:51,2026-07-25T23:19:00,batch_002
a94cf64d-9130-4a73-a7ac-bda88b92e5da,1145,574.0,CARTAO,7056.16,BRL,Eius debitis harum iusto blanditiis.,Moura Ltda.,Silveira,APROVADA,2026-07-21T19:09:05,2026-07-21T19:34:05,2026-07-25T23:19:00,batch_002
55d15b63-93af-4fcb-bf55-aa370cef8bf2,890,,TED,4998.03,BRL,Adipisci facilis nulla.,,Martins de Rezende,APROVADA,2026-07-21T13:30:06,2026-07-21T14:01:06,2026-07-25T23:19:00,batch_002
c88e5686-f0e5-4a06-8e6b-ad6baa7eafc1,940,,SAQUE,859.81,BRL,Fugiat at reprehenderit repudiandae ipsum non.,,Fogaça de Correia,APROVADA,2026-07-20T08:28:31,2026-07-20T11:06:31,2026-07-25T23:19:00,batch_002
