conta_id,cliente_id,agencia,numero_conta,tipo_conta,saldo,limite_credito,status_conta,data_abertura,updated_at
1,939,9439,42802530,PAGAMENTO,88682.45,33626.6,ATIVA,2020-03-31,2020-03-31T14:32:21
2,310,2348,88612212,PAGAMENTO,31209.02,15025.05,ATIVA,2021-10-09,2021-10-09T15:53:45
3,972,9694,98678499,CORRENTE,92963.95,21360.03,ATIVA,2024-12-09,2024-12-09T14:18:49
4,996,5643,86344421,PAGAMENTO,55626.08,26223.15,ATIVA,2025-12-31,2025-12-31T22:59:48
5,419,2445,40250353,POUPANCA,25541.54,26896.41,ATIVA,2023-03-27,2023-03-27T13:34:26
6,231,4928,94969351,CORRENTE,120380.86,45737.06,ATIVA,2019-11-30,2019-11-30T14:24:49
7,992,6825,74797763,PAGAMENTO,17949.14,12142.93,ATIVA,2026-05-10,2026-05-10T03:58:27
8,663,1296,60369366,POUPANCA,11600.76,36229.24,ATIVA,2024-09-12,2024-09-12T16:41:29
9,275,6180,90418715,PAGAMENTO,89445.61,43681.02,ATIVA,2024-11-20,2024-11-20T14:38:10
10,780,9627,97214604,PAGAMENTO,82724.7,23969.71,ATIVA,2020-04-02,2020-04-02T09:23:19
11,341,4968,02058056,CORRENTE,140416.86,48103.88,ATIVA,2024-07-15,2024-07-15T13:50:48
12,773,7847,32560306,PAGAMENTO,89671.23,10225.66,INATIVA,2021-07-16,2021-07-16T13:16:11
13,566,5270,37991563,POUPANCA,68603.2,32436.07,ATIVA,2022-04-28,2022-04-28T11:25:17
14,369,8402,66743429,POUPANCA,12537.76,49065.92,ATIVA,2020-05-12,2020-05-12T14:39:39
15,860,5247,27263311,POUPANCA,45220.61,2285.77,ATIVA,2020-03-25,2020-03-25T20:15:14
16,760,2391,02176999,POUPANCA,81880.01,29201.59,ATIVA,2023-08-15,2023-08-15T03:28:43
17,303,2498,26332416,POUPANCA,32577.84,28489.48,ATIVA,2025-03-24,2025-03-24T02:48:10
18,564,5531,34537813,POUPANCA,144892.51,32084.72,ATIVA,2022-02-26,2022-02-26T03:18:44
19,173,5771,22718460,CORRENTE,107347.81,24415.82,INATIVA,2022-06-29,2022-06-29T02:52:49
20,556,0963,70322630,CORRENTE,125457.95,3716.52,ATIVA,2022-08-09,2022-08-09T22:27:50
21,50,0105,55350348,CORRENTE,125988.07,11571.67,ATIVA,2022-03-23,2022-03-23T16:50:31
22,10,3584,67878324,POUPANCA,54413.11,30891.76,ATIVA,2025-12-29,2025-12-29T11:20:12
23,632,7917,88487647,POUPANCA,-100.91,26610.62,ATIVA,2025-05-21,2025-05-21T05:14:41
24,18,8674,96931067,POUPANCA,79200.06,14334.43,ATIVA,2021-06-08,2021-06-08T13:16:34
25,715,7055,24060789,CORRENTE,137502.45,26219.27,ATIVA,2025-06-03,2025-06-03T19:26:28
26,635,8626,33878997,POUPANCA,38267.02,19844.82,ATIVA,2023-06-05,2023-06-05T01:20:52
27,416,7521,75833310,CORRENTE,148510.54,11292.86,ATIVA,2025-07-04,2025-07-04T13:37:43
28,869,1321,87742923,PAGAMENTO,113336.84,4675.03,ATIVA,2019-10-31,2019-10-31T09:06:13
29,566,7799,07531620,PAGAMENTO,-1058.85,8569.18,ATIVA,2026-01-26,2026-01-26T15:38:21
30,445,5428,75947991,CORRENTE,133955.66,45957.61,ATIVA,2023-02-13,2023-02-13T14:12:22
31,923,9287,63820569,POUPANCA,4600.7,3717.4,INATIVA,2020-09-19,2020-09-19T22:20:31
32,921,8898,75633014,PAGAMENTO,2517.52,46438.32,ATIVA,2023-08-06,2023-08-06T15:54:11
33,985,3395,78790653,CORRENTE,112218.81,35635.57,ATIVA,2021-02-24,2021-02-24T15:37:08
34,79,4904,21803704,PAGAMENTO,34172.01,41732.53,ATIVA,2024-03-10,2024-03-10T20:46:02
35,919,8857,44524026,POUPANCA,112730.41,6997.53,ENCERRADA,2020-06-24,2020-06-24T18:07:06
36,742,1285,67215279,PAGAMENTO,146084.31,2684.82,ATIVA,2023-02-06,2023-02-06T22:11:49
37,859,1246,45713585,PAGAMENTO,114773.36,47742.92,ATIVA,2023-06-10,2023-06-10T20:56:15
38,793,5348,03976289,PAGAMENTO,39182.37,49629.29,ATIVA,2021-04-07,2021-04-07T00:46:58
39,365,9061,50388959,POUPANCA,25825.02,29293.76,ATIVA,2021-09-02,2021-09-02T02:09:06
40,791,4840,33077930,PAGAMENTO,8709.77,13398.6,ATIVA,2023-04-30,2023-04-30T08:19:19
41,803,2528,99274853,POUPANCA,45793.43,5327.55,ATIVA,2021-09-10,2021-09-10T13:38:42
42,316,7287,48307309,POUPANCA,13090.29,4364.86,ATIVA,2022-11-04,2022-11-04T06:47:39
43,571,9089,68778647,POUPANCA,13252.17,4480.94,ATIVA,2020-05-17,2020-05-17T21:31:24
44,612,9799,43544302,POUPANCA,-618.06,20690.5,ATIVA,2020-10-04,2020-10-04T11:39:47
45,743,9168,32580350,PAGAMENTO,76968.44,34265.8,ATIVA,2020-04-21,2020-04-21T04:18:22
46,276,4934,36024951,POUPANCA,19755.06,8360.37,ATIVA,2025-03-31,2025-03-31T01:43:14
47,307,7934,10324211,POUPANCA,35884.21,12329.5,ATIVA,2022-04-07,2022-04-07T14:27:32
48,609,3204,61453149,CORRENTE,18162.15,338.37,ATIVA,2023-08-12,2023-08-12T00:15:35
49,862,6225,44230341,POUPANCA,48547.27,40773.77,ATIVA,2022-10-01,2022-10-01T23:29:39
50,998,9739,18270318,POUPANCA,46401.44,47363.95,ATIVA,2023-03-02,2023-03-02T01:21:24
51,322,2911,53450812,POUPANCA,41945.84,34747.89,ATIVA,2025-09-06,2025-09-06T13:59:11
52,590,3972,43739711,POUPANCA,40245.77,39293.33,ATIVA,2025-09-15,2025-09-15T04:40:25
53,955,9239,26816709,PAGAMENTO,149582.9,8996.36,ATIVA,2026-01-19,2026-01-19T06:44:46
54,28,7564,95075417,CORRENTE,64364.38,14566.56,ATIVA,2025-12-02,2025-12-02T15:26:31
55,839,6704,90325532,POUPANCA,18724.82,15141.63,ATIVA,2020-12-25,2020-12-25T11:22:01
56,158,6933,50598852,CORRENTE,65982.67,29896.69,ATIVA,2026-01-14,2026-01-14T18:55:47
57,548,8301,92839593,POUPANCA,80405.89,39536.05,ATIVA,2023-03-08,2023-03-08T23:09:31
58,917,8797,79701164,PAGAMENTO,136946.19,5468.47,ATIVA,2021-10-02,2021-10-02T18:39:46
59,681,5817,22325575,PAGAMENTO,90933.38,28161.01,ATIVA,2020-06-05,2020-06-05T15:32:53
60,663,6548,44506156,POUPANCA,13656.54,4930.33,ATIVA,2021-01-16,2021-01-16T06:20:32
61,765,8500,74892609,PAGAMENTO,102368.82,11051.59,ATIVA,2025-12-21,2025-12-21T13:50:01
62,475,9644,92668927,PAGAMENTO,20488.6,49885.14,ATIVA,2023-03-05,2023-03-05T14:06:13
63,303,6816,11523237,CORRENTE,124275.96,36507.54,ATIVA,2019-10-23,2019-10-23T14:26:45
64,352,7461,27765263,PAGAMENTO,71146.21,23808.13,ATIVA,2023-12-08,2023-12-08T06:47:53
65,714,7413,42803306,CORRENTE,43290.27,40509.3,ATIVA,2021-10-03,2021-10-03T10:21:18
66,870,5621,86969051,CORRENTE,100763.75,8217.7,ENCERRADA,2024-01-14,2024-01-14T15:20:32
67,250,8455,23414717,PAGAMENTO,21920.7,27992.45,BLOQUEADA,2020-07-28,2020-07-28T12:59:51
68,238,6637,84525000,CORRENTE,25924.01,32865.4,ATIVA,2023-11-30,2023-11-30T10:02:17
69,756,3233,60340937,PAGAMENTO,63006.81,222.5,ATIVA,2026-03-25,2026-03-25T15:34:28
70,286,1026,77490325,CORRENTE,119424.11,26844.45,ATIVA,2025-02-19,2025-02-19T07:25:50
71,202,7497,15294778,POUPANCA,99781.97,24474.2,BLOQUEADA,2023-04-29,2023-04-29T18:25:19
72,321,9781,52162279,PAGAMENTO,57362.96,5711.6,ATIVA,2022-11-25,2022-11-25T23:32:20
73,469,2827,90407567,PAGAMENTO,119593.54,45934.13,ATIVA,2020-12-03,2020-12-03T17:13:43
74,689,2195,42035080,CORRENTE,33882.34,5847.45,ATIVA,2019-09-08,2019-09-08T03:25:24
75,145,8370,52138658,POUPANCA,88454.94,28740.3,ATIVA,2024-07-29,2024-07-29T17:30:06
76,499,8805,93070992,PAGAMENTO,139430.98,8661.74,ATIVA,2024-11-07,2024-11-07T00:31:59
77,296,2299,25111947,POUPANCA,125902.75,30970.5,ATIVA,2020-01-26,2020-01-26T05:57:44
78,975,0158,65043109,CORRENTE,27257.09,19197.21,ATIVA,2023-03-04,2023-03-04T06:53:48
79,669,8110,54913083,PAGAMENTO,72488.2,35507.12,ATIVA,2024-06-03,2024-06-03T09:13:12
80,172,1355,75886409,CORRENTE,118871.84,11026.48,ATIVA,2021-07-22,2021-07-22T10:16:41
81,231,8809,38744674,CORRENTE,116562.88,28282.52,ATIVA,2020-04-11,2020-04-11T18:10:23
82,508,9007,68559219,CORRENTE,84838.89,13394.45,ATIVA,2024-09-12,2024-09-12T07:39:24
83,376,8881,05584870,PAGAMENTO,64808.4,10927.1,ATIVA,2023-03-27,2023-03-27T20:55:02
84,754,4056,39957817,CORRENTE,66084.18,17428.85,ATIVA,2021-08-11,2021-08-11T11:47:19
85,450,1924,31802362,CORRENTE,121132.16,29396.19,ATIVA,2019-09-26,2019-09-26T23:26:22
86,728,9999,84929037,POUPANCA,22812.2,6961.75,ATIVA,2026-04-15,2026-04-15T00:59:04
87,212,0973,76514084,POUPANCA,78672.82,29842.88,ATIVA,2021-07-25,2021-07-25T00:09:59
88,721,4795,38833651,PAGAMENTO,38269.82,42900.84,ENCERRADA,2024-10-28,2024-10-28T19:05:21
89,696,1561,18198435,POUPANCA,137612.23,49624.31,ATIVA,2024-08-25,2024-08-25T07:35:27
90,130,2175,33511113,CORRENTE,105987.71,41424.09,ATIVA,2022-06-04,2022-06-04T06:53:11
91,693,6435,65694039,CORRENTE,85557.39,13435.86,ATIVA,2020-03-11,2020-03-11T10:21:28
92,463,1238,85044079,CORRENTE,58934.74,37490.12,ATIVA,2023-04-10,2023-04-10T08:28:27
93,899,6047,61028217,POUPANCA,47411.62,123.65,ATIVA,2025-11-25,2025-11-25T02:06:10
94,751,1527,98104024,POUPANCA,94313.18,34864.45,ATIVA,2023-10-08,2023-10-08T07:33:10
95,815,8757,53380521,CORRENTE,145139.61,41242.38,ATIVA,2020-01-26,2020-01-26T13:49:56
96,331,4647,45332730,PAGAMENTO,85634.88,28307.11,ATIVA,2022-03-17,2022-03-17T19:10:50
97,352,0794,06166356,CORRENTE,92992.38,41835.11,ATIVA,2022-06-02,2022-06-02T22:03:22
98,952,2589,59228398,POUPANCA,-2396.92,47901.59,ATIVA,2019-11-04,2019-11-04T05:13:39
99,706,2162,87241148,POUPANCA,21744.06,46636.28,ATIVA,2025-08-16,2025-08-16T06:06:18
100,671,5906,33606681,CORRENTE,54206.17,45190.01,ATIVA,2022-05-16,2022-05-16T08:15:43
101,406,5006,97440509,PAGAMENTO,112672.9,21461.55,ATIVA,2025-09-12,2025-09-12T16:16:03
102,98,0018,28644906,POUPANCA,9385.66,29683.97,ATIVA,2024-10-19,2024-10-19T17:16:13
103,456,0153,01082140,PAGAMENTO,49895.06,6029.69,ATIVA,2026-07-21,2026-07-21T14:49:07
104,711,2166,64115842,CORRENTE,32414.4,4466.55,ATIVA,2024-08-01,2024-08-01T21:22:35
105,106,5134,49333295,POUPANCA,18412.22,38673.02,ATIVA,2024-02-27,2024-02-27T13:14:12
106,137,2341,09182051,PAGAMENTO,83401.91,30515.96,ATIVA,2020-10-12,2020-10-12T01:42:38
107,360,3491,84299476,PAGAMENTO,20584.55,20585.49,ATIVA,2026-07-19,2026-07-19T16:48:27
108,881,3560,11635071,CORRENTE,18852.0,6157.86,ATIVA,2020-08-17,2020-08-17T18:44:49
109,360,7036,42211968,CORRENTE,35287.42,32231.03,ATIVA,2025-04-29,2025-04-29T05:03:37
110,616,9831,96795093,PAGAMENTO,40950.42,47063.96,ATIVA,2025-07-21,2025-07-21T05:23:14
111,868,4943,27574458,PAGAMENTO,90056.35,9432.33,ATIVA,2025-09-20,2025-09-20T08:32:50
112,662,0895,32123816,POUPANCA,56347.55,12054.09,ATIVA,2023-02-16,2023-02-16T08:51:59
113,73,8656,01619607,POUPANCA,139923.47,6599.14,ATIVA,2023-04-25,2023-04-25T12:50:47
114,583,6896,49044831,PAGAMENTO,101648.66,38136.3,BLOQUEADA,2021-07-02,2021-07-02T07:17:27
115,789,1196,02240014,PAGAMENTO,7798.72,13109.26,ATIVA,2025-04-27,2025-04-27T17:12:19
116,62,6521,67996125,POUPANCA,93357.03,25052.45,ATIVA,2026-05-27,2026-05-27T16:43:24
117,719,6591,11063274,PAGAMENTO,79326.13,30802.35,ATIVA,2020-05-31,2020-05-31T20:18:46
118,318,1295,68626155,CORRENTE,146082.79,7768.86,ATIVA,2021-01-14,2021-01-14T12:51:03
119,601,1084,41630245,PAGAMENTO,64216.62,47671.4,ATIVA,2026-01-13,2026-01-13T08:30:59
120,251,1413,58315401,CORRENTE,66639.21,30441.62,ATIVA,2021-05-25,2021-05-25T05:47:30
121,760,2878,16031370,CORRENTE,105454.84,35074.98,ATIVA,2021-12-13,2021-12-13T10:48:17
122,976,5681,70196592,PAGAMENTO,116905.53,36038.28,ATIVA,2026-03-19,2026-03-19T18:32:07
123,130,4404,98372983,CORRENTE,115143.12,1467.81,ATIVA,2021-07-07,2021-07-07T05:40:46
124,279,8583,08572754,POUPANCA,106129.3,28832.58,ATIVA,2026-02-28,2026-02-28T08:50:20
125,467,8369,48335012,CORRENTE,73690.53,28344.31,ATIVA,2024-01-31,2024-01-31T02:17:33
126,262,1686,77029206,PAGAMENTO,107723.7,11420.22,ATIVA,2024-04-17,2024-04-17T21:14:13
127,46,0202,32823141,CORRENTE,69444.1,19148.97,ATIVA,2024-01-29,2024-01-29T18:44:34
128,954,0580,74204256,PAGAMENTO,110451.54,20968.47,ATIVA,2019-11-22,2019-11-22T20:02:17
129,427,5242,36407627,CORRENTE,84659.23,5970.05,ATIVA,2022-03-11,2022-03-11T00:01:01
130,54,2939,29955392,PAGAMENTO,147165.61,47703.97,ATIVA,2023-11-02,2023-11-02T04:49:17
131,477,4626,41701150,POUPANCA,10673.79,22837.31,ATIVA,2022-06-29,2022-06-29T13:02:28
132,299,9238,40790017,PAGAMENTO,92464.42,23196.33,ATIVA,2020-05-02,2020-05-02T07:26:28
133,506,3202,98309565,PAGAMENTO,113473.54,12256.34,ATIVA,2025-02-27,2025-02-27T06:54:44
134,420,0392,31272428,PAGAMENTO,50329.61,41978.7,ATIVA,2022-01-17,2022-01-17T17:31:06
135,974,5489,00196232,PAGAMENTO,54881.91,36904.13,ATIVA,2025-02-04,2025-02-04T10:16:31
136,211,8681,31966314,POUPANCA,72534.4,2994.75,ENCERRADA,2020-11-10,2020-11-10T07:44:30
137,729,4585,12485825,CORRENTE,137994.35,44864.37,ATIVA,2020-01-19,2020-01-19T22:51:32
138,718,6103,61533195,PAGAMENTO,10447.62,4778.85,ATIVA,2020-10-19,2020-10-19T13:29:18
139,840,6462,10043578,PAGAMENTO,84092.66,21749.14,BLOQUEADA,2022-09-15,2022-09-15T15:41:34
140,243,4779,35029611,POUPANCA,138721.4,19647.63,ATIVA,2024-09-25,2024-09-25T16:14:27
141,335,5212,60768131,POUPANCA,33125.71,47177.73,ATIVA,2026-07-04,2026-07-04T05:33:30
142,789,9580,14626087,CORRENTE,13612.81,22478.34,ATIVA,2021-08-17,2021-08-17T01:27:28
143,124,8781,48088527,CORRENTE,66417.35,23167.33,ATIVA,2022-12-22,2022-12-22T08:04:06
144,93,2583,92080723,POUPANCA,123523.97,34843.9,ATIVA,2022-02-05,2022-02-05T10:58:08
145,856,5371,19907684,CORRENTE,105951.5,48420.0,ATIVA,2022-09-06,2022-09-06T05:47:35
146,51,4897,34918996,CORRENTE,2240.02,20219.61,ATIVA,2019-12-16,2019-12-16T19:39:20
147,767,9014,33534653,CORRENTE,67961.6,40194.84,ATIVA,2025-05-06,2025-05-06T11:42:44
148,13,1011,29835009,CORRENTE,27715.29,20029.09,ATIVA,2020-10-18,2020-10-18T00:26:02
149,961,1377,78158178,PAGAMENTO,36970.15,40637.35,ATIVA,2024-04-08,2024-04-08T07:50:40
150,67,3240,86702894,POUPANCA,120918.05,4598.93,ATIVA,2021-01-22,2021-01-22T04:20:40
151,829,5433,16445385,CORRENTE,141197.8,2531.89,INATIVA,2026-03-31,2026-03-31T13:02:20
152,444,6472,66588958,CORRENTE,55866.24,21333.2,ATIVA,2025-09-16,2025-09-16T13:20:29
153,931,3067,36907429,POUPANCA,65516.74,7431.57,ATIVA,2021-08-02,2021-08-02T07:38:01
154,632,4027,86876237,POUPANCA,73580.97,44138.93,ATIVA,2020-06-22,2020-06-22T22:22:47
155,90,4584,51407441,CORRENTE,61433.31,32132.63,ATIVA,2021-08-29,2021-08-29T13:34:38
156,256,8908,02621270,POUPANCA,116742.15,17955.61,ATIVA,2021-09-26,2021-09-26T15:17:27
157,497,5637,75920408,PAGAMENTO,46544.67,13521.78,ATIVA,2020-09-09,2020-09-09T23:53:39
158,612,3589,03933044,POUPANCA,6435.16,49576.57,ATIVA,2023-07-29,2023-07-29T19:34:37
159,786,9569,31240804,CORRENTE,12770.49,32843.22,ATIVA,2022-08-23,2022-08-23T09:32:14
160,836,0917,29448925,PAGAMENTO,126592.03,39869.53,ATIVA,2026-02-02,2026-02-02T14:39:19
161,860,2847,23635792,CORRENTE,87859.23,40310.51,ATIVA,2022-09-21,2022-09-21T05:01:24
162,936,9693,03785822,PAGAMENTO,104335.52,47377.94,ATIVA,2023-04-28,2023-04-28T04:14:33
163,577,3085,66065553,PAGAMENTO,44630.59,24521.82,ATIVA,2022-10-14,2022-10-14T13:06:21
164,239,9858,29368040,CORRENTE,77783.4,34.17,INATIVA,2023-07-14,2023-07-14T19:59:37
165,207,2138,45735905,PAGAMENTO,24562.63,40121.22,ATIVA,2021-02-19,2021-02-19T10:58:26
166,61,0360,19825572,PAGAMENTO,104966.19,7082.63,ATIVA,2024-09-21,2024-09-21T05:44:52
167,539,5979,09735028,POUPANCA,104942.05,33106.98,ATIVA,2024-10-01,2024-10-01T08:29:04
168,345,4945,43299070,CORRENTE,146318.75,36617.6,ATIVA,2020-02-09,2020-02-09T21:21:37
169,655,7983,87131501,POUPANCA,24065.91,48437.14,ATIVA,2020-07-02,2020-07-02T15:55:44
170,952,5847,29962392,PAGAMENTO,87314.9,8767.58,ATIVA,2025-09-04,2025-09-04T01:52:05
171,706,4826,17092409,CORRENTE,108646.72,47439.41,BLOQUEADA,2022-05-20,2022-05-20T09:35:27
172,401,9298,04346339,CORRENTE,89364.27,46051.91,BLOQUEADA,2022-01-20,2022-01-20T23:58:51
173,227,9266,13973439,POUPANCA,18948.11,37267.17,ATIVA,2024-08-02,2024-08-02T19:31:40
174,328,2751,85387543,CORRENTE,122803.43,33501.23,ATIVA,2019-10-09,2019-10-09T17:32:57
175,344,7318,01529495,POUPANCA,29476.85,34658.8,ATIVA,2025-12-06,2025-12-06T18:07:13
176,806,1771,96692276,CORRENTE,4842.49,21911.01,ATIVA,2021-12-28,2021-12-28T11:44:32
177,171,6784,66180345,POUPANCA,51062.75,18767.38,ATIVA,2024-11-29,2024-11-29T14:57:43
178,808,9471,87371656,PAGAMENTO,31901.37,22564.37,ATIVA,2021-10-07,2021-10-07T05:29:28
179,35,4832,02694824,POUPANCA,37321.98,5236.25,ATIVA,2021-03-20,2021-03-20T06:43:41
180,910,6152,21596236,PAGAMENTO,8937.87,47091.71,ENCERRADA,2020-04-15,2020-04-15T14:58:42
181,347,9733,82362001,POUPANCA,104936.96,21566.17,ATIVA,2024-01-01,2024-01-01T00:36:46
182,622,7114,21086113,CORRENTE,12941.82,10277.52,ATIVA,2025-07-31,2025-07-31T15:07:05
183,714,9079,96910314,PAGAMENTO,79869.13,33029.89,ATIVA,2021-04-17,2021-04-17T08:51:24
184,99,0814,52734443,PAGAMENTO,81323.55,24547.41,ATIVA,2025-01-25,2025-01-25T03:00:20
185,4,7006,11761280,POUPANCA,123144.34,31254.55,ATIVA,2022-02-09,2022-02-09T17:28:20
186,100,0422,27776760,CORRENTE,94824.08,48852.88,ATIVA,2021-09-06,2021-09-06T01:39:34
187,119,5053,53347165,POUPANCA,72087.26,33052.0,ATIVA,2023-04-10,2023-04-10T12:21:18
188,558,6350,24814338,POUPANCA,132537.64,18470.08,ATIVA,2024-10-18,2024-10-18T03:22:27
189,270,7205,62419023,POUPANCA,32001.95,13428.1,ATIVA,2022-09-25,2022-09-25T15:24:27
190,771,1585,11503441,PAGAMENTO,49928.19,27072.45,ENCERRADA,2021-06-24,2021-06-24T09:52:59
191,604,3728,74303191,CORRENTE,125721.57,40920.26,ATIVA,2026-05-01,2026-05-01T23:03:14
192,549,7780,76868411,CORRENTE,70130.0,3947.75,INATIVA,2020-04-13,2020-04-13T23:52:18
193,732,0569,67390919,PAGAMENTO,134819.4,40022.52,ATIVA,2019-11-21,2019-11-21T18:25:14
194,636,2416,16143960,POUPANCA,23864.04,49218.4,ENCERRADA,2025-05-25,2025-05-25T14:35:41
195,828,3158,16936399,CORRENTE,62064.67,49414.0,ATIVA,2025-02-13,2025-02-13T15:03:59
196,843,2423,79865945,POUPANCA,46261.8,36355.15,ATIVA,2020-11-24,2020-11-24T09:29:10
197,90,6359,74673940,POUPANCA,81688.26,42831.21,ATIVA,2025-03-20,2025-03-20T17:32:38
198,940,0203,94007724,PAGAMENTO,87105.35,39084.28,ATIVA,2024-07-17,2024-07-17T14:43:13
199,154,2429,76046950,PAGAMENTO,86358.26,48241.58,ATIVA,2023-09-06,2023-09-06T10:18:00
200,109,9220,13554708,POUPANCA,129789.98,44006.79,ATIVA,2023-09-05,2023-09-05T22:00:28
201,271,6276,87884114,POUPANCA,84733.54,23652.33,ATIVA,2020-07-29,2020-07-29T01:58:30
202,413,2357,82979371,PAGAMENTO,101323.96,20085.99,ATIVA,2025-05-02,2025-05-02T09:25:06
203,901,5432,92679188,CORRENTE,5016.87,23760.91,ATIVA,2025-01-11,2025-01-11T12:24:53
204,382,0332,45347618,POUPANCA,44919.77,42142.33,ATIVA,2020-06-23,2020-06-23T08:31:38
205,702,1610,30595927,CORRENTE,43323.27,37186.18,ATIVA,2022-04-17,2022-04-17T15:30:35
206,329,4415,97817802,POUPANCA,89759.32,4464.34,ATIVA,2019-09-13,2019-09-13T08:59:43
207,936,6672,99447928,POUPANCA,113322.73,43359.45,ATIVA,2023-01-13,2023-01-13T21:35:25
208,528,2605,08806961,POUPANCA,105709.33,20169.26,ATIVA,2020-10-25,2020-10-25T05:46:19
209,537,9318,03885357,CORRENTE,26896.43,41646.5,ATIVA,2025-05-18,2025-05-18T06:54:54
210,256,0542,61263504,CORRENTE,137499.74,35231.7,ATIVA,2024-07-15,2024-07-15T09:50:21
211,844,7606,67796915,POUPANCA,94400.0,6193.64,ATIVA,2020-07-16,2020-07-16T14:57:53
212,382,8009,79731182,POUPANCA,24581.51,43524.04,ATIVA,2025-04-16,2025-04-16T16:20:10
213,359,5641,21946426,POUPANCA,111716.57,34442.53,ATIVA,2023-07-18,2023-07-18T09:05:17
214,396,0814,21865062,PAGAMENTO,116424.1,10715.93,ATIVA,2024-09-16,2024-09-16T19:43:28
215,231,3388,36115787,PAGAMENTO,59949.85,1002.62,ATIVA,2020-08-22,2020-08-22T07:56:15
216,786,0146,63632250,CORRENTE,96224.16,30057.1,ATIVA,2022-11-18,2022-11-18T10:29:04
217,259,9968,40998107,PAGAMENTO,144971.23,32137.02,ATIVA,2026-03-21,2026-03-21T16:21:56
218,386,5714,61605672,POUPANCA,30776.88,15107.25,ATIVA,2022-06-15,2022-06-15T19:08:36
219,639,6507,78448539,CORRENTE,-1379.5,49971.47,BLOQUEADA,2026-06-12,2026-06-12T10:41:00
220,860,6132,75357499,PAGAMENTO,88050.31,14133.84,ATIVA,2020-02-10,2020-02-10T20:19:04
221,494,1046,45135228,POUPANCA,95190.7,43074.58,ATIVA,2023-05-30,2023-05-30T08:04:27
222,729,4896,25281263,CORRENTE,76387.27,12015.1,ATIVA,2021-05-20,2021-05-20T00:15:18
223,878,9831,54237173,PAGAMENTO,46236.83,6996.48,ATIVA,2020-12-09,2020-12-09T17:52:51
224,510,4844,34819605,POUPANCA,59201.33,36836.6,ATIVA,2023-11-24,2023-11-24T10:05:59
225,586,3112,46059102,PAGAMENTO,106288.82,34315.91,ATIVA,2020-07-06,2020-07-06T20:06:54
226,488,5874,68090648,POUPANCA,126426.43,42031.93,ATIVA,2023-03-15,2023-03-15T01:12:45
227,186,4814,13100062,POUPANCA,17011.48,12932.59,ATIVA,2020-10-07,2020-10-07T03:35:34
228,782,3000,91229450,POUPANCA,97301.28,11112.68,ATIVA,2025-05-24,2025-05-24T11:10:53
229,893,5032,56434873,POUPANCA,54181.57,29278.53,ATIVA,2024-10-16,2024-10-16T02:39:24
230,121,7710,07204399,PAGAMENTO,86495.13,47215.05,ATIVA,2020-04-10,2020-04-10T08:14:33
231,911,3188,67172937,CORRENTE,129793.41,19083.46,ATIVA,2025-11-21,2025-11-21T16:39:02
232,56,2471,18436853,CORRENTE,49757.16,49359.58,INATIVA,2020-01-08,2020-01-08T17:44:37
233,469,2347,42464269,PAGAMENTO,25004.41,4040.57,ATIVA,2025-10-13,2025-10-13T21:42:07
234,182,5135,85161011,CORRENTE,-1781.19,13676.39,ATIVA,2023-11-06,2023-11-06T08:35:01
235,173,9442,21264802,POUPANCA,117244.66,38987.62,ATIVA,2023-09-23,2023-09-23T02:10:49
236,445,7036,54142557,POUPANCA,144712.5,19165.82,ATIVA,2021-07-05,2021-07-05T11:38:43
237,205,6113,01889399,POUPANCA,112919.28,26551.69,ATIVA,2026-07-17,2026-07-17T05:44:51
238,5,4077,30368870,PAGAMENTO,131240.23,15604.61,ATIVA,2024-10-29,2024-10-29T01:33:05
239,516,9645,41086073,CORRENTE,7456.27,2285.92,BLOQUEADA,2020-11-20,2020-11-20T18:44:26
240,467,8525,80043416,PAGAMENTO,49019.86,44398.7,ENCERRADA,2020-11-24,2020-11-24T05:35:27
241,351,8032,48217838,CORRENTE,22644.74,45344.71,ATIVA,2020-05-25,2020-05-25T14:35:09
242,20,3743,30107904,PAGAMENTO,147694.13,10559.51,ATIVA,2024-08-12,2024-08-12T20:39:43
243,517,2769,16530522,POUPANCA,105944.29,39606.36,ATIVA,2024-03-29,2024-03-29T21:45:08
244,656,4191,71770707,PAGAMENTO,4909.51,49734.01,ATIVA,2021-08-29,2021-08-29T03:49:01
245,670,0324,06474000,PAGAMENTO,15157.95,22215.71,ATIVA,2022-12-10,2022-12-10T22:35:18
246,259,7773,94203158,CORRENTE,28837.97,34287.0,ATIVA,2024-05-22,2024-05-22T12:23:34
247,431,1655,88916959,PAGAMENTO,38671.52,30281.72,ATIVA,2020-03-16,2020-03-16T21:46:11
248,851,1719,68663748,PAGAMENTO,91698.94,14135.34,ATIVA,2026-04-04,2026-04-04T22:23:44
249,510,3255,81738840,CORRENTE,116138.73,41574.94,ENCERRADA,2022-04-22,2022-04-22T12:33:32
250,367,6714,39641368,CORRENTE,3509.37,24817.74,ATIVA,2023-05-01,2023-05-01T13:31:53
251,956,7876,44372867,CORRENTE,-2082.46,33581.66,INATIVA,2021-06-02,2021-06-02T01:33:31
252,856,9407,89794604,POUPANCA,20244.54,4504.13,ATIVA,2025-05-06,2025-05-06T02:25:45
253,741,1660,34345257,PAGAMENTO,32751.94,49433.3,ATIVA,2023-06-26,2023-06-26T00:57:29
254,476,0821,13396126,CORRENTE,130806.42,42612.43,ATIVA,2023-04-08,2023-04-08T05:59:03
255,694,5124,57176109,PAGAMENTO,15174.91,42562.3,INATIVA,2026-03-08,2026-03-08T11:49:10
256,10,2268,89034005,PAGAMENTO,23503.12,17876.37,ATIVA,2023-09-07,2023-09-07T04:00:08
257,637,4396,98390715,CORRENTE,54324.88,17136.14,ATIVA,2020-07-14,2020-07-14T04:30:34
258,410,7480,36484820,POUPANCA,102710.12,23912.25,ATIVA,2026-02-20,2026-02-20T12:42:12
259,908,2733,15174195,CORRENTE,103665.91,2932.32,BLOQUEADA,2019-10-17,2019-10-17T21:04:16
260,164,1700,55838295,PAGAMENTO,71107.91,28447.17,ATIVA,2022-08-14,2022-08-14T14:44:21
261,626,6222,48130332,PAGAMENTO,1894.48,34223.21,ATIVA,2020-09-23,2020-09-23T15:33:47
262,997,2141,64837854,POUPANCA,14722.97,20564.21,ATIVA,2024-05-15,2024-05-15T07:23:48
263,268,5149,01658960,PAGAMENTO,129920.67,26240.9,ATIVA,2023-12-08,2023-12-08T17:55:51
264,742,9258,30062747,PAGAMENTO,130654.39,25954.98,ATIVA,2025-05-15,2025-05-15T13:38:55
265,634,1561,58095863,PAGAMENTO,108314.43,24096.48,ATIVA,2023-05-28,2023-05-28T04:21:20
266,657,6306,19952063,PAGAMENTO,133539.44,30645.7,ATIVA,2023-09-17,2023-09-17T08:23:29
267,957,2572,67856131,POUPANCA,127410.35,43470.78,ATIVA,2019-07-29,2019-07-29T07:52:26
268,504,5254,32331953,POUPANCA,145447.12,2517.54,ATIVA,2023-04-29,2023-04-29T18:05:04
269,659,6204,54126922,CORRENTE,9521.67,22209.44,ATIVA,2025-01-14,2025-01-14T11:26:17
270,91,8167,60004468,POUPANCA,15602.79,24868.67,ATIVA,2022-01-18,2022-01-18T13:17:31
271,106,6610,55343144,CORRENTE,82462.48,8.49,ATIVA,2022-07-06,2022-07-06T01:41:16
272,619,4991,68227937,PAGAMENTO,29044.82,33573.72,BLOQUEADA,2024-08-16,2024-08-16T10:37:47
273,373,0890,29919563,POUPANCA,48125.83,38370.82,ATIVA,2025-11-11,2025-11-11T21:27:29
274,734,5953,96088284,POUPANCA,14888.56,37966.0,ATIVA,2024-10-29,2024-10-29T16:15:46
275,350,5819,85048564,POUPANCA,81022.81,18694.52,ATIVA,2025-10-07,2025-10-07T04:44:41
276,919,2690,66091782,CORRENTE,122830.4,37125.54,ATIVA,2020-04-02,2020-04-02T20:49:59
277,261,3210,25171650,CORRENTE,139357.98,19644.82,ATIVA,2022-09-27,2022-09-27T15:43:18
278,801,3123,96205646,POUPANCA,13934.28,20723.52,INATIVA,2021-03-27,2021-03-27T18:44:51
279,858,9648,16538200,POUPANCA,67251.65,29465.81,ATIVA,2020-01-17,2020-01-17T18:19:08
280,987,8173,00582187,PAGAMENTO,109772.62,27661.32,ATIVA,2021-09-23,2021-09-23T08:32:14
281,600,7913,68227287,CORRENTE,103002.2,8682.51,ATIVA,2021-11-24,2021-11-24T02:02:26
282,107,6348,88251084,PAGAMENTO,89939.52,16092.19,INATIVA,2022-04-08,2022-04-08T15:28:36
283,429,9978,92947862,CORRENTE,39223.37,48179.68,ENCERRADA,2020-01-01,2020-01-01T02:33:18
284,464,2186,18546207,POUPANCA,89384.98,44321.84,ATIVA,2019-08-27,2019-08-27T10:48:35
285,864,8976,42132394,PAGAMENTO,109864.84,27679.08,ATIVA,2026-06-12,2026-06-12T08:11:49
286,215,4761,92155409,POUPANCA,137981.74,6633.59,ATIVA,2021-01-28,2021-01-28T00:20:00
287,999,2914,67631433,PAGAMENTO,103382.58,16119.07,ATIVA,2019-08-13,2019-08-13T13:12:47
288,361,9213,64474160,PAGAMENTO,84522.32,33357.86,ATIVA,2020-09-05,2020-09-05T01:53:46
289,766,8748,38376604,POUPANCA,120766.48,26136.5,ATIVA,2026-03-02,2026-03-02T14:07:18
290,149,0870,89959994,CORRENTE,27985.12,37509.25,ATIVA,2025-01-22,2025-01-22T23:11:51
291,294,4106,19653286,CORRENTE,102815.71,14757.03,ATIVA,2022-10-10,2022-10-10T11:12:05
292,34,5877,60746207,CORRENTE,91456.6,33776.3,ATIVA,2025-11-17,2025-11-17T20:20:15
293,230,9196,52195485,CORRENTE,75415.65,39841.68,ATIVA,2026-06-06,2026-06-06T06:57:04
294,710,0770,51215154,POUPANCA,61026.35,39405.58,ATIVA,2023-12-30,2023-12-30T04:18:16
295,990,9047,07221209,CORRENTE,110909.67,10154.36,ATIVA,2021-08-22,2021-08-22T11:31:01
296,882,7260,30272607,PAGAMENTO,104955.93,32381.62,ATIVA,2024-05-01,2024-05-01T13:54:46
297,560,9886,26369634,PAGAMENTO,144554.2,14708.89,ATIVA,2023-10-09,2023-10-09T05:34:55
298,700,1221,25095572,CORRENTE,109599.62,5967.69,ATIVA,2024-04-14,2024-04-14T11:04:28
299,286,9120,35465639,CORRENTE,22041.65,42300.71,ATIVA,2024-10-11,2024-10-11T13:21:08
300,478,2537,05360736,CORRENTE,139115.81,29844.02,ATIVA,2019-11-09,2019-11-09T14:09:13
301,641,4935,65840633,PAGAMENTO,81399.43,3644.04,ATIVA,2021-05-18,2021-05-18T04:49:10
302,539,3604,24678493,PAGAMENTO,7896.91,25257.02,ATIVA,2025-11-25,2025-11-25T05:25:06
303,550,6610,12340724,POUPANCA,31232.71,10667.69,ATIVA,2022-03-14,2022-03-14T10:11:48
304,370,4810,29319230,PAGAMENTO,78401.08,49831.55,ATIVA,2024-12-28,2024-12-28T07:58:38
305,665,0145,15397720,PAGAMENTO,50266.11,12017.39,ATIVA,2022-07-05,2022-07-05T22:55:48
306,941,3995,05352234,PAGAMENTO,132563.17,19068.63,ATIVA,2020-01-14,2020-01-14T01:37:31
307,117,6323,34439002,PAGAMENTO,107906.28,1235.29,ATIVA,2021-01-04,2021-01-04T18:32:16
308,789,6144,69029394,PAGAMENTO,65447.43,2192.58,INATIVA,2024-08-15,2024-08-15T03:56:40
309,198,5249,68973780,CORRENTE,142102.3,8369.74,BLOQUEADA,2022-04-03,2022-04-03T17:05:32
310,551,8737,00983895,PAGAMENTO,7484.45,33516.76,ATIVA,2023-11-05,2023-11-05T01:12:20
311,886,6951,13948821,CORRENTE,79507.52,35137.14,ENCERRADA,2022-12-19,2022-12-19T07:31:51
312,794,7131,86779970,CORRENTE,111400.85,7687.73,ATIVA,2023-06-01,2023-06-01T10:22:34
313,340,0621,11746857,CORRENTE,5775.88,39710.74,ATIVA,2026-01-15,2026-01-15T08:29:34
314,589,3730,34715142,POUPANCA,56674.97,31510.86,ATIVA,2022-12-09,2022-12-09T11:35:18
315,18,6382,90368627,CORRENTE,79062.24,32071.14,ATIVA,2019-12-20,2019-12-20T00:40:43
316,775,9595,06109169,PAGAMENTO,126858.31,17885.01,ATIVA,2021-08-02,2021-08-02T22:02:43
317,297,4938,81411890,CORRENTE,40431.41,46334.54,ATIVA,2025-01-30,2025-01-30T08:04:16
318,842,0505,63617550,CORRENTE,78853.83,6819.07,ATIVA,2026-03-11,2026-03-11T21:38:42
319,817,8942,39591340,PAGAMENTO,19471.52,33864.45,INATIVA,2019-12-20,2019-12-20T22:32:25
320,815,6114,01496556,PAGAMENTO,130901.96,7068.69,ATIVA,2021-11-17,2021-11-17T23:38:13
321,587,9776,52892751,PAGAMENTO,80997.63,4256.34,ATIVA,2019-08-21,2019-08-21T17:21:04
322,760,5634,28418852,POUPANCA,135608.27,42572.94,ATIVA,2024-09-15,2024-09-15T16:09:36
323,189,3618,82796893,POUPANCA,27134.75,9067.9,ATIVA,2026-03-17,2026-03-17T08:51:31
324,873,0892,73665550,POUPANCA,95812.86,3657.23,ATIVA,2025-09-05,2025-09-05T14:28:59
325,257,1609,26496941,PAGAMENTO,86040.84,47577.0,ATIVA,2026-04-10,2026-04-10T15:03:36
326,688,3843,13427821,POUPANCA,91976.16,45005.93,ATIVA,2021-04-25,2021-04-25T10:08:35
327,462,5380,82724081,PAGAMENTO,44115.51,29208.5,ATIVA,2021-11-20,2021-11-20T21:52:09
328,374,5183,57486446,CORRENTE,-1763.14,12308.76,ATIVA,2023-01-14,2023-01-14T04:03:20
329,758,7146,37135339,POUPANCA,17981.64,36648.64,ATIVA,2025-05-23,2025-05-23T00:33:53
330,474,7297,48149483,POUPANCA,71763.14,5441.63,ATIVA,2025-06-07,2025-06-07T08:08:32
331,84,4598,18790706,PAGAMENTO,27455.87,36677.23,ATIVA,2023-06-22,2023-06-22T02:10:19
332,745,1236,02500516,PAGAMENTO,93823.04,40632.12,ATIVA,2025-05-06,2025-05-06T04:06:50
333,788,9668,28556256,CORRENTE,81618.08,27173.47,ENCERRADA,2022-07-11,2022-07-11T10:34:50
334,484,2436,49099346,POUPANCA,31554.26,38607.24,ATIVA,2022-02-04,2022-02-04T21:21:41
335,298,2194,62371132,PAGAMENTO,75337.83,19839.26,ATIVA,2024-11-19,2024-11-19T10:36:26
336,679,3914,82414514,PAGAMENTO,22791.14,25706.83,ATIVA,2020-02-25,2020-02-25T01:32:23
337,184,9280,75942073,PAGAMENTO,130509.76,7309.95,ATIVA,2024-02-17,2024-02-17T00:57:00
338,962,5879,05425058,CORRENTE,113624.54,11587.5,ATIVA,2025-08-12,2025-08-12T05:39:02
339,240,0702,89736041,CORRENTE,76477.5,39573.02,ATIVA,2025-09-20,2025-09-20T10:31:03
340,940,7449,06232731,CORRENTE,147039.94,16203.56,ATIVA,2020-10-22,2020-10-22T12:01:32
341,534,4481,99577436,POUPANCA,85741.29,28508.01,ATIVA,2021-08-10,2021-08-10T05:33:53
342,388,5986,78876917,PAGAMENTO,134479.56,3891.87,ATIVA,2026-04-11,2026-04-11T00:39:05
343,997,3652,69306248,POUPANCA,51316.95,43385.97,ATIVA,2023-03-04,2023-03-04T11:56:41
344,494,9900,00885527,PAGAMENTO,132010.22,21994.94,ATIVA,2024-03-04,2024-03-04T07:13:51
345,527,4601,28389346,CORRENTE,26003.12,18111.15,ATIVA,2023-11-11,2023-11-11T05:34:06
346,122,3774,55648507,POUPANCA,107338.99,24075.83,ATIVA,2020-05-20,2020-05-20T08:25:28
347,216,9680,21642107,PAGAMENTO,124588.16,1122.3,ATIVA,2019-12-12,2019-12-12T00:29:40
348,588,9706,21626388,CORRENTE,93504.91,1959.54,ATIVA,2020-03-16,2020-03-16T21:50:29
349,58,2726,34663023,CORRENTE,76287.71,20272.82,BLOQUEADA,2021-08-21,2021-08-21T02:02:43
350,653,0306,96576004,PAGAMENTO,98416.12,14172.73,ATIVA,2024-03-28,2024-03-28T09:38:08
351,460,9938,63272043,POUPANCA,23511.43,41518.18,ATIVA,2025-03-22,2025-03-22T11:10:38
352,814,9547,24412078,PAGAMENTO,98096.43,13226.03,ATIVA,2020-09-08,2020-09-08T21:38:07
353,351,7430,80065353,PAGAMENTO,7998.54,18910.57,ATIVA,2023-05-13,2023-05-13T05:25:20
354,17,3316,70157129,PAGAMENTO,101866.09,41325.71,ATIVA,2021-01-12,2021-01-12T07:08:48
355,182,7797,82510103,PAGAMENTO,3453.08,39193.41,ATIVA,2020-03-04,2020-03-04T23:03:43
356,121,1527,64725283,PAGAMENTO,17375.15,30173.73,ATIVA,2019-12-23,2019-12-23T20:56:15
357,919,7070,70067591,POUPANCA,53982.56,2171.91,ATIVA,2025-12-12,2025-12-12T12:29:03
358,235,7900,51168697,POUPANCA,87329.83,37069.7,ATIVA,2022-03-26,2022-03-26T12:30:59
359,714,9440,13115342,POUPANCA,17917.17,23857.06,ATIVA,2020-06-01,2020-06-01T09:01:26
360,880,1374,38019409,PAGAMENTO,131206.86,20432.34,ATIVA,2021-08-21,2021-08-21T09:18:42
361,727,0117,77576122,PAGAMENTO,15468.86,359.7,ATIVA,2021-08-24,2021-08-24T03:08:21
362,705,5176,54874258,POUPANCA,13753.94,21303.58,ATIVA,2021-12-14,2021-12-14T18:08:30
363,268,8784,56849469,PAGAMENTO,53260.72,13778.03,ATIVA,2022-10-04,2022-10-04T07:03:25
364,774,3338,55462545,PAGAMENTO,117027.73,24123.39,ATIVA,2020-01-29,2020-01-29T00:44:54
365,569,7926,34061459,POUPANCA,85591.8,38709.72,ATIVA,2020-06-02,2020-06-02T16:26:32
366,142,1952,30839383,POUPANCA,116924.16,47462.26,ATIVA,2024-03-16,2024-03-16T01:43:26
367,521,6563,45424359,PAGAMENTO,91138.87,34228.22,ATIVA,2022-03-16,2022-03-16T23:46:21
368,399,0087,12225703,CORRENTE,69429.47,30012.27,ATIVA,2020-12-03,2020-12-03T09:43:17
369,270,3634,49772649,CORRENTE,90376.9,36224.74,BLOQUEADA,2020-10-30,2020-10-30T21:28:19
370,411,8537,38449250,PAGAMENTO,144438.3,2873.15,ATIVA,2019-08-04,2019-08-04T08:46:06
371,180,8100,58917832,CORRENTE,28260.35,32844.21,ATIVA,2020-05-27,2020-05-27T10:34:02
372,293,3191,04510971,PAGAMENTO,75358.55,34922.49,ATIVA,2021-07-25,2021-07-25T11:21:14
373,691,0591,48283486,CORRENTE,97390.42,48782.3,ATIVA,2024-02-13,2024-02-13T18:29:14
374,283,6545,47395993,PAGAMENTO,57759.33,29304.01,ATIVA,2025-02-27,2025-02-27T04:10:17
375,755,1125,12101857,PAGAMENTO,40885.3,41488.24,INATIVA,2024-03-20,2024-03-20T11:04:24
376,357,5694,37112256,CORRENTE,89970.42,9726.26,INATIVA,2021-01-01,2021-01-01T12:50:19
377,589,0077,35045257,CORRENTE,59588.03,5323.25,ATIVA,2022-08-22,2022-08-22T22:21:52
378,302,5571,15704682,PAGAMENTO,143398.18,43805.65,ATIVA,2026-05-03,2026-05-03T15:58:35
379,589,4099,93172855,POUPANCA,144823.46,28158.43,ATIVA,2021-07-28,2021-07-28T15:44:47
380,776,5566,61585594,PAGAMENTO,67759.87,29341.33,ATIVA,2021-01-16,2021-01-16T07:17:46
381,120,4225,09066980,POUPANCA,94133.42,49709.9,ATIVA,2019-11-01,2019-11-01T05:39:27
382,236,5173,55354877,POUPANCA,76266.89,486.16,ATIVA,2026-02-14,2026-02-14T12:57:17
383,255,4707,12483515,POUPANCA,100238.93,41053.73,ATIVA,2024-03-30,2024-03-30T14:46:43
384,954,2925,63962191,POUPANCA,51414.53,44715.81,ATIVA,2025-11-11,2025-11-11T02:35:28
385,970,3116,66974558,PAGAMENTO,27949.15,36771.45,ATIVA,2021-03-29,2021-03-29T07:17:32
386,212,3756,27214867,CORRENTE,125041.04,17801.37,ATIVA,2025-05-23,2025-05-23T22:43:38
387,123,1286,90705968,PAGAMENTO,72631.39,331.18,ATIVA,2025-10-14,2025-10-14T01:24:56
388,981,0693,64732148,POUPANCA,92151.79,24617.02,ENCERRADA,2020-03-20,2020-03-20T21:18:50
389,919,9413,36874044,POUPANCA,25387.96,38213.12,ATIVA,2025-12-18,2025-12-18T11:31:37
390,408,3639,77398692,CORRENTE,5757.6,39963.5,ATIVA,2025-04-13,2025-04-13T11:39:59
391,554,0534,67441082,POUPANCA,57541.83,34316.93,ATIVA,2022-11-08,2022-11-08T19:58:59
392,1000,1973,93716800,PAGAMENTO,67660.76,34460.53,ATIVA,2024-01-06,2024-01-06T02:29:51
393,216,6217,77981604,CORRENTE,47129.02,30638.9,ATIVA,2020-08-06,2020-08-06T22:56:43
394,562,4307,31828279,POUPANCA,69380.17,30654.2,ATIVA,2025-09-20,2025-09-20T15:14:52
395,511,6946,28257192,POUPANCA,104358.68,18615.48,ATIVA,2026-03-13,2026-03-13T20:09:21
396,287,7385,24144324,PAGAMENTO,17498.72,28794.64,ATIVA,2024-12-25,2024-12-25T22:05:31
397,103,4423,31649235,PAGAMENTO,63413.36,19044.17,ATIVA,2023-01-23,2023-01-23T10:50:05
398,983,2451,63483244,CORRENTE,24432.61,24979.89,ENCERRADA,2021-06-15,2021-06-15T20:03:53
399,870,8471,71669930,PAGAMENTO,45648.41,24331.01,ATIVA,2023-02-05,2023-02-05T16:34:43
400,880,9304,06403435,POUPANCA,12593.66,8167.09,ATIVA,2019-08-23,2019-08-23T08:46:46
401,261,7808,84538676,CORRENTE,66102.86,16732.83,ATIVA,2021-08-02,2021-08-02T08:34:21
402,574,9134,34589899,POUPANCA,524.89,6061.87,ATIVA,2024-02-20,2024-02-20T03:37:56
403,987,9922,26703706,PAGAMENTO,85323.9,32456.55,ATIVA,2024-05-16,2024-05-16T17:42:53
404,800,4664,47661929,POUPANCA,100161.91,24374.69,ATIVA,2025-04-27,2025-04-27T20:02:30
405,911,1285,51146484,PAGAMENTO,41194.85,31585.61,ATIVA,2025-03-30,2025-03-30T08:05:53
406,172,5528,56615251,PAGAMENTO,90877.3,20238.64,INATIVA,2025-05-08,2025-05-08T15:51:29
407,82,2655,46120633,CORRENTE,45306.01,32650.65,ATIVA,2020-04-18,2020-04-18T08:03:37
408,620,6480,36406304,POUPANCA,116598.54,46938.49,ATIVA,2025-01-30,2025-01-30T03:30:32
409,534,7378,55564672,CORRENTE,25542.65,1155.05,ATIVA,2025-07-13,2025-07-13T12:05:17
410,678,4123,99841259,PAGAMENTO,111835.31,10528.57,ATIVA,2023-08-22,2023-08-22T03:04:31
411,98,1046,63509923,PAGAMENTO,5708.38,38546.69,ATIVA,2021-08-27,2021-08-27T03:09:21
412,86,1703,35225747,PAGAMENTO,21179.34,32741.63,INATIVA,2025-11-05,2025-11-05T00:59:11
413,317,3758,33204999,PAGAMENTO,40836.73,31324.03,ATIVA,2022-10-20,2022-10-20T01:44:57
414,859,2796,03834775,CORRENTE,98691.24,43018.44,ATIVA,2024-09-02,2024-09-02T03:28:44
415,488,7655,72555978,POUPANCA,81153.15,6755.75,BLOQUEADA,2019-09-03,2019-09-03T12:40:33
416,553,2901,79299985,PAGAMENTO,67122.87,37445.58,ATIVA,2023-07-12,2023-07-12T15:40:32
417,446,8577,85870692,PAGAMENTO,78902.08,45446.16,ATIVA,2025-12-08,2025-12-08T14:48:04
418,233,1468,59305487,POUPANCA,53281.96,12990.35,ATIVA,2023-11-27,2023-11-27T16:10:32
419,1,8575,18293938,POUPANCA,41231.24,26754.94,ATIVA,2024-08-09,2024-08-09T03:42:26
420,504,7817,40213044,CORRENTE,114295.05,39898.24,ATIVA,2025-07-29,2025-07-29T02:11:20
421,816,0119,73579796,POUPANCA,26257.07,44108.1,ATIVA,2022-03-03,2022-03-03T19:01:50
422,256,2676,95957352,PAGAMENTO,96013.6,41421.34,ATIVA,2025-01-28,2025-01-28T14:27:59
423,82,6918,83929435,CORRENTE,76283.03,39997.95,ATIVA,2023-09-13,2023-09-13T12:31:48
424,711,4455,38208681,PAGAMENTO,110796.35,40440.43,ATIVA,2023-03-18,2023-03-18T07:30:11
425,874,1122,24482278,CORRENTE,41663.28,31844.64,ATIVA,2023-09-01,2023-09-01T06:03:20
426,279,8061,25204673,POUPANCA,457.8,2481.6,ATIVA,2021-02-17,2021-02-17T12:53:05
427,191,1676,37864773,POUPANCA,16568.48,21920.83,ATIVA,2019-12-16,2019-12-16T17:47:40
428,93,2469,01976336,POUPANCA,30621.18,21012.15,ATIVA,2019-12-06,2019-12-06T01:56:37
429,511,6085,62234676,PAGAMENTO,118192.27,16512.43,ATIVA,2019-10-06,2019-10-06T03:56:26
430,975,2394,07521340,POUPANCA,115787.07,3569.23,ATIVA,2022-07-28,2022-07-28T20:20:03
431,197,4098,51214453,CORRENTE,16099.14,38407.28,ATIVA,2020-08-31,2020-08-31T07:46:01
432,790,7258,33173548,PAGAMENTO,149166.65,9958.99,ATIVA,2020-04-02,2020-04-02T07:12:49
433,97,8539,89390065,CORRENTE,69605.9,34072.12,ATIVA,2021-10-01,2021-10-01T16:38:35
434,331,2599,84444997,PAGAMENTO,3933.35,46871.05,ATIVA,2025-07-05,2025-07-05T05:25:02
435,260,7885,85700706,POUPANCA,27805.35,44375.98,ATIVA,2025-08-31,2025-08-31T18:31:06
436,224,1851,31670799,PAGAMENTO,63709.65,753.39,ATIVA,2020-05-31,2020-05-31T02:47:04
437,599,1961,53124491,CORRENTE,-1138.2,2099.67,ATIVA,2026-03-16,2026-03-16T08:25:01
438,487,9769,20802667,POUPANCA,115046.54,12436.11,ATIVA,2019-12-29,2019-12-29T17:33:42
439,703,5545,83903842,CORRENTE,6615.71,32228.74,ATIVA,2023-08-06,2023-08-06T14:37:33
440,811,1760,16888276,POUPANCA,32982.88,49083.79,ATIVA,2019-08-22,2019-08-22T17:40:19
441,775,5691,58883854,PAGAMENTO,26927.21,34462.5,ATIVA,2023-06-14,2023-06-14T08:47:10
442,138,4108,05300063,POUPANCA,105260.46,27951.24,ATIVA,2020-07-14,2020-07-14T21:46:33
443,502,3110,76061420,CORRENTE,80402.13,16184.04,ATIVA,2023-04-03,2023-04-03T18:01:24
444,889,9809,74426457,CORRENTE,8003.68,7751.27,ATIVA,2021-08-14,2021-08-14T10:16:16
445,270,8874,49273034,POUPANCA,-2390.23,31901.3,ATIVA,2021-11-08,2021-11-08T00:33:11
446,190,0307,83179371,POUPANCA,115842.53,11939.33,ATIVA,2024-05-02,2024-05-02T02:23:12
447,675,8831,52008141,CORRENTE,77420.64,24877.46,ATIVA,2022-09-02,2022-09-02T20:58:08
448,628,4639,43298645,POUPANCA,95237.85,5523.21,ATIVA,2026-04-28,2026-04-28T00:28:38
449,69,0718,17418008,CORRENTE,130707.65,10103.95,ATIVA,2019-10-19,2019-10-19T23:44:26
450,102,0522,76639958,PAGAMENTO,125035.68,32896.06,ATIVA,2026-04-28,2026-04-28T13:48:34
451,719,9672,34351489,CORRENTE,53368.99,30297.68,ATIVA,2025-02-16,2025-02-16T20:22:35
452,953,3420,88013190,POUPANCA,139081.57,41603.88,ATIVA,2025-04-10,2025-04-10T22:02:11
453,655,0995,48442675,PAGAMENTO,110880.31,44521.53,ATIVA,2024-02-06,2024-02-06T16:09:37
454,814,0956,82803390,POUPANCA,78175.68,36715.02,ATIVA,2024-09-22,2024-09-22T02:26:54
455,80,3538,69724134,CORRENTE,12936.83,11550.9,ATIVA,2022-04-17,2022-04-17T11:36:51
456,198,8622,88164474,CORRENTE,84429.22,47375.17,ATIVA,2020-06-14,2020-06-14T00:34:12
457,572,6803,14161874,PAGAMENTO,85425.96,33724.63,ATIVA,2021-02-05,2021-02-05T11:16:51
458,438,1706,22388768,CORRENTE,81369.73,25234.64,ATIVA,2021-05-29,2021-05-29T12:35:00
459,547,9830,59460087,POUPANCA,135128.96,27504.07,ENCERRADA,2023-06-20,2023-06-20T15:50:25
460,866,6091,55343780,PAGAMENTO,63164.68,36293.38,ATIVA,2019-08-15,2019-08-15T05:34:47
461,577,8940,28712949,POUPANCA,114270.5,46307.35,ATIVA,2024-01-25,2024-01-25T02:25:24
462,985,7413,60062405,POUPANCA,-2470.17,1733.15,ATIVA,2022-09-21,2022-09-21T22:05:46
463,17,8481,18130897,POUPANCA,-1498.25,49219.72,ATIVA,2020-04-02,2020-04-02T17:14:24
464,323,0356,92572542,POUPANCA,137664.59,25563.57,ATIVA,2026-01-26,2026-01-26T06:37:05
465,586,2535,12655005,CORRENTE,67706.4,7805.36,ATIVA,2020-07-02,2020-07-02T10:42:52
466,911,9539,33535227,CORRENTE,36577.19,15015.12,ATIVA,2026-03-18,2026-03-18T00:29:12
467,583,3563,98551509,CORRENTE,107846.03,39645.21,ATIVA,2024-07-14,2024-07-14T03:35:03
468,846,9441,12799547,PAGAMENTO,95443.83,1868.58,ATIVA,2025-12-22,2025-12-22T06:02:42
469,391,1286,07505819,POUPANCA,50559.36,40857.09,ATIVA,2020-04-01,2020-04-01T09:38:58
470,889,1975,30429531,PAGAMENTO,97048.83,30115.08,ATIVA,2024-11-09,2024-11-09T10:39:33
471,797,6267,07264931,POUPANCA,77468.46,15965.83,ATIVA,2021-10-26,2021-10-26T02:08:52
472,335,8232,93652924,CORRENTE,20862.62,33681.76,ENCERRADA,2026-05-11,2026-05-11T06:54:27
473,995,7301,79877291,PAGAMENTO,74471.23,11104.28,ATIVA,2025-01-11,2025-01-11T17:17:10
474,404,2426,17742114,POUPANCA,10088.13,28572.03,ATIVA,2022-02-24,2022-02-24T13:42:53
475,409,4302,11419109,POUPANCA,74028.03,38691.26,ATIVA,2022-08-23,2022-08-23T09:10:44
476,139,7880,75067463,CORRENTE,71898.82,32612.42,ATIVA,2021-10-09,2021-10-09T15:43:12
477,631,8590,33050558,CORRENTE,8425.71,38838.59,ATIVA,2022-08-28,2022-08-28T05:36:59
478,947,9438,12025191,CORRENTE,99941.5,21177.03,ATIVA,2023-02-21,2023-02-21T03:54:00
479,329,5645,79708842,PAGAMENTO,1191.54,15240.94,ENCERRADA,2024-09-18,2024-09-18T12:49:50
480,632,7246,83642094,CORRENTE,64670.67,46210.66,ATIVA,2023-08-02,2023-08-02T15:18:51
481,702,6125,20936787,PAGAMENTO,127546.53,5618.59,ATIVA,2020-10-08,2020-10-08T17:52:59
482,972,2420,38612440,CORRENTE,49848.88,40214.04,ATIVA,2024-10-23,2024-10-23T17:27:35
483,483,0373,44543740,CORRENTE,110351.98,10593.77,ATIVA,2022-12-05,2022-12-05T20:07:41
484,769,4238,73658697,POUPANCA,92513.9,49615.11,ATIVA,2022-06-29,2022-06-29T10:07:19
485,685,0302,50547292,PAGAMENTO,135671.14,26339.95,ATIVA,2022-06-11,2022-06-11T18:10:19
486,62,4654,26936969,PAGAMENTO,91739.63,2654.26,ATIVA,2022-11-17,2022-11-17T09:01:00
487,9,1092,52163069,PAGAMENTO,38874.83,42604.15,ATIVA,2026-07-25,2026-07-25T08:02:20
488,886,1768,02560650,POUPANCA,129780.09,32470.56,ATIVA,2020-07-17,2020-07-17T05:14:11
489,390,8332,95252819,CORRENTE,135340.49,24233.11,ATIVA,2024-09-01,2024-09-01T13:05:58
490,91,3055,26692578,PAGAMENTO,144935.68,28034.38,ATIVA,2021-02-23,2021-02-23T08:51:15
491,41,4054,71056928,POUPANCA,48369.37,19669.99,ATIVA,2023-06-04,2023-06-04T07:45:16
492,356,5766,47698046,PAGAMENTO,43604.75,49799.72,ENCERRADA,2023-03-16,2023-03-16T08:55:53
493,283,1016,83992430,POUPANCA,131498.28,44520.1,ATIVA,2023-10-22,2023-10-22T02:57:26
494,31,9093,37606982,CORRENTE,20635.5,44858.77,ATIVA,2020-03-25,2020-03-25T09:25:57
495,90,6263,69889566,PAGAMENTO,90898.38,31276.23,ATIVA,2021-07-29,2021-07-29T12:44:03
496,247,9387,20501645,POUPANCA,145506.92,45486.77,ATIVA,2023-04-20,2023-04-20T19:19:39
497,556,2159,27750492,PAGAMENTO,18632.92,27067.69,ATIVA,2023-05-12,2023-05-12T10:02:10
498,884,2263,41473063,PAGAMENTO,105033.3,26190.27,ATIVA,2025-10-23,2025-10-23T20:51:12
499,931,2379,88077935,PAGAMENTO,137359.6,15874.81,ATIVA,2025-05-21,2025-05-21T12:07:10
500,972,1940,24714211,POUPANCA,125527.18,7276.14,ATIVA,2026-06-18,2026-06-18T14:33:54
501,327,6784,55197278,POUPANCA,65058.18,46688.43,INATIVA,2020-07-21,2020-07-21T17:00:29
502,956,4486,20395331,CORRENTE,13782.64,9237.32,ATIVA,2025-06-02,2025-06-02T03:14:12
503,627,4373,81282862,PAGAMENTO,90885.21,29818.03,ATIVA,2025-12-27,2025-12-27T18:18:54
504,27,5887,10667012,PAGAMENTO,116423.5,6704.33,ATIVA,2025-04-24,2025-04-24T16:56:30
505,481,6127,24692905,POUPANCA,72445.45,6875.64,ATIVA,2023-10-29,2023-10-29T22:04:50
506,34,6695,02015180,POUPANCA,142405.2,11127.71,ATIVA,2023-10-28,2023-10-28T05:04:41
507,208,3352,08876668,CORRENTE,138883.24,49281.38,ATIVA,2023-02-05,2023-02-05T11:56:17
508,502,5324,61410641,CORRENTE,62702.24,38810.74,ATIVA,2025-12-11,2025-12-11T17:10:17
509,845,6233,96663731,POUPANCA,57607.98,46956.96,ATIVA,2020-10-07,2020-10-07T11:55:51
510,550,8606,86086422,PAGAMENTO,117505.28,26032.45,ATIVA,2023-03-09,2023-03-09T18:10:41
511,847,0695,32980202,PAGAMENTO,79525.04,49191.53,ATIVA,2021-08-11,2021-08-11T13:11:07
512,397,8457,84644216,CORRENTE,26452.18,21977.69,INATIVA,2024-07-15,2024-07-15T17:52:22
513,793,4685,61920969,CORRENTE,61925.48,30656.71,ATIVA,2022-07-31,2022-07-31T07:01:58
514,530,2331,62220514,PAGAMENTO,66383.96,36132.34,ATIVA,2022-12-22,2022-12-22T12:06:20
515,798,9592,93430859,PAGAMENTO,18134.27,20677.97,ATIVA,2020-06-21,2020-06-21T07:57:45
516,184,7434,79230802,PAGAMENTO,134108.72,44127.42,ATIVA,2020-09-16,2020-09-16T01:50:50
517,332,2687,96418623,PAGAMENTO,16340.49,5708.25,ATIVA,2025-11-17,2025-11-17T04:13:44
518,372,1398,70305569,PAGAMENTO,56073.32,39553.33,ATIVA,2022-12-25,2022-12-25T09:40:31
519,973,2620,50825386,PAGAMENTO,55542.57,38413.02,INATIVA,2026-01-26,2026-01-26T18:53:25
520,580,2460,21759928,CORRENTE,24777.18,35602.37,ATIVA,2022-10-24,2022-10-24T03:13:05
521,317,7312,38759468,PAGAMENTO,25056.14,44927.1,BLOQUEADA,2026-03-03,2026-03-03T08:34:55
522,4,4147,01638499,POUPANCA,73388.21,24932.11,ATIVA,2023-04-25,2023-04-25T05:50:42
523,623,8085,31927493,CORRENTE,87301.5,23785.6,ATIVA,2024-03-11,2024-03-11T03:13:11
524,82,9851,80544342,CORRENTE,34818.76,27367.08,ATIVA,2021-06-04,2021-06-04T22:43:02
525,571,3402,06565771,CORRENTE,20109.07,32663.84,ATIVA,2019-10-12,2019-10-12T18:21:56
526,875,0532,89522761,PAGAMENTO,125297.2,14922.08,INATIVA,2022-09-24,2022-09-24T20:15:12
527,51,1785,55963011,CORRENTE,22103.62,14219.03,ATIVA,2022-08-28,2022-08-28T12:09:44
528,717,9748,76810469,PAGAMENTO,24556.44,22766.89,ATIVA,2023-10-09,2023-10-09T09:25:53
529,954,0588,12499199,POUPANCA,46730.33,44876.49,ATIVA,2021-04-30,2021-04-30T21:12:47
530,777,7002,73882979,CORRENTE,42156.99,6727.29,ATIVA,2023-06-20,2023-06-20T14:59:21
531,282,5394,70739821,POUPANCA,77508.55,34791.47,ATIVA,2020-05-27,2020-05-27T03:31:21
532,112,9362,97942504,PAGAMENTO,78164.36,4383.49,ATIVA,2021-03-24,2021-03-24T23:40:15
533,620,4706,57318165,PAGAMENTO,126789.19,12983.0,ATIVA,2024-03-12,2024-03-12T21:33:30
534,639,5798,17409803,PAGAMENTO,83301.74,25985.29,ATIVA,2024-01-11,2024-01-11T15:18:02
535,505,2948,81793057,CORRENTE,105559.53,48962.88,ATIVA,2023-08-18,2023-08-18T20:16:43
536,25,7617,83947920,CORRENTE,109963.93,10366.54,ATIVA,2025-12-03,2025-12-03T12:01:57
537,425,6784,06105859,POUPANCA,50821.63,40302.18,ATIVA,2022-01-01,2022-01-01T09:32:31
538,656,3297,92612523,POUPANCA,36298.67,3391.8,ATIVA,2019-12-17,2019-12-17T21:01:58
539,564,5308,00822925,CORRENTE,102089.96,17068.08,ATIVA,2020-12-22,2020-12-22T15:17:40
540,631,0478,23572538,CORRENTE,47903.51,16896.84,ATIVA,2025-10-08,2025-10-08T13:46:24
541,939,7775,04772548,PAGAMENTO,18202.47,7769.31,ATIVA,2020-10-02,2020-10-02T14:22:30
542,886,8798,44977657,POUPANCA,117058.33,20697.65,ATIVA,2021-05-31,2021-05-31T18:33:19
543,856,8538,40177238,PAGAMENTO,108057.03,15775.14,ATIVA,2025-05-30,2025-05-30T22:26:39
544,214,9461,92005354,POUPANCA,119429.14,44401.47,ATIVA,2025-02-20,2025-02-20T03:51:51
545,993,2447,37642708,CORRENTE,49220.74,18762.04,ATIVA,2025-09-01,2025-09-01T03:13:11
546,170,9355,81294214,POUPANCA,26075.28,5842.23,ATIVA,2026-01-15,2026-01-15T22:50:13
547,316,5153,95273115,CORRENTE,38903.36,4339.89,ATIVA,2022-01-08,2022-01-08T05:09:25
548,381,7405,40618138,CORRENTE,77577.81,8750.64,ATIVA,2025-03-29,2025-03-29T06:11:00
549,39,3312,12429115,POUPANCA,74664.19,39951.26,INATIVA,2022-10-21,2022-10-21T07:57:31
550,158,3117,45649584,POUPANCA,109197.26,26181.4,ATIVA,2020-02-25,2020-02-25T04:31:56
551,147,1610,69276027,PAGAMENTO,148889.85,10259.36,ATIVA,2022-02-18,2022-02-18T08:06:56
552,397,8559,15547244,CORRENTE,44924.65,2201.5,ATIVA,2022-02-03,2022-02-03T09:42:49
553,893,1427,44733394,POUPANCA,133100.85,5155.14,ATIVA,2026-04-06,2026-04-06T20:04:43
554,764,5120,03017250,PAGAMENTO,113170.31,31942.54,ATIVA,2022-11-22,2022-11-22T00:38:28
555,206,3155,38462423,POUPANCA,78672.06,38639.35,ATIVA,2022-10-22,2022-10-22T19:56:08
556,280,2447,21138758,POUPANCA,14955.21,47914.9,ATIVA,2021-01-22,2021-01-22T19:35:43
557,105,3385,72816972,POUPANCA,81278.26,13552.61,BLOQUEADA,2023-10-08,2023-10-08T20:01:27
558,824,4642,77052109,CORRENTE,23619.43,15568.88,INATIVA,2023-03-05,2023-03-05T10:13:27
559,554,7269,06808354,CORRENTE,1921.38,45164.62,ATIVA,2021-04-22,2021-04-22T13:23:58
560,393,0882,11558775,POUPANCA,57267.31,35233.88,INATIVA,2025-10-02,2025-10-02T14:48:11
561,645,7305,82720445,POUPANCA,45147.2,40872.1,ATIVA,2021-06-03,2021-06-03T20:53:35
562,687,8741,10542213,POUPANCA,84087.87,4645.81,ATIVA,2019-07-28,2019-07-28T22:09:16
563,716,7673,13054419,POUPANCA,44834.73,32220.93,ATIVA,2022-02-02,2022-02-02T14:08:22
564,482,3797,30037184,CORRENTE,128817.18,30847.1,INATIVA,2025-05-07,2025-05-07T21:37:43
565,402,3005,93900685,PAGAMENTO,47875.01,43039.58,ATIVA,2020-07-03,2020-07-03T10:38:08
566,500,0496,08773169,POUPANCA,14715.28,23932.6,ATIVA,2020-03-04,2020-03-04T19:08:27
567,290,5712,81126595,PAGAMENTO,16927.59,5146.61,ATIVA,2026-06-02,2026-06-02T00:00:23
568,816,1753,43737495,PAGAMENTO,96541.34,39621.55,ATIVA,2023-06-15,2023-06-15T09:09:12
569,411,9676,55491234,CORRENTE,92183.41,27397.45,ENCERRADA,2023-02-08,2023-02-08T01:15:02
570,394,1083,45729881,CORRENTE,121622.14,29548.51,ATIVA,2026-03-11,2026-03-11T23:25:32
571,446,9294,45929419,PAGAMENTO,103355.31,8654.27,ATIVA,2020-05-21,2020-05-21T22:00:33
572,758,9408,65314415,CORRENTE,87804.88,23145.42,ATIVA,2025-05-21,2025-05-21T00:22:26
573,842,7295,23645675,POUPANCA,143272.23,3480.38,ATIVA,2022-02-06,2022-02-06T17:34:01
574,834,9772,50856576,POUPANCA,72880.01,33008.24,ATIVA,2021-01-17,2021-01-17T05:54:06
575,837,2277,77949347,PAGAMENTO,121000.5,37853.89,ATIVA,2024-11-21,2024-11-21T20:26:59
576,464,8705,39124905,POUPANCA,91374.76,22357.99,ATIVA,2025-04-09,2025-04-09T19:58:25
577,899,5188,40229796,PAGAMENTO,118637.87,33977.95,INATIVA,2020-06-08,2020-06-08T00:24:02
578,960,7123,96340307,POUPANCA,148519.11,29136.35,ATIVA,2022-10-02,2022-10-02T02:35:09
579,523,6623,17120236,POUPANCA,7017.61,45053.78,BLOQUEADA,2021-02-21,2021-02-21T19:54:09
580,1,9176,48216999,CORRENTE,128840.3,43283.98,ATIVA,2022-01-29,2022-01-29T10:34:28
581,720,9670,52917799,PAGAMENTO,46014.41,19139.48,ATIVA,2023-12-01,2023-12-01T00:33:21
582,559,3461,88917576,CORRENTE,69917.89,9411.34,ATIVA,2021-06-29,2021-06-29T19:39:13
583,947,5903,56000401,CORRENTE,41491.81,43636.78,ATIVA,2020-07-10,2020-07-10T10:00:34
584,12,1176,87025332,CORRENTE,19459.37,44244.43,ATIVA,2024-09-04,2024-09-04T10:07:21
585,999,2225,11363336,CORRENTE,95442.04,20792.77,ATIVA,2022-12-10,2022-12-10T01:06:27
586,808,9903,57137047,PAGAMENTO,24919.1,25470.75,ATIVA,2024-02-02,2024-02-02T17:33:40
587,461,6304,47688530,CORRENTE,25833.13,30228.66,ATIVA,2025-11-01,2025-11-01T10:41:07
588,868,3879,95580471,PAGAMENTO,38560.69,46328.22,ATIVA,2023-02-24,2023-02-24T20:04:19
589,35,0621,76255746,POUPANCA,104994.59,5658.22,ATIVA,2021-04-30,2021-04-30T01:30:22
590,708,1312,19070659,PAGAMENTO,109022.21,49178.95,ENCERRADA,2023-02-06,2023-02-06T16:36:32
591,798,4579,62402698,PAGAMENTO,9430.78,44495.77,ATIVA,2021-10-17,2021-10-17T01:56:39
592,484,1280,91814861,PAGAMENTO,79727.57,28981.42,ATIVA,2023-08-23,2023-08-23T02:27:59
593,926,5629,71810949,CORRENTE,69002.49,25633.16,ATIVA,2019-10-18,2019-10-18T20:02:51
594,752,5432,56507826,POUPANCA,143988.65,39911.16,ATIVA,2021-09-10,2021-09-10T19:01:26
595,37,9792,40811698,PAGAMENTO,117215.79,13022.16,ATIVA,2022-11-13,2022-11-13T16:29:45
596,593,2771,76887968,CORRENTE,97588.78,14587.66,ATIVA,2022-03-25,2022-03-25T08:18:17
597,28,4700,65063412,CORRENTE,16840.25,3843.11,ATIVA,2022-10-09,2022-10-09T22:04:27
598,259,2172,82650977,POUPANCA,39470.61,12847.79,ATIVA,2024-02-23,2024-02-23T19:22:51
599,619,2861,79426042,PAGAMENTO,20548.18,22332.66,ATIVA,2024-05-16,2024-05-16T20:25:16
600,268,3870,65084662,CORRENTE,119404.23,43100.72,ATIVA,2022-11-11,2022-11-11T04:55:15
601,87,2377,79932575,CORRENTE,125236.17,37638.06,ATIVA,2024-08-11,2024-08-11T03:44:52
602,393,3899,88673263,POUPANCA,108214.86,8364.16,ATIVA,2023-11-28,2023-11-28T09:33:25
603,863,5654,07291484,PAGAMENTO,37820.31,40976.55,ATIVA,2023-09-04,2023-09-04T00:40:54
604,476,6534,63918770,POUPANCA,70130.6,47412.59,INATIVA,2019-10-02,2019-10-02T03:57:15
605,240,6223,91739154,PAGAMENTO,56985.75,13131.26,ATIVA,2021-05-28,2021-05-28T18:36:55
606,446,0195,38761036,POUPANCA,55755.62,15784.43,ATIVA,2022-10-10,2022-10-10T20:12:13
607,979,0673,13068018,PAGAMENTO,94707.18,47809.18,ATIVA,2024-04-02,2024-04-02T19:49:18
608,941,4467,44958565,POUPANCA,38230.89,4913.84,ATIVA,2024-04-26,2024-04-26T05:00:56
609,401,7555,90636040,PAGAMENTO,34374.04,33594.49,ATIVA,2026-03-12,2026-03-12T19:53:13
610,533,5529,90961792,PAGAMENTO,148965.26,15663.49,ATIVA,2021-07-13,2021-07-13T23:50:59
611,9,1114,01605434,POUPANCA,12399.06,5195.36,ATIVA,2019-08-04,2019-08-04T13:49:54
612,225,4642,33808924,CORRENTE,2691.37,30969.86,ATIVA,2019-10-22,2019-10-22T05:35:49
613,609,3553,80448090,PAGAMENTO,16073.0,47889.77,ATIVA,2021-12-06,2021-12-06T22:44:02
614,620,2129,50460288,PAGAMENTO,113988.31,32395.29,ATIVA,2024-03-02,2024-03-02T23:55:33
615,190,1817,93369051,CORRENTE,36133.7,23347.78,BLOQUEADA,2021-06-08,2021-06-08T11:01:26
616,655,7430,37095574,POUPANCA,103063.78,33378.96,ATIVA,2023-09-14,2023-09-14T13:05:32
617,264,2654,09931718,POUPANCA,116008.66,19139.95,ATIVA,2025-05-17,2025-05-17T00:27:13
618,62,4231,35522716,CORRENTE,64687.66,24586.09,INATIVA,2024-09-11,2024-09-11T20:01:40
619,625,6433,23950103,PAGAMENTO,72538.74,7193.63,ATIVA,2025-01-05,2025-01-05T20:40:42
620,224,1741,59268094,PAGAMENTO,36996.93,1743.04,ATIVA,2021-07-03,2021-07-03T03:40:16
621,746,4106,59845277,CORRENTE,134218.14,7442.71,ATIVA,2022-12-24,2022-12-24T21:42:40
622,956,0620,89201886,POUPANCA,38131.56,35002.76,INATIVA,2025-10-07,2025-10-07T00:19:59
623,589,0061,69173536,PAGAMENTO,140836.44,24533.97,ATIVA,2021-06-30,2021-06-30T14:13:01
624,865,1149,72494850,CORRENTE,-1995.63,47707.77,ATIVA,2025-06-08,2025-06-08T08:07:08
625,494,1986,76134186,PAGAMENTO,140093.93,17945.92,ATIVA,2020-03-26,2020-03-26T23:30:16
626,411,0905,84862182,PAGAMENTO,11326.71,26731.31,BLOQUEADA,2026-01-28,2026-01-28T15:17:21
627,83,7531,38917594,PAGAMENTO,28475.87,27723.77,BLOQUEADA,2022-06-30,2022-06-30T15:49:05
628,677,3130,40113699,PAGAMENTO,56990.97,5338.4,ATIVA,2024-06-20,2024-06-20T21:15:42
629,499,1391,84931807,POUPANCA,109636.94,6997.15,ATIVA,2021-02-08,2021-02-08T00:32:43
630,738,9715,32008933,POUPANCA,56787.05,39636.96,ATIVA,2025-12-01,2025-12-01T13:49:15
631,512,8749,60305002,CORRENTE,3149.01,2802.72,ATIVA,2020-10-18,2020-10-18T16:23:58
632,44,6644,15862806,CORRENTE,120583.32,33365.82,ATIVA,2026-03-12,2026-03-12T23:57:45
633,695,8792,19992218,PAGAMENTO,85850.22,46240.79,ATIVA,2025-07-30,2025-07-30T16:40:01
634,145,8011,87755783,CORRENTE,69360.99,45900.95,ATIVA,2024-08-13,2024-08-13T08:14:00
635,719,2139,01928066,CORRENTE,93980.87,45233.12,ATIVA,2020-07-13,2020-07-13T06:37:16
636,100,7475,82037351,CORRENTE,124891.2,3197.88,ATIVA,2025-03-10,2025-03-10T22:31:42
637,117,8146,79856516,PAGAMENTO,31137.31,40222.68,ATIVA,2025-01-15,2025-01-15T15:45:17
638,831,6587,43518078,CORRENTE,146317.62,28798.35,ATIVA,2020-12-28,2020-12-28T05:03:26
639,857,3494,06118523,PAGAMENTO,23950.77,3161.09,ATIVA,2023-09-02,2023-09-02T12:44:26
640,776,6802,22555404,PAGAMENTO,53913.92,8250.31,ATIVA,2020-01-21,2020-01-21T09:39:53
641,596,0667,17900737,CORRENTE,118135.48,31609.73,ATIVA,2022-10-29,2022-10-29T03:56:23
642,162,0257,65359669,CORRENTE,-1531.69,8970.64,ATIVA,2022-05-16,2022-05-16T00:50:10
643,668,9728,38081804,POUPANCA,103259.29,39612.04,ATIVA,2024-08-27,2024-08-27T04:07:24
644,130,3378,19204928,PAGAMENTO,38819.84,22520.96,ATIVA,2021-06-18,2021-06-18T07:00:52
645,179,0617,80030270,CORRENTE,106872.81,30602.49,ATIVA,2021-12-12,2021-12-12T17:05:53
646,847,4935,46688116,POUPANCA,-1803.07,11781.95,ATIVA,2020-02-11,2020-02-11T09:56:19
647,543,1568,83070163,POUPANCA,129066.49,49339.11,ATIVA,2019-12-08,2019-12-08T23:58:47
648,476,3410,37101349,CORRENTE,27042.15,39830.65,ATIVA,2021-10-24,2021-10-24T04:44:22
649,992,7773,66775312,CORRENTE,21863.34,46133.65,ATIVA,2019-12-28,2019-12-28T06:10:42
650,373,4671,28130661,POUPANCA,35835.72,30840.97,INATIVA,2022-10-09,2022-10-09T23:01:14
651,465,0710,14015163,PAGAMENTO,5499.63,26868.03,ATIVA,2025-11-19,2025-11-19T04:04:05
652,30,7948,69109208,CORRENTE,8306.07,11764.99,ATIVA,2025-05-25,2025-05-25T08:16:35
653,594,5341,56246124,CORRENTE,111430.73,44918.64,ATIVA,2020-10-19,2020-10-19T06:21:00
654,113,5344,30572392,CORRENTE,33660.55,20629.77,ATIVA,2024-06-28,2024-06-28T04:57:35
655,913,3616,09868992,POUPANCA,86726.57,2716.97,ATIVA,2020-05-13,2020-05-13T22:02:26
656,222,9985,61067842,CORRENTE,56567.87,6820.23,ATIVA,2020-04-05,2020-04-05T21:58:15
657,648,5876,36197788,CORRENTE,48723.43,1604.73,ATIVA,2024-03-09,2024-03-09T00:00:57
658,288,2237,14912834,POUPANCA,67433.29,8560.07,ATIVA,2023-05-29,2023-05-29T13:17:36
659,908,4836,81018651,CORRENTE,117905.91,31899.96,ATIVA,2021-01-05,2021-01-05T12:16:29
660,175,9472,74189606,CORRENTE,10687.34,42848.69,ATIVA,2020-08-27,2020-08-27T20:19:20
661,222,9693,63550617,POUPANCA,40073.56,36500.89,ATIVA,2023-12-07,2023-12-07T20:55:09
662,253,4061,43928919,POUPANCA,85868.72,44591.13,ATIVA,2020-11-24,2020-11-24T16:34:25
663,153,9400,00681502,POUPANCA,146978.07,2002.93,ATIVA,2021-12-14,2021-12-14T14:18:15
664,788,8262,04512475,POUPANCA,78496.06,23963.47,ATIVA,2023-08-25,2023-08-25T00:25:50
665,842,1606,60725653,POUPANCA,34178.0,27924.35,ATIVA,2020-08-14,2020-08-14T18:45:16
666,750,6663,29260336,CORRENTE,52156.87,11953.12,ENCERRADA,2023-12-23,2023-12-23T12:03:02
667,17,7861,89796440,POUPANCA,22174.93,22964.14,ATIVA,2021-03-15,2021-03-15T14:39:35
668,598,0400,61047699,POUPANCA,115204.84,43709.95,ATIVA,2019-09-27,2019-09-27T17:40:53
669,809,6069,84129143,POUPANCA,104845.06,68.18,ATIVA,2020-04-23,2020-04-23T03:44:30
670,395,5455,71258921,CORRENTE,42729.97,37644.4,ATIVA,2024-02-17,2024-02-17T01:15:21
671,628,8888,77205979,CORRENTE,117623.01,4047.95,INATIVA,2020-07-15,2020-07-15T03:12:16
672,754,0899,69086761,PAGAMENTO,53008.55,2578.13,ATIVA,2023-05-13,2023-05-13T01:09:29
673,477,0670,49066129,POUPANCA,24228.28,27939.52,ATIVA,2025-06-28,2025-06-28T07:25:47
674,727,3355,18576513,POUPANCA,33891.49,5677.88,ATIVA,2024-07-11,2024-07-11T19:31:11
675,962,9505,94334074,CORRENTE,112358.96,38044.3,ATIVA,2026-02-19,2026-02-19T21:50:25
676,920,4381,67587481,PAGAMENTO,61996.69,2723.0,ATIVA,2022-12-21,2022-12-21T12:43:58
677,464,7967,67303493,PAGAMENTO,124007.87,23508.19,ATIVA,2025-02-09,2025-02-09T23:48:06
678,846,8731,39227058,POUPANCA,92195.07,39995.19,BLOQUEADA,2020-01-08,2020-01-08T06:47:29
679,829,1076,25280390,POUPANCA,10814.58,19534.13,ATIVA,2023-08-27,2023-08-27T00:28:04
680,982,1261,14678712,CORRENTE,39581.27,34854.11,ATIVA,2022-05-31,2022-05-31T01:22:45
681,896,3347,69885512,PAGAMENTO,960.27,20826.83,ATIVA,2025-04-29,2025-04-29T02:29:33
682,955,2164,63606442,POUPANCA,61569.82,36885.46,ATIVA,2023-05-18,2023-05-18T19:04:17
683,194,1032,02957705,CORRENTE,124829.5,25981.02,ATIVA,2024-01-14,2024-01-14T22:53:23
684,593,5617,88014685,PAGAMENTO,117490.72,24307.42,ATIVA,2024-10-11,2024-10-11T06:12:22
685,543,8987,59761290,POUPANCA,43872.56,6597.71,ATIVA,2025-10-07,2025-10-07T12:23:58
686,176,4260,30438157,POUPANCA,54215.1,14407.31,ATIVA,2026-04-14,2026-04-14T21:55:50
687,152,5786,38169111,POUPANCA,143322.61,30931.51,ATIVA,2025-10-01,2025-10-01T13:16:38
688,549,4674,24465276,CORRENTE,125498.08,34642.96,ATIVA,2023-12-29,2023-12-29T20:36:06
689,158,2642,31931113,CORRENTE,3775.6,15831.29,ATIVA,2025-02-22,2025-02-22T22:23:11
690,267,6057,24762713,CORRENTE,83279.3,1734.45,ATIVA,2021-09-16,2021-09-16T08:40:32
691,353,2424,50051796,POUPANCA,79829.66,8129.88,ATIVA,2024-06-20,2024-06-20T13:39:18
692,943,0409,54299437,POUPANCA,114699.02,47389.45,INATIVA,2023-08-16,2023-08-16T11:22:50
693,160,0071,99119119,PAGAMENTO,146279.16,16564.03,ATIVA,2021-12-27,2021-12-27T07:32:56
694,486,4749,77004413,PAGAMENTO,19930.23,28261.58,INATIVA,2024-07-06,2024-07-06T08:45:30
695,453,5550,92495743,CORRENTE,109075.18,45008.72,ATIVA,2024-10-15,2024-10-15T20:26:49
696,565,1915,41350094,CORRENTE,58748.56,42043.85,ATIVA,2023-05-20,2023-05-20T15:31:12
697,95,5348,07386490,PAGAMENTO,95300.18,29171.57,ATIVA,2024-11-15,2024-11-15T20:44:13
698,959,4554,26268514,CORRENTE,10247.41,42472.57,ATIVA,2024-09-02,2024-09-02T06:04:20
699,981,1432,68690959,POUPANCA,27153.63,15887.89,ATIVA,2020-01-19,2020-01-19T00:11:05
700,967,0919,89491870,POUPANCA,58127.59,35798.19,ATIVA,2022-04-02,2022-04-02T04:57:46
701,396,6109,01636221,POUPANCA,50100.33,15404.27,ATIVA,2020-12-08,2020-12-08T05:03:42
702,575,1436,28950114,PAGAMENTO,132890.24,37076.38,ATIVA,2020-09-17,2020-09-17T03:56:07
703,454,4729,21983568,PAGAMENTO,145480.0,21191.61,INATIVA,2020-06-21,2020-06-21T00:47:22
704,143,9621,80253573,CORRENTE,19404.99,15161.56,ENCERRADA,2023-09-26,2023-09-26T16:43:50
705,538,5496,08873910,PAGAMENTO,112807.39,4422.41,ATIVA,2020-08-15,2020-08-15T06:48:20
706,937,4479,55635130,CORRENTE,82261.61,35512.35,ATIVA,2020-07-03,2020-07-03T05:19:52
707,141,3265,24965359,POUPANCA,41643.13,24529.28,ATIVA,2021-12-09,2021-12-09T14:31:03
708,310,9589,40790698,POUPANCA,82790.36,23172.59,ATIVA,2024-03-18,2024-03-18T12:52:09
709,3,2524,35255914,POUPANCA,143294.06,41712.15,ATIVA,2023-01-17,2023-01-17T16:27:56
710,670,4714,55989835,CORRENTE,72512.69,34392.16,ATIVA,2026-04-16,2026-04-16T08:53:09
711,123,4542,66176081,CORRENTE,88830.93,18087.98,ATIVA,2022-06-03,2022-06-03T10:20:42
712,447,4226,84288203,PAGAMENTO,70096.21,34712.25,ATIVA,2023-02-12,2023-02-12T10:36:35
713,525,9426,02354861,POUPANCA,22334.2,2925.52,ATIVA,2022-08-05,2022-08-05T04:09:23
714,900,2220,47967466,CORRENTE,5565.47,18058.17,ATIVA,2023-12-17,2023-12-17T21:04:30
715,979,5833,06538404,POUPANCA,41978.77,31947.33,ATIVA,2025-11-03,2025-11-03T10:57:32
716,199,3003,12684737,PAGAMENTO,112275.85,27185.62,ATIVA,2020-05-16,2020-05-16T04:41:50
717,847,4933,36434607,PAGAMENTO,103940.05,18126.13,ATIVA,2024-04-08,2024-04-08T01:29:57
718,361,2355,01731096,CORRENTE,76521.04,18650.71,ATIVA,2024-11-01,2024-11-01T23:20:59
719,349,2672,13746293,CORRENTE,21069.62,11055.68,ATIVA,2024-02-11,2024-02-11T00:52:01
720,919,9154,82332961,PAGAMENTO,124290.97,26282.64,ATIVA,2025-03-15,2025-03-15T21:00:33
721,565,1868,56015267,POUPANCA,137194.75,5828.28,ATIVA,2020-06-07,2020-06-07T04:58:02
722,18,7857,46735944,POUPANCA,102885.23,6950.7,ATIVA,2019-08-24,2019-08-24T12:47:01
723,612,8571,45908521,CORRENTE,105758.97,1437.98,ATIVA,2023-03-31,2023-03-31T12:59:39
724,228,2109,93179885,CORRENTE,102427.19,15371.42,ATIVA,2020-03-21,2020-03-21T10:08:55
725,81,6961,92720041,CORRENTE,9354.63,38734.62,ATIVA,2023-10-03,2023-10-03T11:32:36
726,44,3218,14471005,CORRENTE,118440.92,25673.96,ATIVA,2021-05-12,2021-05-12T15:31:26
727,122,4146,05809145,CORRENTE,43500.99,513.62,ATIVA,2024-12-09,2024-12-09T08:29:01
728,127,9860,27568481,PAGAMENTO,134929.17,9239.09,ATIVA,2026-05-18,2026-05-18T06:01:10
729,93,2385,37228731,PAGAMENTO,50545.07,8027.87,ATIVA,2025-05-22,2025-05-22T14:39:58
730,747,3963,67767770,PAGAMENTO,7921.4,40979.33,ATIVA,2025-07-29,2025-07-29T12:15:26
731,542,3556,96074612,CORRENTE,144550.23,8588.67,ATIVA,2022-03-25,2022-03-25T22:25:25
732,5,1617,28724659,PAGAMENTO,127322.76,23735.78,ATIVA,2023-01-08,2023-01-08T20:56:49
733,190,7204,90399089,CORRENTE,25079.4,17741.12,ATIVA,2021-08-20,2021-08-20T01:13:10
734,220,8426,30541810,POUPANCA,14708.94,49230.64,ATIVA,2020-05-15,2020-05-15T13:11:34
735,113,8516,18241850,POUPANCA,113746.74,35236.55,ATIVA,2023-01-13,2023-01-13T16:41:55
736,42,1348,44038905,POUPANCA,15147.7,14180.57,ATIVA,2021-04-08,2021-04-08T00:38:14
737,320,7274,30316219,PAGAMENTO,59610.54,49248.12,ATIVA,2020-05-13,2020-05-13T16:51:46
738,878,1141,63844259,PAGAMENTO,53534.81,639.29,ATIVA,2020-12-29,2020-12-29T18:01:36
739,689,1724,53199849,POUPANCA,77206.01,33825.93,ATIVA,2024-08-21,2024-08-21T04:01:50
740,405,6564,93286303,PAGAMENTO,146579.56,37071.61,INATIVA,2023-06-27,2023-06-27T13:24:58
741,173,1061,48816329,CORRENTE,49141.33,29748.04,ENCERRADA,2022-09-07,2022-09-07T00:50:59
742,126,3816,57002834,PAGAMENTO,73614.29,38240.85,ATIVA,2022-07-25,2022-07-25T03:40:09
743,608,4473,86413558,POUPANCA,51804.84,33333.85,BLOQUEADA,2023-05-20,2023-05-20T03:15:52
744,497,8380,37432068,CORRENTE,114619.93,5401.83,ATIVA,2026-07-10,2026-07-10T15:36:23
745,510,3782,84338532,CORRENTE,2032.84,36889.92,ATIVA,2021-01-29,2021-01-29T08:09:41
746,511,0439,24037817,POUPANCA,89699.05,16347.79,ATIVA,2025-11-25,2025-11-25T10:39:43
747,639,1579,10269973,PAGAMENTO,112120.49,38378.61,ATIVA,2025-12-21,2025-12-21T16:35:40
748,207,4810,88864650,POUPANCA,72263.18,13083.26,ATIVA,2023-02-02,2023-02-02T20:06:51
749,881,8857,73366100,CORRENTE,142768.53,1579.93,ATIVA,2020-06-11,2020-06-11T09:39:03
750,937,1952,51489931,POUPANCA,45470.28,18816.83,ATIVA,2023-02-15,2023-02-15T16:25:02
751,34,2898,74714520,PAGAMENTO,128705.01,15152.23,ATIVA,2024-08-22,2024-08-22T02:50:01
752,504,7057,18050707,POUPANCA,106647.79,24372.75,ATIVA,2022-02-28,2022-02-28T03:55:11
753,692,8038,88594249,PAGAMENTO,102019.56,28610.51,ATIVA,2024-09-28,2024-09-28T18:29:12
754,875,2561,68006117,CORRENTE,57186.18,24734.56,ENCERRADA,2023-01-21,2023-01-21T17:31:54
755,632,5780,38176561,POUPANCA,6867.16,29523.17,ATIVA,2021-06-02,2021-06-02T08:04:34
756,376,5716,99597223,PAGAMENTO,1602.23,44567.14,ATIVA,2023-09-19,2023-09-19T11:04:12
757,100,7015,46324313,POUPANCA,60319.26,2822.46,ATIVA,2024-05-01,2024-05-01T20:48:07
758,241,5114,79528255,CORRENTE,136334.33,3275.01,ATIVA,2023-11-17,2023-11-17T20:14:25
759,346,2782,02645699,PAGAMENTO,47232.82,23045.47,ATIVA,2020-03-02,2020-03-02T23:18:45
760,582,8434,56528834,POUPANCA,611.35,23485.0,ATIVA,2020-04-26,2020-04-26T19:20:41
761,325,6189,76551557,POUPANCA,46669.26,4886.28,ATIVA,2024-06-12,2024-06-12T12:21:11
762,708,3374,45092790,POUPANCA,74172.2,38245.2,ATIVA,2021-05-12,2021-05-12T15:30:42
763,630,4908,48765905,POUPANCA,28268.19,31772.21,ENCERRADA,2024-01-14,2024-01-14T03:09:47
764,78,8780,28733346,POUPANCA,37936.15,14866.01,ATIVA,2025-06-07,2025-06-07T05:44:25
765,824,3701,83828674,PAGAMENTO,143586.01,35885.34,ATIVA,2025-08-10,2025-08-10T19:38:47
766,607,5519,36690421,CORRENTE,83880.31,26553.18,ATIVA,2024-08-01,2024-08-01T06:47:36
767,356,1257,87447791,POUPANCA,74457.53,14995.45,ATIVA,2025-01-29,2025-01-29T09:25:16
768,321,3279,55608318,POUPANCA,35817.88,25768.46,ATIVA,2024-07-03,2024-07-03T15:38:25
769,561,2959,02496896,PAGAMENTO,104758.08,43135.49,ATIVA,2024-07-17,2024-07-17T14:05:55
770,219,7657,35961755,PAGAMENTO,78739.7,30721.11,ATIVA,2020-01-08,2020-01-08T16:00:43
771,445,9276,97524624,PAGAMENTO,6631.95,10032.4,ATIVA,2022-11-25,2022-11-25T01:49:54
772,247,2466,91980300,POUPANCA,126228.6,20513.01,ATIVA,2024-01-29,2024-01-29T04:28:23
773,934,1056,85084308,CORRENTE,126509.96,13346.74,ATIVA,2020-12-25,2020-12-25T04:10:11
774,165,4202,92188105,PAGAMENTO,33509.8,11924.17,ATIVA,2025-07-01,2025-07-01T23:07:30
775,29,4024,41680050,POUPANCA,71520.81,49564.66,ATIVA,2019-12-20,2019-12-20T10:23:24
776,928,0607,27110708,CORRENTE,39088.57,1457.09,ATIVA,2020-07-13,2020-07-13T22:34:00
777,285,9023,23620337,PAGAMENTO,127509.46,48189.34,ATIVA,2026-01-22,2026-01-22T17:45:42
778,21,0907,11264833,POUPANCA,89243.96,43358.59,INATIVA,2021-04-29,2021-04-29T23:27:33
779,417,5955,90150300,PAGAMENTO,132572.2,19844.75,ATIVA,2025-01-13,2025-01-13T00:35:15
780,863,2303,31680908,CORRENTE,84573.44,25012.43,ATIVA,2019-09-04,2019-09-04T13:51:21
781,681,9510,70499223,POUPANCA,73208.79,4512.44,ATIVA,2023-10-25,2023-10-25T11:05:57
782,792,5135,44196007,PAGAMENTO,109928.54,40292.08,ATIVA,2020-03-21,2020-03-21T01:57:55
783,958,6929,29260591,CORRENTE,13789.14,10705.43,ATIVA,2023-03-10,2023-03-10T21:06:37
784,419,4167,79118794,CORRENTE,72279.68,18735.25,BLOQUEADA,2023-10-07,2023-10-07T07:40:39
785,325,8942,56878966,POUPANCA,101617.61,48165.77,ATIVA,2022-07-11,2022-07-11T16:02:57
786,960,2375,48720769,POUPANCA,106639.86,41068.27,ATIVA,2021-03-03,2021-03-03T00:20:24
787,991,9926,04672043,PAGAMENTO,98489.07,47042.41,ATIVA,2026-05-01,2026-05-01T08:04:48
788,808,3927,33954790,PAGAMENTO,56165.26,31947.45,ATIVA,2025-05-18,2025-05-18T03:01:36
789,925,2000,71794498,CORRENTE,128291.19,19423.55,INATIVA,2025-06-25,2025-06-25T11:07:50
790,403,4187,40384525,CORRENTE,140289.17,37833.4,ATIVA,2021-01-09,2021-01-09T20:47:26
791,881,2626,58900893,PAGAMENTO,45870.61,40612.39,ATIVA,2020-07-17,2020-07-17T07:53:23
792,809,0556,36780560,CORRENTE,123037.66,47024.77,ATIVA,2022-11-15,2022-11-15T22:07:59
793,423,5452,96285922,POUPANCA,131206.09,41012.07,ATIVA,2021-06-14,2021-06-14T09:44:51
794,716,4276,67959069,CORRENTE,51158.09,30105.8,ATIVA,2026-05-23,2026-05-23T11:48:53
795,756,5354,60835763,PAGAMENTO,1671.01,2604.94,ATIVA,2025-06-11,2025-06-11T07:32:34
796,646,7265,86046826,CORRENTE,-2030.94,10003.77,ATIVA,2021-03-21,2021-03-21T11:37:07
797,590,1348,14875110,CORRENTE,35564.54,35678.2,ATIVA,2023-02-25,2023-02-25T03:02:35
798,665,2132,79727495,PAGAMENTO,60073.22,46970.91,ATIVA,2020-08-03,2020-08-03T18:34:44
799,895,2188,34987862,CORRENTE,102338.7,41338.43,ATIVA,2026-05-23,2026-05-23T00:58:50
800,204,1383,55632769,POUPANCA,25238.11,43819.5,BLOQUEADA,2021-08-16,2021-08-16T09:27:04
801,906,9346,30130154,CORRENTE,142086.66,46155.62,ATIVA,2020-03-21,2020-03-21T03:36:20
802,642,3748,11942233,POUPANCA,27735.6,35063.06,ATIVA,2023-07-26,2023-07-26T04:01:17
803,411,7028,80583349,POUPANCA,20260.81,47901.64,ATIVA,2024-10-14,2024-10-14T16:05:53
804,581,1923,01894471,PAGAMENTO,77690.25,38667.97,INATIVA,2024-01-18,2024-01-18T06:09:43
805,848,8097,15906459,CORRENTE,106318.47,9527.21,ATIVA,2022-05-14,2022-05-14T18:26:29
806,801,4362,38649602,PAGAMENTO,72860.64,6509.97,ATIVA,2021-11-04,2021-11-04T04:35:08
807,615,3532,37979221,PAGAMENTO,100771.27,20916.55,ATIVA,2024-06-26,2024-06-26T07:11:49
808,150,0472,38949040,POUPANCA,33411.56,22548.83,ATIVA,2019-11-17,2019-11-17T02:17:25
809,597,7507,11507651,CORRENTE,69004.45,43572.17,ENCERRADA,2025-12-24,2025-12-24T20:32:23
810,408,3477,95742331,POUPANCA,105539.11,36805.21,ATIVA,2019-12-14,2019-12-14T08:49:39
811,98,9126,07885603,CORRENTE,48261.54,11742.07,INATIVA,2022-03-16,2022-03-16T21:22:46
812,621,9802,95236332,PAGAMENTO,121002.57,268.05,ATIVA,2025-06-05,2025-06-05T16:52:38
813,391,4957,52975310,PAGAMENTO,54062.43,48402.89,ATIVA,2024-09-07,2024-09-07T19:05:08
814,595,2939,34935755,CORRENTE,74321.38,46516.35,ATIVA,2020-01-17,2020-01-17T03:36:09
815,136,1469,42589619,PAGAMENTO,78389.63,7089.79,ATIVA,2021-08-18,2021-08-18T05:52:09
816,46,2096,67002915,POUPANCA,111543.06,46311.85,ATIVA,2023-08-13,2023-08-13T20:32:44
817,898,4313,82266283,POUPANCA,76338.33,21788.77,ATIVA,2025-04-14,2025-04-14T20:15:06
818,755,8050,20302411,PAGAMENTO,127587.63,32870.97,ATIVA,2020-12-14,2020-12-14T18:33:52
819,55,3096,19947548,CORRENTE,32553.73,1793.11,ATIVA,2024-09-05,2024-09-05T16:46:37
820,723,7654,58576626,CORRENTE,149268.27,46360.32,ATIVA,2022-08-09,2022-08-09T05:54:40
821,366,9190,65122377,POUPANCA,72680.75,42291.92,ATIVA,2025-12-10,2025-12-10T15:11:15
822,127,5728,12559811,CORRENTE,129896.4,9032.75,ATIVA,2022-01-30,2022-01-30T11:19:35
823,521,4470,75597785,PAGAMENTO,86815.8,29177.37,ENCERRADA,2022-09-22,2022-09-22T17:16:06
824,539,9352,24235541,POUPANCA,137863.01,12307.87,ATIVA,2023-12-15,2023-12-15T02:19:27
825,97,5385,03484584,POUPANCA,101400.13,34031.97,ATIVA,2026-03-03,2026-03-03T20:46:57
826,605,1738,43424581,CORRENTE,1903.36,23011.66,ATIVA,2022-05-25,2022-05-25T14:19:40
827,492,7440,84336614,POUPANCA,88116.15,290.27,BLOQUEADA,2023-11-06,2023-11-06T16:13:13
828,672,7424,43609416,PAGAMENTO,149972.72,45343.92,ATIVA,2021-06-24,2021-06-24T01:12:11
829,133,3464,06534021,PAGAMENTO,40650.49,39907.35,ATIVA,2022-06-22,2022-06-22T01:20:38
830,561,9868,51189425,CORRENTE,58325.92,8900.54,BLOQUEADA,2025-06-23,2025-06-23T02:15:20
831,887,6536,11970653,CORRENTE,127482.74,8147.03,ATIVA,2023-02-23,2023-02-23T14:13:41
832,292,2526,16186925,POUPANCA,72353.88,21617.92,ATIVA,2026-07-17,2026-07-17T23:02:36
833,318,9888,17620999,POUPANCA,98991.85,41602.64,ATIVA,2021-07-23,2021-07-23T14:30:39
834,502,7299,52088495,POUPANCA,38443.11,30017.04,ATIVA,2025-05-08,2025-05-08T05:30:47
835,433,6034,82391940,CORRENTE,63701.15,21300.85,ATIVA,2024-08-25,2024-08-25T06:46:30
836,350,7595,90790245,CORRENTE,96260.62,35681.77,BLOQUEADA,2024-07-19,2024-07-19T21:57:39
837,540,8597,11270277,POUPANCA,68903.42,3959.16,ATIVA,2024-03-24,2024-03-24T08:33:48
838,308,2435,17151650,PAGAMENTO,135192.8,42076.9,ATIVA,2026-01-06,2026-01-06T21:04:33
839,303,9315,06405981,PAGAMENTO,9171.21,2254.75,ATIVA,2020-08-13,2020-08-13T11:49:16
840,436,6767,12681477,POUPANCA,98280.43,28423.91,ATIVA,2020-11-13,2020-11-13T02:28:29
841,261,9594,10974925,PAGAMENTO,-19.02,37025.81,ATIVA,2023-08-31,2023-08-31T06:40:07
842,806,2986,52741842,CORRENTE,10201.81,43837.77,ATIVA,2021-12-07,2021-12-07T09:44:52
843,602,7455,89960757,POUPANCA,92631.09,13253.72,BLOQUEADA,2025-10-18,2025-10-18T03:22:47
844,893,3067,28329118,CORRENTE,9428.63,49109.31,ATIVA,2021-06-02,2021-06-02T01:15:54
845,690,1743,58223506,PAGAMENTO,232.07,19746.69,ATIVA,2024-09-13,2024-09-13T02:14:45
846,672,7818,61762035,PAGAMENTO,59276.47,32885.85,ATIVA,2024-12-10,2024-12-10T04:59:24
847,744,7975,40641126,PAGAMENTO,121502.7,30837.24,ATIVA,2020-11-16,2020-11-16T03:26:28
848,987,6472,40621890,CORRENTE,16576.15,693.8,ATIVA,2020-10-20,2020-10-20T08:08:55
849,17,3084,03599089,CORRENTE,70870.37,7257.71,ATIVA,2022-04-22,2022-04-22T04:37:40
850,863,8825,25624105,CORRENTE,43389.98,23171.28,ATIVA,2026-03-05,2026-03-05T22:48:01
851,23,1909,22294302,CORRENTE,110164.13,22263.3,ATIVA,2022-06-22,2022-06-22T22:10:35
852,21,7365,78547741,CORRENTE,28204.11,28471.52,ATIVA,2020-06-19,2020-06-19T02:59:38
853,53,5470,01056869,CORRENTE,93637.51,35654.64,ENCERRADA,2023-04-16,2023-04-16T22:27:38
854,869,8122,98928977,PAGAMENTO,88365.53,27715.23,ATIVA,2026-06-11,2026-06-11T21:34:08
855,500,6549,65243367,PAGAMENTO,87633.49,30574.76,ATIVA,2021-11-18,2021-11-18T09:12:52
856,837,7994,31125868,PAGAMENTO,6757.46,950.98,ATIVA,2020-02-27,2020-02-27T23:04:03
857,567,1041,35950067,PAGAMENTO,61113.46,23666.9,ATIVA,2024-09-02,2024-09-02T00:57:37
858,962,5682,60173216,PAGAMENTO,64025.08,8066.67,ATIVA,2025-07-10,2025-07-10T20:43:01
859,481,5634,58802222,CORRENTE,74914.48,29382.94,ATIVA,2025-11-09,2025-11-09T15:53:18
860,944,9865,95992407,PAGAMENTO,68941.26,44158.67,ATIVA,2021-02-17,2021-02-17T18:01:11
861,400,6830,90342932,PAGAMENTO,109524.16,39798.63,ATIVA,2022-04-23,2022-04-23T19:00:03
862,865,2655,83462272,CORRENTE,40574.73,37462.72,ATIVA,2024-04-22,2024-04-22T20:23:40
863,133,2840,26774320,CORRENTE,89876.72,5045.19,ATIVA,2020-02-18,2020-02-18T17:32:06
864,506,4976,31503439,CORRENTE,82416.65,49963.06,ATIVA,2024-12-01,2024-12-01T14:38:46
865,268,5850,90855720,CORRENTE,24144.01,42973.08,ATIVA,2025-11-07,2025-11-07T10:44:44
866,827,1044,45329992,POUPANCA,14880.32,11334.51,ATIVA,2021-09-22,2021-09-22T15:01:59
867,499,4225,45677543,POUPANCA,114829.52,38504.74,ATIVA,2023-10-06,2023-10-06T15:13:40
868,918,2477,92628430,PAGAMENTO,89654.15,5207.1,ATIVA,2023-02-23,2023-02-23T04:49:23
869,969,7174,61355707,CORRENTE,146135.61,39082.62,ATIVA,2021-02-02,2021-02-02T23:41:13
870,879,1670,75493831,CORRENTE,74864.12,8352.31,ATIVA,2020-06-20,2020-06-20T12:43:09
871,211,5926,21076552,PAGAMENTO,42048.76,22075.9,ATIVA,2026-07-13,2026-07-13T12:32:01
872,751,1627,20709223,PAGAMENTO,52969.88,40958.04,ATIVA,2025-07-19,2025-07-19T02:24:01
873,207,7195,55800999,CORRENTE,34910.7,40457.26,ATIVA,2021-02-11,2021-02-11T08:29:32
874,518,2806,11439896,POUPANCA,54296.54,37742.26,ATIVA,2025-07-29,2025-07-29T19:54:15
875,681,4022,20348913,PAGAMENTO,61812.64,11409.1,ATIVA,2021-02-28,2021-02-28T23:27:42
876,424,6707,61572794,PAGAMENTO,118677.62,18088.72,ATIVA,2023-01-07,2023-01-07T02:43:36
877,150,0163,96318096,PAGAMENTO,141405.53,4238.91,ATIVA,2026-06-19,2026-06-19T06:44:43
878,791,2693,58260196,CORRENTE,57473.11,1854.69,INATIVA,2019-11-19,2019-11-19T05:52:00
879,155,9414,07759104,PAGAMENTO,146957.18,39953.54,ATIVA,2020-08-06,2020-08-06T19:38:59
880,997,4846,56278205,POUPANCA,132581.88,35039.52,ATIVA,2025-06-27,2025-06-27T08:19:44
881,739,5140,46192020,CORRENTE,123618.04,45010.43,ATIVA,2024-03-05,2024-03-05T05:20:13
882,151,6619,59886481,PAGAMENTO,28782.87,27221.26,ATIVA,2022-12-05,2022-12-05T00:31:24
883,668,7245,93612969,POUPANCA,132870.42,39078.15,ATIVA,2021-07-20,2021-07-20T00:49:55
884,203,4941,11311995,CORRENTE,79458.61,19499.68,ATIVA,2024-06-04,2024-06-04T17:09:46
885,901,2065,69856261,PAGAMENTO,40799.0,4640.98,ATIVA,2024-08-26,2024-08-26T22:27:28
886,534,5583,85320265,CORRENTE,1071.82,44515.97,ATIVA,2021-10-14,2021-10-14T13:25:02
887,265,3955,40794417,PAGAMENTO,61968.75,25263.73,ATIVA,2022-08-11,2022-08-11T13:51:42
888,862,6111,34863922,PAGAMENTO,74893.66,6190.65,ATIVA,2021-10-05,2021-10-05T12:16:19
889,964,2044,60228446,POUPANCA,84796.38,260.67,ATIVA,2020-05-24,2020-05-24T17:31:58
890,242,9529,75913175,PAGAMENTO,133886.68,31387.22,ATIVA,2021-05-02,2021-05-02T05:43:14
891,610,3832,47021455,POUPANCA,40891.66,39239.46,ATIVA,2025-09-19,2025-09-19T14:07:27
892,689,2294,95878566,POUPANCA,76749.16,12381.67,ATIVA,2026-02-19,2026-02-19T13:09:51
893,597,3155,48488508,POUPANCA,12443.14,35582.02,ATIVA,2024-04-14,2024-04-14T04:09:10
894,84,1512,08347494,POUPANCA,132997.67,23812.65,ATIVA,2021-09-15,2021-09-15T06:11:20
895,379,8623,54056688,PAGAMENTO,82742.69,38941.24,ATIVA,2022-04-10,2022-04-10T07:57:58
896,599,8173,85424370,POUPANCA,149468.05,34450.89,BLOQUEADA,2021-07-21,2021-07-21T12:51:45
897,750,6831,21856388,CORRENTE,74632.35,24238.22,ATIVA,2020-05-12,2020-05-12T18:19:02
898,992,8409,71020118,CORRENTE,103406.78,22771.62,ATIVA,2022-03-27,2022-03-27T16:47:28
899,161,9160,49570910,CORRENTE,89244.03,20430.99,ATIVA,2022-11-17,2022-11-17T18:26:56
900,586,4745,05406578,PAGAMENTO,20878.94,18573.37,ENCERRADA,2021-06-01,2021-06-01T10:24:40
901,311,4817,65219823,CORRENTE,118158.56,7106.99,ATIVA,2026-03-02,2026-03-02T04:12:55
902,50,5000,38048351,CORRENTE,25419.26,36983.02,ATIVA,2020-01-06,2020-01-06T02:04:13
903,561,5713,09068359,CORRENTE,61180.21,28652.95,ATIVA,2024-09-11,2024-09-11T01:51:38
904,922,5535,50641105,POUPANCA,124755.15,41684.17,ATIVA,2021-08-17,2021-08-17T06:39:58
905,142,8271,85424251,POUPANCA,113656.01,33361.04,ATIVA,2019-08-22,2019-08-22T05:53:18
906,746,5329,11987654,PAGAMENTO,98836.6,20481.42,ATIVA,2026-02-17,2026-02-17T05:23:46
907,405,5555,72611047,CORRENTE,143607.12,44502.16,ATIVA,2026-05-18,2026-05-18T20:15:54
908,662,1451,22228440,PAGAMENTO,1282.62,31505.46,ATIVA,2023-07-26,2023-07-26T10:30:09
909,317,9193,86591867,CORRENTE,95696.91,4257.6,BLOQUEADA,2024-08-25,2024-08-25T15:15:55
910,555,9452,07096680,PAGAMENTO,77067.45,37527.93,ATIVA,2022-12-19,2022-12-19T20:47:09
911,20,1971,88349412,PAGAMENTO,24910.87,948.68,ATIVA,2023-12-31,2023-12-31T23:03:30
912,252,9496,59623471,CORRENTE,120555.46,30342.74,ATIVA,2025-03-11,2025-03-11T10:13:37
913,47,8053,03122341,POUPANCA,64145.16,20746.82,ATIVA,2025-10-31,2025-10-31T16:31:20
914,325,6259,34517820,CORRENTE,14983.31,4966.68,ATIVA,2022-06-09,2022-06-09T09:45:13
915,148,2993,34299948,CORRENTE,21019.67,47608.24,ATIVA,2026-02-27,2026-02-27T15:45:26
916,61,5330,24354860,CORRENTE,106278.35,14901.22,ATIVA,2024-11-08,2024-11-08T00:51:05
917,146,6764,43515776,POUPANCA,54765.76,41387.07,ATIVA,2019-12-16,2019-12-16T15:26:39
918,208,3926,80128604,PAGAMENTO,33564.9,25431.06,ATIVA,2025-02-05,2025-02-05T16:02:53
919,973,1886,36143161,CORRENTE,46046.31,27656.05,ATIVA,2024-07-23,2024-07-23T11:27:50
920,30,6677,85032474,CORRENTE,136844.6,931.14,ATIVA,2023-03-19,2023-03-19T01:16:27
921,601,1664,33059987,PAGAMENTO,96861.51,6278.57,ATIVA,2025-06-25,2025-06-25T22:46:33
922,457,1375,85335497,PAGAMENTO,28527.18,48395.58,ATIVA,2025-03-11,2025-03-11T19:29:46
923,173,4017,72146811,POUPANCA,144106.2,27757.61,ATIVA,2022-03-02,2022-03-02T13:00:12
924,833,7613,83312960,POUPANCA,97091.47,8369.08,ATIVA,2022-08-25,2022-08-25T02:35:29
925,944,7901,36682100,PAGAMENTO,35760.57,33999.89,ENCERRADA,2026-04-09,2026-04-09T07:48:28
926,863,3486,78538734,PAGAMENTO,40399.97,8070.82,ATIVA,2024-06-29,2024-06-29T02:14:33
927,72,4926,12041358,POUPANCA,104010.47,41524.91,ATIVA,2024-02-22,2024-02-22T23:21:37
928,287,7078,28299832,PAGAMENTO,74485.09,40102.83,INATIVA,2023-07-09,2023-07-09T09:55:28
929,969,5614,85251059,POUPANCA,146895.15,35387.7,ATIVA,2020-09-19,2020-09-19T14:48:12
930,679,5270,45852777,CORRENTE,67619.4,29975.68,ATIVA,2024-12-02,2024-12-02T12:04:53
931,709,2191,86764150,CORRENTE,90339.98,213.96,ATIVA,2021-12-04,2021-12-04T15:38:31
932,178,6770,74596959,PAGAMENTO,104753.2,38123.26,ATIVA,2025-10-08,2025-10-08T09:23:12
933,807,1271,72296290,CORRENTE,133617.26,40802.83,ATIVA,2019-11-03,2019-11-03T01:12:58
934,127,5784,50516392,PAGAMENTO,52089.78,8859.33,ATIVA,2024-05-07,2024-05-07T14:43:14
935,714,0139,16745523,POUPANCA,53998.3,9649.54,ATIVA,2025-12-09,2025-12-09T03:38:12
936,761,0325,37733232,PAGAMENTO,138013.3,17891.05,ATIVA,2024-10-06,2024-10-06T11:09:00
937,629,4968,96342765,CORRENTE,33224.34,24690.43,ATIVA,2024-09-18,2024-09-18T01:10:51
938,288,8075,94495683,PAGAMENTO,89919.11,356.77,ENCERRADA,2021-01-22,2021-01-22T14:37:01
939,654,6490,14890991,POUPANCA,84288.09,24700.57,ATIVA,2025-07-17,2025-07-17T05:53:54
940,676,9269,90217875,PAGAMENTO,89453.31,8776.44,ATIVA,2020-06-24,2020-06-24T14:57:20
941,764,1066,17103488,POUPANCA,139868.42,42773.95,INATIVA,2023-06-27,2023-06-27T06:15:02
942,747,4495,25749879,PAGAMENTO,1025.42,48490.54,ATIVA,2023-09-05,2023-09-05T07:55:03
943,630,4144,91359371,PAGAMENTO,132173.05,97.75,ATIVA,2024-12-22,2024-12-22T10:17:58
944,690,0850,43352228,POUPANCA,126262.09,20343.79,ATIVA,2026-03-03,2026-03-03T11:27:14
945,531,7645,66514913,POUPANCA,76381.68,2173.23,ATIVA,2021-03-01,2021-03-01T22:47:26
946,49,4554,56379777,PAGAMENTO,65951.38,257.96,ATIVA,2022-05-12,2022-05-12T06:43:22
947,84,9369,03405364,PAGAMENTO,31908.27,34477.45,BLOQUEADA,2025-02-06,2025-02-06T09:48:59
948,940,4096,26424360,CORRENTE,47706.76,3142.21,ATIVA,2026-01-12,2026-01-12T21:00:26
949,29,7864,57975206,CORRENTE,87860.94,31314.86,ATIVA,2020-05-10,2020-05-10T01:34:03
950,257,4050,14474128,POUPANCA,33849.78,17040.1,ATIVA,2023-02-15,2023-02-15T15:16:19
951,342,8515,31775197,CORRENTE,115801.79,30978.33,ATIVA,2022-12-21,2022-12-21T11:21:20
952,641,7315,77703270,CORRENTE,10544.04,3034.35,ATIVA,2023-11-21,2023-11-21T06:41:14
953,321,1066,17117565,CORRENTE,137665.16,22095.92,ATIVA,2020-02-11,2020-02-11T06:48:20
954,642,7076,08830220,CORRENTE,100828.58,27962.9,ATIVA,2020-02-18,2020-02-18T00:39:36
955,391,6582,12862119,PAGAMENTO,112174.41,11655.6,ATIVA,2021-04-26,2021-04-26T21:57:27
956,676,0174,60855828,POUPANCA,68291.89,21405.29,ATIVA,2021-05-26,2021-05-26T17:33:08
957,104,5565,87365195,PAGAMENTO,116896.69,22703.84,ATIVA,2024-11-07,2024-11-07T20:12:12
958,198,1770,13782773,CORRENTE,88264.2,3377.22,ATIVA,2023-07-26,2023-07-26T23:33:52
959,199,9392,16908968,PAGAMENTO,75106.95,17769.56,ATIVA,2021-03-14,2021-03-14T03:36:28
960,636,7285,24954218,CORRENTE,18495.09,2203.54,ATIVA,2023-03-19,2023-03-19T11:57:41
961,599,7141,68870571,PAGAMENTO,112541.98,15559.41,INATIVA,2023-06-02,2023-06-02T03:41:19
962,795,2386,19784910,POUPANCA,44572.85,17145.02,ATIVA,2019-10-23,2019-10-23T17:05:34
963,9,8482,78710633,PAGAMENTO,100940.81,2865.88,ATIVA,2023-08-20,2023-08-20T01:29:04
964,856,9167,07329267,POUPANCA,49931.96,48825.54,ATIVA,2025-06-15,2025-06-15T12:45:47
965,207,1121,45842324,CORRENTE,99348.67,34739.08,ENCERRADA,2020-09-21,2020-09-21T02:09:12
966,615,5426,77632977,PAGAMENTO,144367.4,30805.16,ATIVA,2020-08-05,2020-08-05T07:04:56
967,167,1718,60975395,CORRENTE,73129.43,45997.68,ATIVA,2023-08-21,2023-08-21T22:25:43
968,710,3773,62617504,PAGAMENTO,30003.62,24037.31,ATIVA,2025-02-25,2025-02-25T02:05:33
969,835,5432,99332043,POUPANCA,28810.74,9212.23,ENCERRADA,2021-06-28,2021-06-28T13:43:47
970,372,0163,09896029,POUPANCA,2077.68,5759.46,ATIVA,2025-07-29,2025-07-29T15:43:45
971,200,9596,48306201,CORRENTE,146234.66,9956.14,ATIVA,2022-01-23,2022-01-23T21:18:04
972,225,4293,96480626,CORRENTE,49322.17,27725.25,ATIVA,2019-08-30,2019-08-30T02:24:19
973,23,2885,35136672,CORRENTE,701.55,33872.62,ATIVA,2025-07-28,2025-07-28T19:57:08
974,807,1819,45417035,CORRENTE,44023.54,12007.5,ATIVA,2021-02-05,2021-02-05T08:01:30
975,677,2808,70722910,PAGAMENTO,131953.73,43919.39,ATIVA,2022-03-01,2022-03-01T20:18:21
976,148,2143,25453202,CORRENTE,78714.59,34717.69,ATIVA,2020-09-10,2020-09-10T06:34:03
977,440,4007,06200214,PAGAMENTO,87067.2,42721.77,ATIVA,2025-02-05,2025-02-05T04:25:15
978,153,5369,33174818,CORRENTE,93492.52,14003.67,ATIVA,2021-01-09,2021-01-09T14:06:11
979,521,9570,65631213,CORRENTE,108413.03,39233.26,ATIVA,2025-01-23,2025-01-23T09:26:27
980,630,1063,22472550,PAGAMENTO,56687.67,44121.1,ATIVA,2021-01-06,2021-01-06T17:53:12
981,384,8169,69644555,POUPANCA,24797.27,35624.34,ATIVA,2025-10-25,2025-10-25T18:37:01
982,495,8107,63586744,POUPANCA,86130.97,31905.28,ATIVA,2021-11-12,2021-11-12T07:20:51
983,666,0600,27809860,CORRENTE,133969.91,22604.0,ATIVA,2020-05-13,2020-05-13T12:19:55
984,224,5014,57045602,POUPANCA,84633.98,46774.95,ATIVA,2025-06-02,2025-06-02T21:38:37
985,564,1389,18029510,CORRENTE,42494.82,25941.04,ATIVA,2024-10-23,2024-10-23T09:33:46
986,43,7623,68754654,PAGAMENTO,48797.03,22557.56,ATIVA,2024-01-13,2024-01-13T01:25:30
987,377,8152,42549762,POUPANCA,55811.57,8978.29,ATIVA,2026-04-20,2026-04-20T16:10:27
988,661,1244,48196638,CORRENTE,42413.97,25088.25,ATIVA,2025-09-14,2025-09-14T23:29:02
989,81,4529,30566960,CORRENTE,15584.65,18011.84,ATIVA,2021-07-08,2021-07-08T10:11:32
990,342,3222,90611372,POUPANCA,35628.61,37260.57,ATIVA,2026-06-18,2026-06-18T05:24:57
991,866,4497,25587595,PAGAMENTO,89615.19,6893.26,ATIVA,2026-06-13,2026-06-13T22:29:33
992,734,8899,35049007,CORRENTE,114936.6,14092.26,ATIVA,2020-02-01,2020-02-01T20:03:06
993,414,6648,77840079,PAGAMENTO,-686.67,32704.55,ENCERRADA,2023-01-25,2023-01-25T16:31:33
994,975,2446,53352257,CORRENTE,32106.26,37456.85,ATIVA,2025-04-18,2025-04-18T10:17:52
995,529,9618,74170764,POUPANCA,107682.83,23070.06,ATIVA,2021-08-27,2021-08-27T10:39:10
996,321,3078,57551619,PAGAMENTO,61197.4,21934.04,ATIVA,2021-02-19,2021-02-19T12:37:28
997,31,6140,18649584,PAGAMENTO,130746.91,15278.6,ATIVA,2025-10-21,2025-10-21T06:04:37
998,512,5811,45610170,CORRENTE,61419.97,34288.14,ATIVA,2021-07-24,2021-07-24T10:31:45
999,798,8809,40216626,POUPANCA,87010.65,28378.87,ATIVA,2023-04-04,2023-04-04T07:17:19
1000,143,2519,44325476,PAGAMENTO,93550.49,30150.14,ATIVA,2022-03-23,2022-03-23T17:20:47
1001,888,6405,51179712,CORRENTE,142175.63,3185.46,ATIVA,2022-03-10,2022-03-10T21:22:58
1002,487,1780,44136341,PAGAMENTO,144195.57,31950.17,ATIVA,2019-09-09,2019-09-09T01:49:28
1003,176,1710,90581604,PAGAMENTO,24589.5,41323.74,ATIVA,2020-05-13,2020-05-13T18:48:51
1004,28,3059,26709159,CORRENTE,136480.16,19294.71,ATIVA,2024-03-12,2024-03-12T07:12:26
1005,299,8592,09392481,POUPANCA,6261.61,25926.58,ATIVA,2020-05-31,2020-05-31T14:20:02
1006,881,6732,52493262,CORRENTE,148413.26,6456.88,ATIVA,2025-01-31,2025-01-31T01:55:46
1007,761,1127,52209743,CORRENTE,17314.67,10283.85,ATIVA,2026-04-17,2026-04-17T12:51:54
1008,727,7779,21311259,PAGAMENTO,85201.44,15515.69,ATIVA,2022-03-15,2022-03-15T10:27:11
1009,734,7520,36969063,CORRENTE,-1364.9,7134.6,ATIVA,2022-01-12,2022-01-12T20:58:07
1010,409,9910,33130321,PAGAMENTO,47655.95,28461.45,ATIVA,2021-11-06,2021-11-06T08:22:45
1011,474,9440,05245872,PAGAMENTO,11393.16,32314.96,INATIVA,2020-12-29,2020-12-29T20:28:56
1012,356,4874,52491261,PAGAMENTO,123073.01,42492.19,ATIVA,2022-02-01,2022-02-01T13:49:59
1013,184,7080,61448655,POUPANCA,136402.05,9172.22,ATIVA,2026-01-13,2026-01-13T22:41:57
1014,403,0716,32171353,CORRENTE,39250.88,31404.16,ATIVA,2024-04-07,2024-04-07T14:41:03
1015,939,1094,93689879,PAGAMENTO,107667.43,10862.74,ATIVA,2021-11-13,2021-11-13T11:33:26
1016,781,9058,16271299,POUPANCA,9171.38,5261.23,ATIVA,2020-11-19,2020-11-19T18:59:43
1017,334,6720,60523604,CORRENTE,36046.91,25303.23,ATIVA,2025-04-05,2025-04-05T01:07:22
1018,75,7568,51157835,POUPANCA,111258.51,42788.66,ATIVA,2025-04-01,2025-04-01T04:00:09
1019,11,4106,15392454,PAGAMENTO,137363.39,16355.52,ATIVA,2019-10-30,2019-10-30T00:47:41
1020,497,7559,09158639,CORRENTE,81135.35,12114.68,BLOQUEADA,2020-11-26,2020-11-26T03:09:05
1021,144,7714,37465790,CORRENTE,23514.84,903.31,ATIVA,2025-06-17,2025-06-17T18:12:07
1022,302,2035,71760023,PAGAMENTO,57104.55,3879.26,ATIVA,2021-12-10,2021-12-10T16:42:28
1023,694,4477,20601949,POUPANCA,52108.27,10833.62,ATIVA,2021-08-24,2021-08-24T09:22:05
1024,692,8722,29013377,POUPANCA,103753.21,41825.06,ATIVA,2026-06-11,2026-06-11T05:45:03
1025,657,1685,52427913,PAGAMENTO,44519.45,2620.76,ATIVA,2025-12-23,2025-12-23T16:33:28
1026,791,6184,27076823,CORRENTE,54633.32,11927.02,ATIVA,2022-09-11,2022-09-11T04:11:51
1027,432,0458,01954206,POUPANCA,122630.3,33997.98,ATIVA,2019-08-18,2019-08-18T00:55:13
1028,982,1583,89135169,CORRENTE,107911.75,2200.63,ATIVA,2025-07-01,2025-07-01T23:40:00
1029,836,5360,43309320,PAGAMENTO,93084.93,31233.67,BLOQUEADA,2024-09-04,2024-09-04T06:57:08
1030,405,7011,16214034,CORRENTE,30101.45,17828.82,ATIVA,2022-03-08,2022-03-08T02:57:34
1031,412,5182,01608114,POUPANCA,29947.11,11004.81,ATIVA,2023-04-20,2023-04-20T21:22:26
1032,286,6046,05897386,CORRENTE,132532.66,20554.84,ATIVA,2023-01-24,2023-01-24T07:34:16
1033,512,1669,95634307,PAGAMENTO,118167.12,46111.2,ATIVA,2022-07-20,2022-07-20T22:07:29
1034,258,1553,80512806,POUPANCA,147165.92,34815.77,ATIVA,2025-07-13,2025-07-13T22:22:35
1035,996,2178,44566534,CORRENTE,94391.4,44198.35,ATIVA,2020-05-03,2020-05-03T14:00:01
1036,872,7900,09061507,POUPANCA,191.44,45605.16,ATIVA,2020-07-26,2020-07-26T22:44:55
1037,524,3809,67567895,PAGAMENTO,104955.94,664.58,ATIVA,2025-04-01,2025-04-01T15:31:07
1038,778,2033,41452962,CORRENTE,110031.78,37862.29,ATIVA,2025-10-28,2025-10-28T10:59:30
1039,62,2254,50267711,POUPANCA,42733.75,7583.53,ATIVA,2023-12-11,2023-12-11T13:42:58
1040,39,3901,97349249,PAGAMENTO,148254.09,22186.31,ATIVA,2023-03-10,2023-03-10T04:35:23
1041,138,4557,42619318,PAGAMENTO,117513.06,1980.37,ATIVA,2025-02-26,2025-02-26T15:56:54
1042,425,4727,03180066,CORRENTE,126657.56,16563.51,ATIVA,2020-02-13,2020-02-13T15:00:26
1043,553,0886,89255597,CORRENTE,119721.4,34813.9,ATIVA,2022-06-05,2022-06-05T07:56:00
1044,894,6251,69990778,POUPANCA,25490.68,31489.13,ATIVA,2023-02-09,2023-02-09T09:29:55
1045,504,1147,25832276,CORRENTE,94240.96,7076.6,ATIVA,2021-11-23,2021-11-23T11:09:24
1046,94,2846,79541540,PAGAMENTO,124261.18,46590.63,ATIVA,2019-08-20,2019-08-20T08:12:40
1047,81,6984,97306391,POUPANCA,44998.1,36083.69,ATIVA,2024-10-10,2024-10-10T20:15:38
1048,181,9927,33416112,POUPANCA,41016.32,22413.56,ATIVA,2026-05-24,2026-05-24T05:01:49
1049,279,7884,10739562,POUPANCA,58232.28,8388.3,ATIVA,2024-06-18,2024-06-18T17:26:21
1050,518,9985,98640381,POUPANCA,113449.48,40980.19,ATIVA,2021-12-27,2021-12-27T18:33:41
1051,21,6250,57364293,CORRENTE,113225.89,46076.62,ATIVA,2020-06-10,2020-06-10T10:51:51
1052,157,9058,97529076,CORRENTE,36736.99,23182.56,ATIVA,2022-03-12,2022-03-12T02:19:34
1053,385,9211,81339347,POUPANCA,8470.8,6832.82,ATIVA,2023-10-11,2023-10-11T04:13:32
1054,159,3107,00561105,CORRENTE,128902.41,36518.43,ATIVA,2022-07-22,2022-07-22T12:34:49
1055,415,6813,52968986,PAGAMENTO,54404.6,24477.56,ATIVA,2021-03-15,2021-03-15T01:40:56
1056,603,1168,54866541,CORRENTE,148852.05,6223.88,BLOQUEADA,2024-11-05,2024-11-05T15:47:33
1057,167,3183,58558919,POUPANCA,115118.73,37578.87,ATIVA,2024-02-25,2024-02-25T08:57:09
1058,727,8006,85225539,PAGAMENTO,53647.53,2885.23,ATIVA,2024-11-02,2024-11-02T16:30:48
1059,435,4044,32528052,POUPANCA,2762.4,40656.32,ATIVA,2025-07-29,2025-07-29T20:51:46
1060,693,0463,93613030,PAGAMENTO,95913.36,13066.53,ATIVA,2020-02-13,2020-02-13T02:10:52
1061,698,2415,34129963,CORRENTE,89327.77,47588.91,ATIVA,2021-03-15,2021-03-15T10:14:59
1062,13,1913,12389076,PAGAMENTO,106020.44,19217.39,ATIVA,2023-07-17,2023-07-17T15:05:25
1063,998,1317,69596864,CORRENTE,131090.94,8291.18,ATIVA,2019-11-24,2019-11-24T05:49:25
1064,709,4952,67195679,PAGAMENTO,97919.12,19139.43,ATIVA,2022-04-15,2022-04-15T05:46:37
1065,422,1457,14666518,PAGAMENTO,84823.28,39876.7,ATIVA,2022-03-18,2022-03-18T16:09:49
1066,276,3433,53414659,PAGAMENTO,44485.3,49351.27,ATIVA,2024-12-23,2024-12-23T03:55:18
1067,2,1588,09373967,PAGAMENTO,61220.54,20842.12,ATIVA,2020-09-15,2020-09-15T08:11:04
1068,442,2796,23676182,POUPANCA,25926.01,6716.6,ATIVA,2022-02-12,2022-02-12T14:37:05
1069,515,1807,60486667,PAGAMENTO,121691.49,9281.9,ATIVA,2022-04-30,2022-04-30T08:49:53
1070,188,3144,34809625,POUPANCA,64711.39,45648.57,ATIVA,2020-05-11,2020-05-11T06:43:32
1071,652,2722,10711891,POUPANCA,10570.33,6234.08,ATIVA,2025-05-21,2025-05-21T13:45:01
1072,31,9596,31511656,POUPANCA,71492.14,38026.68,ATIVA,2024-12-14,2024-12-14T07:25:35
1073,273,0119,89298045,PAGAMENTO,117854.09,2092.97,ATIVA,2024-11-13,2024-11-13T17:04:05
1074,811,0119,50421011,PAGAMENTO,76811.3,48102.89,ATIVA,2020-01-15,2020-01-15T15:49:37
1075,498,7754,45235397,PAGAMENTO,62991.68,18539.26,INATIVA,2023-11-22,2023-11-22T08:40:49
1076,323,3926,48480870,PAGAMENTO,58266.88,30540.45,ENCERRADA,2021-02-01,2021-02-01T16:18:55
1077,895,5411,13445579,CORRENTE,67180.19,34915.41,ATIVA,2022-11-05,2022-11-05T03:05:40
1078,910,2276,03446769,PAGAMENTO,16241.42,26531.47,BLOQUEADA,2020-03-18,2020-03-18T16:48:52
1079,770,4073,49449824,POUPANCA,91798.63,32943.81,ATIVA,2025-03-29,2025-03-29T19:37:58
1080,424,3080,00419982,PAGAMENTO,143525.94,40630.95,ATIVA,2026-07-22,2026-07-22T13:25:05
1081,369,0750,98759154,POUPANCA,100884.24,11677.93,ATIVA,2026-03-14,2026-03-14T08:33:39
1082,757,1334,46752593,POUPANCA,140710.42,47073.88,ATIVA,2020-03-01,2020-03-01T15:08:25
1083,675,1646,98553091,POUPANCA,42314.1,9753.85,ATIVA,2019-10-18,2019-10-18T16:11:09
1084,533,9370,96189233,PAGAMENTO,2341.23,24896.25,ATIVA,2025-01-13,2025-01-13T00:45:39
1085,853,8991,62653245,CORRENTE,134202.31,47752.56,ATIVA,2021-04-06,2021-04-06T12:40:40
1086,554,3947,32662690,CORRENTE,23491.03,47210.49,ATIVA,2022-04-10,2022-04-10T05:30:26
1087,109,7126,96068374,CORRENTE,21935.88,46448.37,INATIVA,2022-10-29,2022-10-29T06:06:29
1088,785,4594,29578371,PAGAMENTO,36788.35,23815.12,INATIVA,2022-04-14,2022-04-14T00:23:49
1089,127,2225,71745188,PAGAMENTO,108125.7,4522.09,ATIVA,2024-10-22,2024-10-22T16:40:33
1090,893,3667,77305665,PAGAMENTO,7361.72,17161.29,INATIVA,2021-11-02,2021-11-02T08:21:46
1091,761,6253,87767610,PAGAMENTO,117224.99,48312.4,ATIVA,2021-02-08,2021-02-08T09:01:01
1092,239,3663,34775002,CORRENTE,41873.92,5569.13,ATIVA,2025-12-09,2025-12-09T10:23:39
1093,607,3083,99940903,CORRENTE,84857.95,6370.87,ATIVA,2024-06-24,2024-06-24T18:46:18
1094,390,9453,98907446,CORRENTE,44896.83,29502.99,ATIVA,2024-08-12,2024-08-12T15:19:14
1095,398,6942,42901756,POUPANCA,119121.52,46696.26,ATIVA,2021-01-21,2021-01-21T07:46:36
1096,680,9857,79292611,CORRENTE,13754.35,459.43,ATIVA,2019-11-12,2019-11-12T18:01:26
1097,324,2371,39838983,CORRENTE,73724.48,22789.23,ATIVA,2024-12-16,2024-12-16T14:16:39
1098,150,0563,80380355,POUPANCA,44605.94,49516.76,ATIVA,2021-01-18,2021-01-18T10:30:55
1099,869,9404,64194024,PAGAMENTO,123874.81,24751.28,ATIVA,2021-08-15,2021-08-15T17:25:12
1100,386,0964,44713905,CORRENTE,123752.42,10530.65,ATIVA,2023-08-26,2023-08-26T11:31:33
1101,830,3688,94007092,PAGAMENTO,5516.36,43271.59,ATIVA,2022-10-25,2022-10-25T20:06:03
1102,500,6420,40144761,PAGAMENTO,136637.4,7959.66,ATIVA,2025-08-12,2025-08-12T16:12:36
1103,402,5529,56698598,PAGAMENTO,69696.8,17415.36,ATIVA,2022-10-23,2022-10-23T21:23:41
1104,74,8649,97543352,POUPANCA,40560.52,46153.19,ATIVA,2023-03-31,2023-03-31T21:28:11
1105,562,6452,13062012,CORRENTE,46821.33,39563.87,ATIVA,2024-07-10,2024-07-10T20:55:57
1106,56,4982,61408973,PAGAMENTO,22463.41,6878.05,ATIVA,2025-03-19,2025-03-19T03:42:40
1107,299,2373,28154363,CORRENTE,120164.66,9782.75,ATIVA,2023-03-02,2023-03-02T19:51:30
1108,371,9432,13683208,PAGAMENTO,117288.64,42921.54,ATIVA,2024-09-01,2024-09-01T06:16:53
1109,438,2757,07560688,CORRENTE,51726.54,23693.79,BLOQUEADA,2021-01-14,2021-01-14T14:45:54
1110,121,8445,87254651,POUPANCA,87992.34,48486.35,ATIVA,2026-02-28,2026-02-28T06:29:47
1111,414,4015,04562441,CORRENTE,34230.45,24431.29,ATIVA,2020-12-28,2020-12-28T20:59:56
1112,978,2827,87616926,PAGAMENTO,54744.18,34589.74,ATIVA,2024-05-30,2024-05-30T17:47:22
1113,675,1469,62233241,PAGAMENTO,55770.39,31616.68,ATIVA,2022-07-08,2022-07-08T07:09:08
1114,12,1967,15653497,CORRENTE,16112.86,32070.47,INATIVA,2021-07-21,2021-07-21T10:53:02
1115,231,0378,78765740,PAGAMENTO,148070.77,23974.92,ATIVA,2021-07-15,2021-07-15T04:38:48
1116,97,9714,24306374,POUPANCA,71339.2,32229.83,ATIVA,2024-02-19,2024-02-19T11:51:24
1117,586,2052,13346780,POUPANCA,7183.49,45444.03,ATIVA,2022-10-30,2022-10-30T11:22:32
1118,190,6641,94051988,CORRENTE,57553.97,40873.14,ATIVA,2020-05-11,2020-05-11T01:38:32
1119,543,8005,08580763,PAGAMENTO,125164.45,26949.09,ATIVA,2024-05-27,2024-05-27T02:49:36
1120,668,2034,27845316,PAGAMENTO,134384.35,9033.21,ATIVA,2021-09-10,2021-09-10T03:50:37
1121,185,0088,74453496,POUPANCA,119578.23,6152.27,ATIVA,2020-05-09,2020-05-09T19:24:56
1122,212,2642,11787126,PAGAMENTO,36655.97,37653.44,ATIVA,2020-02-14,2020-02-14T13:19:44
1123,128,8293,40074451,POUPANCA,144857.12,8580.16,ENCERRADA,2024-11-18,2024-11-18T10:39:16
1124,674,0002,33331240,POUPANCA,4540.36,47289.73,INATIVA,2026-07-25,2026-07-25T09:20:51
1125,301,8751,59716191,CORRENTE,85503.4,34755.07,ATIVA,2024-03-04,2024-03-04T11:53:08
1126,361,9932,72237255,PAGAMENTO,29500.52,4950.46,ATIVA,2026-03-22,2026-03-22T05:30:39
1127,243,0602,25242819,CORRENTE,43205.66,41631.39,BLOQUEADA,2025-12-25,2025-12-25T10:05:26
1128,617,9046,28996394,PAGAMENTO,52257.44,6424.61,ATIVA,2021-03-13,2021-03-13T10:05:37
1129,77,9009,34221142,POUPANCA,55721.8,45183.0,ATIVA,2024-09-28,2024-09-28T20:31:38
1130,86,4165,90801739,POUPANCA,140880.4,7162.2,ATIVA,2025-04-28,2025-04-28T01:17:50
1131,645,4414,84975907,PAGAMENTO,95949.61,35722.25,ATIVA,2019-09-14,2019-09-14T18:01:23
1132,664,8380,81194303,CORRENTE,61502.19,7674.57,ENCERRADA,2024-11-06,2024-11-06T00:18:44
1133,445,6209,03477563,PAGAMENTO,35243.4,13506.26,ATIVA,2026-04-24,2026-04-24T04:56:51
1134,701,8985,54597258,CORRENTE,47727.02,4448.71,INATIVA,2021-07-11,2021-07-11T09:51:48
1135,797,4477,19640031,CORRENTE,39231.13,4897.34,ENCERRADA,2026-03-25,2026-03-25T08:31:51
1136,228,6204,14093228,CORRENTE,24299.03,36416.37,ATIVA,2026-04-27,2026-04-27T03:10:52
1137,842,8022,12823237,PAGAMENTO,50707.28,28607.9,ATIVA,2022-03-01,2022-03-01T13:52:52
1138,278,9953,13296434,CORRENTE,23538.98,47325.52,ATIVA,2020-08-23,2020-08-23T07:00:56
1139,354,8712,74044122,PAGAMENTO,132008.22,20132.56,ATIVA,2021-12-13,2021-12-13T14:12:36
1140,266,0156,92161724,PAGAMENTO,106266.46,32878.15,ATIVA,2025-02-15,2025-02-15T06:39:57
1141,582,4381,07095370,PAGAMENTO,94977.01,18507.53,ATIVA,2024-12-06,2024-12-06T12:08:50
1142,695,9973,56135726,PAGAMENTO,67312.46,21948.0,ATIVA,2020-10-30,2020-10-30T13:56:34
1143,480,8229,38496284,POUPANCA,142773.99,26029.73,ATIVA,2022-01-24,2022-01-24T21:18:03
1144,946,3749,40961564,PAGAMENTO,128333.02,47372.73,ATIVA,2019-08-02,2019-08-02T02:58:37
1145,321,1477,85184863,CORRENTE,9195.71,12001.84,ATIVA,2022-10-14,2022-10-14T09:22:33
1146,590,0941,11352823,PAGAMENTO,41092.26,46479.45,ATIVA,2023-03-06,2023-03-06T14:19:49
1147,11,6947,90869840,PAGAMENTO,139697.32,6821.42,ATIVA,2025-04-17,2025-04-17T07:19:12
1148,702,8723,93668131,CORRENTE,59334.4,30814.33,INATIVA,2021-01-28,2021-01-28T07:16:17
1149,764,0120,95852943,POUPANCA,104645.24,37483.4,ATIVA,2023-12-04,2023-12-04T05:15:12
1150,757,8653,91815409,PAGAMENTO,3959.29,22432.6,ATIVA,2025-11-24,2025-11-24T22:14:29
1151,953,8578,30208194,CORRENTE,8956.16,41970.45,ATIVA,2021-02-28,2021-02-28T19:48:42
1152,976,0835,56736823,POUPANCA,55311.95,18664.18,ATIVA,2021-11-11,2021-11-11T15:23:45
1153,936,4093,72359411,CORRENTE,41734.87,24156.23,ATIVA,2023-01-20,2023-01-20T11:01:06
1154,3,9320,52830981,CORRENTE,138266.1,46455.45,BLOQUEADA,2021-03-11,2021-03-11T16:24:07
1155,528,0581,62150456,PAGAMENTO,126873.65,2874.84,ATIVA,2021-04-12,2021-04-12T13:10:00
1156,472,5383,40043947,POUPANCA,13842.52,17486.08,ATIVA,2026-06-03,2026-06-03T07:07:51
1157,412,5809,01189671,CORRENTE,63197.58,9877.22,ATIVA,2022-02-12,2022-02-12T01:38:49
1158,921,2519,55125779,CORRENTE,136749.14,345.52,ATIVA,2025-04-21,2025-04-21T00:40:11
1159,257,3705,63176108,POUPANCA,54582.19,18224.78,INATIVA,2023-12-19,2023-12-19T18:27:21
1160,550,4416,14588795,POUPANCA,97582.65,21967.84,ATIVA,2024-02-24,2024-02-24T06:34:30
1161,766,7111,00779835,POUPANCA,132245.38,35460.97,ATIVA,2024-09-15,2024-09-15T10:15:56
1162,292,0660,17942271,POUPANCA,61711.0,16560.68,ATIVA,2021-07-10,2021-07-10T02:18:40
1163,683,3261,64329884,PAGAMENTO,147396.63,5939.62,ATIVA,2021-08-04,2021-08-04T03:08:46
1164,508,2088,43605689,POUPANCA,74033.43,46178.06,ATIVA,2021-10-02,2021-10-02T20:36:47
1165,399,2154,14728085,CORRENTE,118388.73,6306.18,ATIVA,2021-05-04,2021-05-04T15:42:52
1166,14,3875,06984669,PAGAMENTO,124049.95,21483.25,ATIVA,2023-08-02,2023-08-02T17:28:02
1167,9,7117,64450416,POUPANCA,40539.06,4130.74,ATIVA,2022-09-20,2022-09-20T17:12:39
1168,633,2499,97878087,PAGAMENTO,25996.19,14056.94,ATIVA,2020-06-08,2020-06-08T19:54:03
1169,270,4053,89433359,POUPANCA,27757.9,35323.04,ATIVA,2025-11-02,2025-11-02T20:39:44
1170,718,8231,82020514,CORRENTE,26272.02,42743.6,ATIVA,2024-01-18,2024-01-18T00:41:57
1171,153,3759,16168028,CORRENTE,58695.68,13693.08,ATIVA,2022-10-22,2022-10-22T18:52:08
1172,150,6985,02370466,PAGAMENTO,27945.63,43217.51,ATIVA,2023-04-11,2023-04-11T10:49:30
1173,538,5021,93973732,PAGAMENTO,146968.96,11088.76,ATIVA,2024-10-09,2024-10-09T14:50:27
1174,63,8354,57320745,PAGAMENTO,5377.46,5502.75,ATIVA,2021-09-23,2021-09-23T16:27:42
1175,966,5752,95507403,POUPANCA,35162.72,44755.31,ATIVA,2025-10-15,2025-10-15T11:01:09
1176,1,0855,88641516,PAGAMENTO,46550.04,14265.85,ATIVA,2019-11-19,2019-11-19T02:52:18
1177,622,1651,57835430,CORRENTE,35970.11,24564.32,ATIVA,2023-11-19,2023-11-19T18:00:22
1178,115,1588,89784620,CORRENTE,101651.63,38523.18,ATIVA,2023-04-06,2023-04-06T17:19:05
1179,370,5921,99714648,PAGAMENTO,78151.46,18579.61,ATIVA,2026-03-02,2026-03-02T09:04:43
1180,216,9574,51546233,CORRENTE,132797.05,6524.27,ATIVA,2026-06-10,2026-06-10T19:32:36
1181,124,0673,78726946,PAGAMENTO,122154.9,9646.38,ATIVA,2022-08-23,2022-08-23T21:25:32
1182,102,1227,73360595,PAGAMENTO,49791.94,36267.53,ENCERRADA,2026-06-21,2026-06-21T21:10:41
1183,207,8742,96740041,CORRENTE,4181.19,9585.34,ATIVA,2022-01-05,2022-01-05T23:29:44
1184,259,9181,46619123,POUPANCA,65893.54,35866.29,INATIVA,2021-01-22,2021-01-22T06:06:27
1185,70,7911,56237787,PAGAMENTO,139528.18,25193.47,ATIVA,2021-12-25,2021-12-25T12:15:04
1186,614,4492,93510327,CORRENTE,41672.59,47790.15,ATIVA,2021-09-07,2021-09-07T04:20:12
1187,996,3117,99417111,POUPANCA,72991.45,26623.49,ATIVA,2025-10-02,2025-10-02T10:07:01
1188,77,2712,58753132,PAGAMENTO,56082.94,38968.61,ATIVA,2024-05-06,2024-05-06T10:08:11
1189,279,3391,24704967,CORRENTE,21900.47,10890.39,ATIVA,2021-01-24,2021-01-24T22:46:09
1190,901,8402,61128255,PAGAMENTO,105432.49,26253.66,ATIVA,2022-10-30,2022-10-30T11:03:08
1191,226,4856,95060338,POUPANCA,81703.02,8555.45,ATIVA,2024-11-03,2024-11-03T06:00:15
1192,244,4782,05246662,PAGAMENTO,20091.27,44180.12,INATIVA,2020-09-13,2020-09-13T05:09:20
1193,277,0845,86223230,CORRENTE,148404.28,10498.62,ATIVA,2024-04-13,2024-04-13T00:17:29
1194,665,5693,84917259,PAGAMENTO,145763.34,16228.09,BLOQUEADA,2022-05-15,2022-05-15T20:16:44
1195,906,9000,35438605,PAGAMENTO,17875.77,44916.79,ATIVA,2022-06-27,2022-06-27T13:59:56
1196,59,0171,47712142,CORRENTE,108897.69,13984.49,ATIVA,2019-09-28,2019-09-28T23:36:16
1197,17,8805,88223674,PAGAMENTO,13732.52,37288.49,ATIVA,2023-05-23,2023-05-23T15:55:51
1198,670,4217,84051120,PAGAMENTO,89662.11,10307.95,ATIVA,2021-11-08,2021-11-08T00:07:44
1199,333,4404,27369496,PAGAMENTO,93544.6,42911.07,ATIVA,2021-04-20,2021-04-20T17:19:27
1200,457,3797,97953696,PAGAMENTO,63670.29,7416.71,ATIVA,2022-06-16,2022-06-16T17:03:01
